tweet_id,date,year,month,tweet_text,sentiment_text,text_clean,word_count,topics,sentiment_negative,sentiment_neutral,sentiment_positive,sentiment_score,model_confidence,sentiment
1363458197957263361,2021-02-21,2021,2021-02,The reason why Mihrimah made me proud of her is to have chased Şah Sultan out of the palace and given her a worthy lesson⭐ {{USERNAME}},The reason why Mihrimah made me proud of her is to have chased Şah Sultan out of the palace and given her a worthy lesson⭐ @user,the reason why mihrimah made me proud of her is to have chased ah sultan out of the palace and given her a worthy lesson,25,Arts & Culture|News & Social Concern,0.0069959797,0.07974875,0.91325533,0.90625936,0.91325533,Positive
1193676562584883200,2019-11-10,2019,2019-11,"Ok. Great game, great effort, we are all very proud....now what do we want. Higher pick or insignificant win over the Colts nobody will remember in 1 year? {@Travis Wingfield@}","Ok. Great game, great effort, we are all very proud....now what do we want. Higher pick or insignificant win over the Colts nobody will remember in 1 year? @user",ok great game great effort we are all very proud now what do we want higher pick or insignificant win over the colts nobody will remember in year,28,Sports,0.010994461,0.06193856,0.927067,0.91607255,0.927067,Positive
1193649311290200064,2019-11-10,2019,2019-11,Curious as to why rui diaz is wearing a sports bra in the mls cup final {{USERNAME}} {@Sid Seixeiro@},Curious as to why rui diaz is wearing a sports bra in the mls cup final @user @user,curious as to why rui diaz is wearing a sports bra in the mls cup final,16,Fitness & Health|Sports,0.07603606,0.8966219,0.027342046,-0.048694015,0.8966219,Neutral
1258939264550699008,2020-05-09,2020,2020-05,Alex Newell Celebrates Moms in ‘Mama Told Me’ Music Video {{URL}} via {@JustJared com@} {@ADAM LAMBERT@} and his mom,Alex Newell Celebrates Moms in ‘Mama Told Me’ Music Video http via @user @user and his mom,alex newell celebrates moms in mama told me music video via and his mom,14,Celebrity & Pop Culture|Family|Music,0.001806441,0.20518751,0.793006,0.79119956,0.793006,Positive
1299979920035262465,2020-08-30,2020,2020-08,Brand new interview with Cuban Pete on {{USERNAME}} from last night/this morning {{URL}},Brand new interview with Cuban Pete on @user from last night/this morning http,brand new interview with cuban pete on from last night this morning,12,Celebrity & Pop Culture|Film Tv & Video,0.0030860407,0.8717214,0.12519254,0.1221065,0.8717214,Neutral
1310123721626128385,2020-09-27,2020,2020-09,"rap line shading the guys who broke their hearts & then, vocal line coming through slapping us with emotions in Love sick girls . {@BLACKPINKOFFICIAL@}","rap line shading the guys who broke their hearts & then, vocal line coming through slapping us with emotions in Love sick girls . @user",rap line shading the guys who broke their hearts then vocal line coming through slapping us with emotions in love sick girls,22,Music,0.8255518,0.16315787,0.011290263,-0.81426156,0.8255518,Negative
1198292230156374016,2019-11-23,2019,2019-11,"Hi {@Maldivian@} , a 2 hour delay can t be accepted. {{USERNAME}} men kon sakaraathehtha thijahanee?","Hi @user , a 2 hour delay can t be accepted. @user men kon sakaraathehtha thijahanee?",hi a hour delay can t be accepted men kon sakaraathehtha thijahanee,12,Travel & Adventure,0.84690315,0.14744593,0.005650901,-0.84125227,0.84690315,Negative
1271108280018964483,2020-06-11,2020,2020-06,Check out {@Broadcast Music Inc@} ’s 2020 #PridePlaylist featuring #BMIFamily {@Arlo Parks@} {@samsmith@} {@MIKA@} {@Elton John@} {@YUNGBLUD s a FLEABAG@} {@Bebe Rexha@} {@Todrick Hall@} #PrincessNokia ️‍ Happy Pride Month! {{URL}},Check out @user ’s 2020 #PridePlaylist featuring #BMIFamily @user @user @user @user @user @user @user #PrincessNokia ️‍ Happy Pride Month! http,check out s prideplaylist featuring bmifamily princessnokia happy pride month,10,Celebrity & Pop Culture|Music|News & Social Concern,0.0012623232,0.02202793,0.9767097,0.9754474,0.9767097,Positive
1241695124461170689,2020-03-22,2020,2020-03,. {{USERNAME}} Caller reports that a car pulled up to the drive thru at Springhill Liquors and a male got out of car and started urinating and walked around the car urinating on it.,. @user Caller reports that a car pulled up to the drive thru at Springhill Liquors and a male got out of car and started urinating and walked around the car urinating on it.,caller reports that a car pulled up to the drive thru at springhill liquors and a male got out of car and started urinating and walked around the car urinating on it,32,News & Social Concern,0.2467869,0.7393135,0.013899608,-0.2328873,0.7393135,Neutral
1249483580297920513,2020-04-12,2020,2020-04,I’m watching Jesus Christ Superstar virtually with {{USERNAME}} {{USERNAME}} and our parents and our group chat is LIT,I’m watching Jesus Christ Superstar virtually with @user @user and our parents and our group chat is LIT,i m watching jesus christ superstar virtually with and our parents and our group chat is lit,17,Film Tv & Video,0.0022173412,0.044210527,0.9535721,0.95135474,0.9535721,Positive
1195944195518648321,2019-11-17,2019,2019-11,watermelon sugar makes me feel like i belong on the beach in the 80s playing volleyball and jamming out with my friends. i love it S O much. thank u for this gem. {@Harry Styles@} kiwi truly did walk. #HarryOnSNL,watermelon sugar makes me feel like i belong on the beach in the 80s playing volleyball and jamming out with my friends. i love it S O much. thank u for this gem. @user kiwi truly did walk. #HarryOnSNL,watermelon sugar makes me feel like i belong on the beach in the s playing volleyball and jamming out with my friends i love it s o much thank u for this gem kiwi truly did walk harryonsnl,38,Celebrity & Pop Culture|Film Tv & Video|Music,0.0036075008,0.011509654,0.9848829,0.9812754,0.9848829,Positive
1170758591818665984,2019-09-08,2019,2019-09,100 photos from Women s 3-nations final game – in Salo. {{URL}} #floorball #salibandy {{USERNAME}} {{USERNAME}},100 photos from Women s 3-nations final game – in Salo. http #floorball #salibandy @user @user,photos from women s nations final game in salo floorball salibandy,11,Sports,0.0044991504,0.8914863,0.104014546,0.09951539,0.8914863,Neutral
1218821656187219968,2020-01-19,2020,2020-01,"The world would pay millions to watch connor mcgregor fight a peacock. Why don’t they put him in there with a real fighter? The lady driller, the dancing thriller, the keyboard twitter killer, steeeeevveee steeeeeel. {{USERNAME}}","The world would pay millions to watch connor mcgregor fight a peacock. Why don’t they put him in there with a real fighter? The lady driller, the dancing thriller, the keyboard twitter killer, steeeeevveee steeeeeel. @user",the world would pay millions to watch connor mcgregor fight a peacock why don t they put him in there with a real fighter the lady driller the dancing thriller the keyboard twitter killer steeeeevveee steeeeeel,36,Celebrity & Pop Culture|Sports,0.36725795,0.47533256,0.1574095,-0.20984845,0.47533256,Neutral
1406610608464728065,2021-06-20,2021,2021-06,Happy Father’s Day to my baby daddy {@BTS_twt@} Taehyung! The kids got you gifts come home,Happy Father’s Day to my baby daddy @user Taehyung! The kids got you gifts come home,happy father s day to my baby daddy taehyung the kids got you gifts come home,16,Diaries & Daily Life|Family|Relationships,0.0020459208,0.008467395,0.9894867,0.98744076,0.9894867,Positive
1290074801726349312,2020-08-02,2020,2020-08,I noticed today in store {@Asda@} that all of the social distancing markers on the floors have been removed. Just in time for the second wave,I noticed today in store @user that all of the social distancing markers on the floors have been removed. Just in time for the second wave,i noticed today in store that all of the social distancing markers on the floors have been removed just in time for the second wave,25,Business & Entrepreneurs|Diaries & Daily Life|News & Social Concern,0.20871273,0.69650507,0.09478224,-0.113930486,0.69650507,Neutral
1211375549450461184,2019-12-29,2019,2019-12,I love this song The size of Wales off this new album by {{USERNAME}} {{URL}},I love this song The size of Wales off this new album by @user http,i love this song the size of wales off this new album by,13,Music,0.0017198657,0.009181855,0.9890983,0.9873784,0.9890983,Positive
1221311284202876929,2020-01-26,2020,2020-01,Check out what I just listed on Mercari. Tap the link to sign up and get $10 off. ⁦ {@Official Hobby Lobby@} ⁩ {{USERNAME}} #hobbylobby #mercari #print #prints #frames #decor #homedecor #resale {{URL}},Check out what I just listed on Mercari. Tap the link to sign up and get $10 off. ⁦ @user ⁩ @user #hobbylobby #mercari #print #prints #frames #decor #homedecor #resale http,check out what i just listed on mercari tap the link to sign up and get off hobbylobby mercari print prints frames decor homedecor resale,25,Business & Entrepreneurs,0.0031751452,0.35302123,0.6438036,0.64062846,0.6438036,Positive
1272455332170567684,2020-06-15,2020,2020-06,chanyeol i love youuuu #LSHftPCY_Regards #6시_이선희_찬열_안부 #CHANYEOL #찬열 {@EXO@},chanyeol i love youuuu #LSHftPCY_Regards #6시_이선희_찬열_안부 #CHANYEOL #찬열 @user,chanyeol i love youuuu lshftpcy regards chanyeol,7,Relationships,0.0046125324,0.07105006,0.92433745,0.91972494,0.92433745,Positive
1300130425948581889,2020-08-30,2020,2020-08,"￼Morning jog, going up the wall, migraines are being returned back home￼ {{URL}} via {@facebookwatch@}","￼Morning jog, going up the wall, migraines are being returned back home￼ http via @user",morning jog going up the wall migraines are being returned back home via,13,Diaries & Daily Life,0.37113458,0.59549826,0.033367157,-0.33776742,0.59549826,Neutral
1340536013475725312,2020-12-20,2020,2020-12,Gallagher may aswell have a 3rd pop...let’s see him in with a bigger banger {@Callum CJ Johnson@},Gallagher may aswell have a 3rd pop...let’s see him in with a bigger banger @user,gallagher may aswell have a rd pop let s see him in with a bigger banger,16,Celebrity & Pop Culture,0.013806802,0.3212296,0.6649636,0.6511568,0.6649636,Positive
1183375800718057472,2019-10-13,2019,2019-10,Oh my god. Teddy from {@Brooklyn Nine Nine@} is in Breaking Bad. Amy and Jake had the AUDACITY to call him boring?!,Oh my god. Teddy from @user is in Breaking Bad. Amy and Jake had the AUDACITY to call him boring?!,oh my god teddy from is in breaking bad amy and jake had the audacity to call him boring,19,Film Tv & Video,0.8457611,0.13146298,0.022775907,-0.82298523,0.8457611,Negative
1344794442222469120,2020-12-31,2020,2020-12,Happy New Year to {@MOUZ@} really love you {@ropz@} {@Chris de Jong@} {@karrigan@} {@Bymas@} {@David eransk@},Happy New Year to @user really love you @user @user @user @user @user,happy new year to really love you,7,Diaries & Daily Life|Relationships,0.0031850135,0.007926681,0.9888883,0.9857033,0.9888883,Positive
1198497005116567553,2019-11-24,2019,2019-11,Harry Styles Features an Ex-Girlfriend’s Voice On His New Album {{URL}} via {@Just Jared Jr@},Harry Styles Features an Ex-Girlfriend’s Voice On His New Album http via @user,harry styles features an ex girlfriend s voice on his new album via,13,Celebrity & Pop Culture|Music,0.0026609015,0.868551,0.12878807,0.12612717,0.868551,Neutral
1241574778282160131,2020-03-22,2020,2020-03,Southern Connecticut State University Students : Pass/fail for the semester - Sign the Petition! {{URL}} via {@Change org@},Southern Connecticut State University Students : Pass/fail for the semester - Sign the Petition! http via @user,southern connecticut state university students pass fail for the semester sign the petition via,14,Learning & Educational|News & Social Concern|Youth & Student Life,0.21767205,0.73541445,0.046913497,-0.17075855,0.73541445,Neutral
1295113100618735617,2020-08-16,2020,2020-08,Hoping to get some books to put into a rotation for my students during Distance Learning. #ClearTheList #MagentaMagic {@T Mobile@} {{URL}},Hoping to get some books to put into a rotation for my students during Distance Learning. #ClearTheList #MagentaMagic @user http,hoping to get some books to put into a rotation for my students during distance learning clearthelist magentamagic,18,Learning & Educational|Youth & Student Life,0.0025818616,0.20516568,0.7922524,0.7896706,0.7922524,Positive
1381121561172848640,2021-04-11,2021,2021-04,Ouch. The Nets really gonna have to look at tape and figure out how they got 20-pieced by the {@Los Angeles Lakers@},Ouch. The Nets really gonna have to look at tape and figure out how they got 20-pieced by the @user,ouch the nets really gonna have to look at tape and figure out how they got pieced by the,19,Sports,0.83690095,0.15517572,0.007923384,-0.8289776,0.83690095,Negative
1353944936333287425,2021-01-26,2021,2021-01,The second in what is destined to a classic sci-fi trilogy: The Trials of Koli by {{USERNAME}} . #bookreviews {{URL}},The second in what is destined to a classic sci-fi trilogy: The Trials of Koli by @user . #bookreviews http,the second in what is destined to a classic sci fi trilogy the trials of koli by bookreviews,18,Science & Technology,0.00333427,0.5947381,0.40192756,0.39859328,0.5947381,Neutral
1180812730602799107,2019-10-06,2019,2019-10,"“In 1919, Sylvia Beach sent a telegram to her mother in America: ‘Opening bookshop in Paris. Please send money.’“ That bookstore became the famed {{USERNAME}} . (Read “The Patron Saint of Bookstores” {{URL}}","“In 1919, Sylvia Beach sent a telegram to her mother in America: ‘Opening bookshop in Paris. Please send money.’“ That bookstore became the famed @user . (Read “The Patron Saint of Bookstores” http",in sylvia beach sent a telegram to her mother in america opening bookshop in paris please send money that bookstore became the famed read the patron saint of bookstores,29,Arts & Culture|Learning & Educational|News & Social Concern,0.0049632923,0.7152329,0.27980372,0.27484044,0.7152329,Neutral
1358262896858329088,2021-02-07,2021,2021-02,I need a Bad Bunny and Jhay Cortez album together ASAP {@sanbenito@} {@JHAYCO@},I need a Bad Bunny and Jhay Cortez album together ASAP @user @user,i need a bad bunny and jhay cortez album together asap,11,Celebrity & Pop Culture|Film Tv & Video|Music,0.016139392,0.5513482,0.4325124,0.416373,0.5513482,Neutral
1386194753419714560,2021-04-25,2021,2021-04,I feel so sorry to hear about your sickness and how I cannot visit you! Sending you lots of love and blissful wishes for you to recover as soon as possible! I want to see you active and joyful like you always are.Get well soon {@dilipkpandey@} {@AAP Mumbai@} {@AAP@} {@Swara Bhasker@},I feel so sorry to hear about your sickness and how I cannot visit you! Sending you lots of love and blissful wishes for you to recover as soon as possible! I want to see you active and joyful like you always are.Get well soon @user @user @user @user,i feel so sorry to hear about your sickness and how i cannot visit you sending you lots of love and blissful wishes for you to recover as soon as possible i want to see you active and joyful like you always are get well soon,46,Diaries & Daily Life,0.12688948,0.15332383,0.7197867,0.59289724,0.7197867,Positive
1203795920959066112,2019-12-08,2019,2019-12,JTM came to our ward today and {{USERNAME}} didn’t believe me and I was like excuse me is he in your Spotify Wrapped top 5 or mine,JTM came to our ward today and @user didn’t believe me and I was like excuse me is he in your Spotify Wrapped top 5 or mine,jtm came to our ward today and didn t believe me and i was like excuse me is he in your spotify wrapped top or mine,26,Music,0.37248477,0.5933323,0.0341829,-0.33830187,0.5933323,Neutral
1193676871558410241,2019-11-10,2019,2019-11,Remember how amazing {@Jason Donovan@} was on Strictly? His Tango is one of my all time faves {{URL}},Remember how amazing @user was on Strictly? His Tango is one of my all time faves http,remember how amazing was on strictly his tango is one of my all time faves,15,Celebrity & Pop Culture|Film Tv & Video,0.002268291,0.007887945,0.9898437,0.9875754,0.9898437,Positive
1287235994131894272,2020-07-26,2020,2020-07,The key to being happy is knowing you have the power to choose what to accept and what to let go. {{USERNAME}} DJLOONYO AOSStayHomeParty,The key to being happy is knowing you have the power to choose what to accept and what to let go. @user DJLOONYO AOSStayHomeParty,the key to being happy is knowing you have the power to choose what to accept and what to let go djloonyo aosstayhomeparty,23,Diaries & Daily Life|Relationships,0.0052493713,0.1104591,0.8842915,0.87904215,0.8842915,Positive
1193646965067632640,2019-11-10,2019,2019-11,"Remember this {@Lindsey Graham@} ? Too bad you dont. This guy would have been semi-fair to America. The person you are now is unrecognizable. I cant believe you are SELLING OUT ALL 323 MILLION American Citizens for a corrupt con man that wants nothing more than to RULE, not LEAD.","Remember this @user ? Too bad you dont. This guy would have been semi-fair to America. The person you are now is unrecognizable. I cant believe you are SELLING OUT ALL 323 MILLION American Citizens for a corrupt con man that wants nothing more than to RULE, not LEAD.",remember this too bad you dont this guy would have been semi fair to america the person you are now is unrecognizable i cant believe you are selling out all million american citizens for a corrupt con man that wants nothing more than to rule not lead,47,News & Social Concern,0.94693476,0.048112467,0.00495274,-0.94198203,0.94693476,Negative
1252502019497177088,2020-04-21,2020,2020-04,"The front that brought some overnight rain is out, and the coolest air out of the next seven days is moving into Indiana. Check with {@Chuck Lofton@} on #13Sunrise for the full forecast. {{URL}}","The front that brought some overnight rain is out, and the coolest air out of the next seven days is moving into Indiana. Check with @user on #13Sunrise for the full forecast. http",the front that brought some overnight rain is out and the coolest air out of the next seven days is moving into indiana check with on sunrise for the full forecast,31,News & Social Concern,0.017327126,0.83038056,0.15229234,0.13496521,0.83038056,Neutral
1226594568679968775,2020-02-09,2020,2020-02,shoutout to {{USERNAME}} for being literally the only person on this app live tweeting the xfl like it’s game 7 of the finals,shoutout to @user for being literally the only person on this app live tweeting the xfl like it’s game 7 of the finals,shoutout to for being literally the only person on this app live tweeting the xfl like it s game of the finals,22,Sports,0.008123617,0.1252337,0.86664265,0.858519,0.86664265,Positive
1213760271698792449,2020-01-05,2020,2020-01,"A lot of fun to be had at the first league game {@Hallam FC@} since mid-October, if not quite the right result. Hallam were much better than the rather vague memories of previous home games - their front 3 causing problems from the start.... {{URL}}","A lot of fun to be had at the first league game @user since mid-October, if not quite the right result. Hallam were much better than the rather vague memories of previous home games - their front 3 causing problems from the start.... http",a lot of fun to be had at the first league game since mid october if not quite the right result hallam were much better than the rather vague memories of previous home games their front causing problems from the start,41,Gaming|Sports,0.006948439,0.03460662,0.9584449,0.9514965,0.9584449,Positive
1231638967059189760,2020-02-23,2020,2020-02,"The Pakistan Cricket Board (PCB) has launched a campaign, Hamaray Heroes, to honour the country s unsung heroes who ve done plenty to make the country s flag fly high around the world. Weldon {@PCB Media@}","The Pakistan Cricket Board (PCB) has launched a campaign, Hamaray Heroes, to honour the country s unsung heroes who ve done plenty to make the country s flag fly high around the world. Weldon @user",the pakistan cricket board pcb has launched a campaign hamaray heroes to honour the country s unsung heroes who ve done plenty to make the country s flag fly high around the world weldon,34,Sports,0.002442604,0.112755015,0.8848024,0.8823598,0.8848024,Positive
1203485567998210049,2019-12-08,2019,2019-12,Yeah boi... {{USERNAME}} he did it.... Anthony Joshua defeats Andy Ruiz Jr to regain world heavyweight title glory | Boxing News | Sky Sports {{URL}},Yeah boi... @user he did it.... Anthony Joshua defeats Andy Ruiz Jr to regain world heavyweight title glory | Boxing News | Sky Sports http,yeah boi he did it anthony joshua defeats andy ruiz jr to regain world heavyweight title glory boxing news sky sports,21,News & Social Concern|Sports,0.002259293,0.18517698,0.8125637,0.8103044,0.8125637,Positive
1358232233299963904,2021-02-07,2021,2021-02,"Watching {@Pat McAfee@} talk about the Super Bowl kickoff touchback bet he just said {@Bradley Pinion@} doesn’t have what it takes to kick a touch back. You messed up pat, Bradley gonna send that thang to Mars","Watching @user talk about the Super Bowl kickoff touchback bet he just said @user doesn’t have what it takes to kick a touch back. You messed up pat, Bradley gonna send that thang to Mars",watching talk about the super bowl kickoff touchback bet he just said doesn t have what it takes to kick a touch back you messed up pat bradley gonna send that thang to mars,34,Sports,0.820243,0.16591246,0.013844578,-0.80639845,0.820243,Negative
1180935713375887365,2019-10-06,2019,2019-10,The {@Buffalo Bills@} wins even with the refs against us. That shows you how good this team really is.,The @user wins even with the refs against us. That shows you how good this team really is.,the wins even with the refs against us that shows you how good this team really is,17,Sports,0.0053875153,0.030750018,0.9638625,0.95847493,0.9638625,Positive
1284936000209334285,2020-07-19,2020,2020-07,Happy National Ice Cream Day! Celebrate with a healthy and digestible alternative to ice cream for your pup! {{USERNAME}} frozen yogurt is a cool treat for a hot day or any day! . . . #waglocal #shoplocal… {{URL}},Happy National Ice Cream Day! Celebrate with a healthy and digestible alternative to ice cream for your pup! @user frozen yogurt is a cool treat for a hot day or any day! . . . #waglocal #shoplocal… http,happy national ice cream day celebrate with a healthy and digestible alternative to ice cream for your pup frozen yogurt is a cool treat for a hot day or any day waglocal shoplocal,33,Food & Dining|News & Social Concern,0.0015812126,0.011892449,0.9865263,0.9849451,0.9865263,Positive
1310367822799831042,2020-09-27,2020,2020-09,"When the jungle was open, I rolled in with the riders Stole food from the bears, and brought it back to the lions Hold court with the apes, I m a gorilla but lighter Got the eye of a tiger, the heart of a fighter - {@Lil Wayne WEEZY F@} - Tha Mobb #LilWayne #bars #rap","When the jungle was open, I rolled in with the riders Stole food from the bears, and brought it back to the lions Hold court with the apes, I m a gorilla but lighter Got the eye of a tiger, the heart of a fighter - @user - Tha Mobb #LilWayne #bars #rap",when the jungle was open i rolled in with the riders stole food from the bears and brought it back to the lions hold court with the apes i m a gorilla but lighter got the eye of a tiger the heart of a fighter tha mobb lilwayne bars rap,50,Music,0.033464473,0.80495244,0.16158311,0.12811863,0.80495244,Neutral
1200502900243468291,2019-11-29,2019,2019-11,4 hour delay on the way to atl and 25 minute delay sitting waiting for the grounds crew on the way back. Wonderful traveling this holiday season {{USERNAME}} {@Delta@} #3kids #allthegerms,4 hour delay on the way to atl and 25 minute delay sitting waiting for the grounds crew on the way back. Wonderful traveling this holiday season @user @user #3kids #allthegerms,hour delay on the way to atl and minute delay sitting waiting for the grounds crew on the way back wonderful traveling this holiday season kids allthegerms,27,Diaries & Daily Life|Travel & Adventure,0.069179796,0.26814964,0.6626706,0.59349084,0.6626706,Positive
1243384590699384839,2020-03-27,2020,2020-03,Kenny Rodgers - The Greatest {{URL}} via {@YouTube@} Almost forgot it was suppose to be Opening Day...this ones for Kenny.,Kenny Rodgers - The Greatest http via @user Almost forgot it was suppose to be Opening Day...this ones for Kenny.,kenny rodgers the greatest via almost forgot it was suppose to be opening day this ones for kenny,18,Celebrity & Pop Culture,0.033833522,0.41204867,0.55411774,0.52028424,0.55411774,Positive
1279806584319852544,2020-07-05,2020,2020-07,"Both Royce West and MJ Hegar were on {@Khambrel Marshall@} this morning. Both great candidates, no matter who wins this upcoming run off we can win this November. We just need to come together QUICKLY and make it happen #turntexasblue #FlipTheSenateBlue","Both Royce West and MJ Hegar were on @user this morning. Both great candidates, no matter who wins this upcoming run off we can win this November. We just need to come together QUICKLY and make it happen #turntexasblue #FlipTheSenateBlue",both royce west and mj hegar were on this morning both great candidates no matter who wins this upcoming run off we can win this november we just need to come together quickly and make it happen turntexasblue flipthesenateblue,39,News & Social Concern,0.0050694467,0.032669045,0.9622615,0.95719206,0.9622615,Positive
1400963831720038400,2021-06-04,2021,2021-06,Saw a guy in our parking lot with a {@MrBeast@} sweatshirt on. 1 - dude it’s hot outside 2 - now I have the theme song stuck in my head,Saw a guy in our parking lot with a @user sweatshirt on. 1 - dude it’s hot outside 2 - now I have the theme song stuck in my head,saw a guy in our parking lot with a sweatshirt on dude it s hot outside now i have the theme song stuck in my head,26,Celebrity & Pop Culture|Music,0.045857705,0.55285,0.4012923,0.3554346,0.55285,Neutral
1213851190628237312,2020-01-05,2020,2020-01,"Dear {@Doctor Who Flux@} - I won t retweet you so I don t spoil anyone else, but could you please PLEASE not post major, epic, show-changing spoilers before everyone has had a chance to see it? Many US viewers without cable are looking forward to seeing Spyfall in theaters later today!","Dear @user - I won t retweet you so I don t spoil anyone else, but could you please PLEASE not post major, epic, show-changing spoilers before everyone has had a chance to see it? Many US viewers without cable are looking forward to seeing Spyfall in theaters later today!",dear i won t retweet you so i don t spoil anyone else but could you please please not post major epic show changing spoilers before everyone has had a chance to see it many us viewers without cable are looking forward to seeing spyfall in theaters later today,49,Film Tv & Video,0.07855528,0.33364034,0.5878044,0.5092491,0.5878044,Positive
1241695820430413826,2020-03-22,2020,2020-03,Next up Ralph Breaks the internet which in its final throws made me wish my internet was broken! Available now on NOWTV. My ★★½ review of Ralph Breaks the Internet (2018) on {@Letterboxd@} : {{URL}},Next up Ralph Breaks the internet which in its final throws made me wish my internet was broken! Available now on NOWTV. My ★★½ review of Ralph Breaks the Internet (2018) on @user : http,next up ralph breaks the internet which in its final throws made me wish my internet was broken available now on nowtv my review of ralph breaks the internet on,30,Film Tv & Video,0.21332134,0.44997284,0.33670583,0.12338449,0.44997284,Neutral
1264586812359663621,2020-05-24,2020,2020-05,"Happy Eid mubarak to all our Muslim brothers and sisters ‍♀️ allah bless us all today and years to come from {{USERNAME}} ..... @ Accra, Ghana {{URL}}","Happy Eid mubarak to all our Muslim brothers and sisters ‍♀️ allah bless us all today and years to come from @user ..... @ Accra, Ghana http",happy eid mubarak to all our muslim brothers and sisters allah bless us all today and years to come from accra ghana,22,Arts & Culture|Diaries & Daily Life|Family|Relationships,0.002079736,0.01728265,0.98063755,0.9785578,0.98063755,Positive
1416877109734150146,2021-07-18,2021,2021-07,Current updated run on the {{USERNAME}} Kokrak 45/1 win (CSC) Armitage 66/1 win (PEO) Higgo 50/1 (Palmetto) Guido 225/1 place (US Open) Harman 30/1 place (Trav) Power 80/1 place (RMC) Lebioda 50/1 place (JDC) Scheffler 45/1 place (The Open) Macintyre 55/1 place (The Open),Current updated run on the @user Kokrak 45/1 win (CSC) Armitage 66/1 win (PEO) Higgo 50/1 (Palmetto) Guido 225/1 place (US Open) Harman 30/1 place (Trav) Power 80/1 place (RMC) Lebioda 50/1 place (JDC) Scheffler 45/1 place (The Open) Macintyre 55/1 place (The Open),current updated run on the kokrak win csc armitage win peo higgo palmetto guido place us open harman place trav power place rmc lebioda place jdc scheffler place the open macintyre place the open,34,Sports,0.0059716194,0.87618095,0.11784744,0.111875825,0.87618095,Neutral
1342348703068270593,2020-12-25,2020,2020-12,"middle school me used to listen to february air on repeat by {@Lights@} in 2008, so listening to this new song with her and {@ILLENIUM@} (who is has been repeat for me for the last 4 years and will continue to be) puts me on a new level ❤️","middle school me used to listen to february air on repeat by @user in 2008, so listening to this new song with her and @user (who is has been repeat for me for the last 4 years and will continue to be) puts me on a new level ❤️",middle school me used to listen to february air on repeat by in so listening to this new song with her and who is has been repeat for me for the last years and will continue to be puts me on a new level,44,Music,0.0019363294,0.032796036,0.9652676,0.9633313,0.9652676,Positive
1222910508073795585,2020-01-30,2020,2020-01,I am SO STOKED!! I will be working the sidelines with {@Ron Capps@} carrying a parabolic microphone for San Francisco radio station KNBR {@KNBR@} during Sunday s game between the 49ers and the Kansas City Chiefs.,I am SO STOKED!! I will be working the sidelines with @user carrying a parabolic microphone for San Francisco radio station KNBR @user during Sunday s game between the 49ers and the Kansas City Chiefs.,i am so stoked i will be working the sidelines with carrying a parabolic microphone for san francisco radio station knbr during sunday s game between the ers and the kansas city chiefs,33,Sports,0.0016208732,0.051410783,0.94696844,0.94534755,0.94696844,Positive
1335463124212670468,2020-12-06,2020,2020-12,I just got result Eren Jaeger! on quiz Which Attack on Titan (or Shingeki no Kyojin) Character are you? . What will you get? {{URL}} via {{USERNAME}},I just got result Eren Jaeger! on quiz Which Attack on Titan (or Shingeki no Kyojin) Character are you? . What will you get? http via @user,i just got result eren jaeger on quiz which attack on titan or shingeki no kyojin character are you what will you get via,24,Film Tv & Video,0.0056197257,0.8584596,0.13592069,0.13030097,0.8584596,Neutral
1273910756912893954,2020-06-19,2020,2020-06,The Jesse Lee Peterson Show: GIOYC Friday!; Mr. President... Do You Know What Juneteenth Means? 6/12/20 (part 1 of 2) {@Jesse Lee Peterson@} {{URL}} #Amazing {{URL}},The Jesse Lee Peterson Show: GIOYC Friday!; Mr. President... Do You Know What Juneteenth Means? 6/12/20 (part 1 of 2) @user http #Amazing http,the jesse lee peterson show gioyc friday mr president do you know what juneteenth means part of amazing,18,News & Social Concern,0.0036466925,0.2797207,0.7166326,0.71298593,0.7166326,Positive
1256793990051045382,2020-05-03,2020,2020-05,Filmmaker Jailed Over Music Video That Mocked Egypt s Presid.. WSJ - News - Noticia - Bitcoin - CryptoCurrency - Forex - {{USERNAME}} > {{URL}},Filmmaker Jailed Over Music Video That Mocked Egypt s Presid.. WSJ - News - Noticia - Bitcoin - CryptoCurrency - Forex - @user > http,filmmaker jailed over music video that mocked egypt s presid wsj news noticia bitcoin cryptocurrency forex,16,Film Tv & Video|Music|News & Social Concern,0.27715534,0.70740837,0.01543628,-0.26171905,0.70740837,Neutral
1180782000426369024,2019-10-06,2019,2019-10,Globus was really nice Friday at tresorberlin . Such a nice inspiration to hear #moritzvonoswald play and blend classic and new Techno tracks. Really good to reconnect with the legendary {@Herr Alterschinken@} and with… {{URL}},Globus was really nice Friday at tresorberlin . Such a nice inspiration to hear #moritzvonoswald play and blend classic and new Techno tracks. Really good to reconnect with the legendary @user and with… http,globus was really nice friday at tresorberlin such a nice inspiration to hear moritzvonoswald play and blend classic and new techno tracks really good to reconnect with the legendary and with,31,Music,0.0018023276,0.009967063,0.9882306,0.98642826,0.9882306,Positive
1183466927026573318,2019-10-13,2019,2019-10,"Why associate no bra with breast cancer awareness , does wearing bra predispose women to breast cancer {{USERNAME}}","Why associate no bra with breast cancer awareness , does wearing bra predispose women to breast cancer @user",why associate no bra with breast cancer awareness does wearing bra predispose women to breast cancer,16,Diaries & Daily Life|Fitness & Health|News & Social Concern,0.60529023,0.3815976,0.013112165,-0.59217805,0.60529023,Negative
1312813648960786434,2020-10-04,2020,2020-10,Iowa State returns to Amway Coaches-USA Today football poll {{URL}} via {@Des Moines Register@},Iowa State returns to Amway Coaches-USA Today football poll http via @user,iowa state returns to amway coaches usa today football poll via,11,Sports,0.008287666,0.9576665,0.03404585,0.025758183,0.9576665,Neutral
1198498335688155136,2019-11-24,2019,2019-11,Harry Styles Says Zayn Malik Leaving One Direction Made The Guys Become Even Closer {{URL}} via {@Just Jared Jr@},Harry Styles Says Zayn Malik Leaving One Direction Made The Guys Become Even Closer http via @user,harry styles says zayn malik leaving one direction made the guys become even closer via,15,Celebrity & Pop Culture|Music,0.0066976803,0.94448787,0.04881443,0.04211675,0.94448787,Neutral
1175770383288623104,2019-09-22,2019,2019-09,#Quinnipiac field hockey takes on Vermont in an out-of-conference matchup this afternoon. They fell short their last time out against UConn. For more on that game (via {{USERNAME}} and {{USERNAME}} ) ➡️ {{URL}},#Quinnipiac field hockey takes on Vermont in an out-of-conference matchup this afternoon. They fell short their last time out against UConn. For more on that game (via @user and @user ) ➡️ http,quinnipiac field hockey takes on vermont in an out of conference matchup this afternoon they fell short their last time out against uconn for more on that game via and,30,Sports,0.11110912,0.86852825,0.020362616,-0.09074651,0.86852825,Neutral
1196900052180058112,2019-11-19,2019,2019-11,"CSB Pod – Myles Garrett s suspension, the Browns playoff chances and more {{URL}} via {@92 3 The Fan@}","CSB Pod – Myles Garrett s suspension, the Browns playoff chances and more http via @user",csb pod myles garrett s suspension the browns playoff chances and more via,13,Sports,0.03722826,0.9431233,0.019648531,-0.017579729,0.9431233,Neutral
1282340176342028289,2020-07-12,2020,2020-07,Dana White reacts to Paige VanZant’s submission loss at UFC 251: “She should definitely test free agency” {{URL}} via {@bjpenndotcom@},Dana White reacts to Paige VanZant’s submission loss at UFC 251: “She should definitely test free agency” http via @user,dana white reacts to paige vanzant s submission loss at ufc she should definitely test free agency via,18,Sports,0.015631413,0.9235217,0.06084683,0.04521542,0.9235217,Neutral
1381149981139144705,2021-04-11,2021,2021-04,Photo: Betting Agreement Between Real Madrid And Barcelona Supporter To Provide Lunch For 3 Months To Losser Of EL Classico Match Drops Online {{URL}} {@Real Madrid C F@} {@FC Barcelona@} Kasoa Efya Godzilla Satan Nigeria,Photo: Betting Agreement Between Real Madrid And Barcelona Supporter To Provide Lunch For 3 Months To Losser Of EL Classico Match Drops Online http @user @user Kasoa Efya Godzilla Satan Nigeria,photo betting agreement between real madrid and barcelona supporter to provide lunch for months to losser of el classico match drops online kasoa efya godzilla satan nigeria,27,Sports,0.1849163,0.7874332,0.027650477,-0.15726583,0.7874332,Neutral
1193344573524893696,2019-11-10,2019,2019-11,WOW! {{USERNAME}} followed me! I hope your leg is feeling a whole lot better! And also ur the guy that was on ray William Johnsons vids!!! And also you rosted toys r us so hard thay went outta business! I remember watching u in 2010 XD I hope u feel better {{URL}},WOW! @user followed me! I hope your leg is feeling a whole lot better! And also ur the guy that was on ray William Johnsons vids!!! And also you rosted toys r us so hard thay went outta business! I remember watching u in 2010 XD I hope u feel better http,wow followed me i hope your leg is feeling a whole lot better and also ur the guy that was on ray william johnsons vids and also you rosted toys r us so hard thay went outta business i remember watching u in xd i hope u feel better,49,Celebrity & Pop Culture|Diaries & Daily Life|Film Tv & Video,0.006542722,0.031667277,0.96178997,0.9552472,0.96178997,Positive
1262161656618123265,2020-05-17,2020,2020-05,Congratulations {{USERNAME}} {@Darlington Raceway@} and {@NASCAR@} (and Kevin Harvick)! Live sports on TV and well done!,Congratulations @user @user and @user (and Kevin Harvick)! Live sports on TV and well done!,congratulations and and kevin harvick live sports on tv and well done,12,Film Tv & Video|Sports,0.002509952,0.014289777,0.9832002,0.98069024,0.9832002,Positive
1210854851300622340,2019-12-28,2019,2019-12,10 Best things about my decade 1. I finished school 2. New Star Wars movies and shows 3. {@Brooklyn Nine Nine@} and {@The Good Place is taking it sleazy@} became things 4. I found The Witcher games and books (and show) 5. I made new friends 6. I found my passion for filmmaking 7. I tried new things 1/2,10 Best things about my decade 1. I finished school 2. New Star Wars movies and shows 3. @user and @user became things 4. I found The Witcher games and books (and show) 5. I made new friends 6. I found my passion for filmmaking 7. I tried new things 1/2,best things about my decade i finished school new star wars movies and shows and became things i found the witcher games and books and show i made new friends i found my passion for filmmaking i tried new things,40,Diaries & Daily Life|Film Tv & Video|Gaming|Other Hobbies|Relationships,0.0019467586,0.033582486,0.96447074,0.962524,0.96447074,Positive
1203553448140136448,2019-12-08,2019,2019-12,Take care of yourself ok? Rest well and eat lots of good food! and stay hydrated! #StrayKidsComeback {@Stray Kids@},Take care of yourself ok? Rest well and eat lots of good food! and stay hydrated! #StrayKidsComeback @user,take care of yourself ok rest well and eat lots of good food and stay hydrated straykidscomeback,17,Celebrity & Pop Culture|Diaries & Daily Life|Music,0.0064459257,0.10519973,0.8883543,0.88190836,0.8883543,Positive
1317734627126149121,2020-10-18,2020,2020-10,"2nd time me and rubs will have to cancel milan, 3rd time lucky next year maybe? {{USERNAME}}","2nd time me and rubs will have to cancel milan, 3rd time lucky next year maybe? @user",nd time me and rubs will have to cancel milan rd time lucky next year maybe,16,Diaries & Daily Life|Travel & Adventure,0.6839532,0.30516842,0.010878405,-0.67307484,0.6839532,Negative
1229072651634737162,2020-02-16,2020,2020-02,"Why is the internet dropping out every few min in Dayton, OH.? {@Ask Spectrum@} #spectrumoutage","Why is the internet dropping out every few min in Dayton, OH.? @user #spectrumoutage",why is the internet dropping out every few min in dayton oh spectrumoutage,13,Science & Technology,0.8382178,0.15302818,0.008753984,-0.82946384,0.8382178,Negative
1294967112927240193,2020-08-16,2020,2020-08,"$Pi is a new digital #currency developed by Stanford PhDs, with over 7 million members. Get FREE #Pi using the app, follow this link {{URL}} and use my username (MrCoinMiner) to mine Pi on your #smartphone {{USERNAME}} airdrop 10000 VYA-OLD 200 #iphone12 #BTC #XRP","$Pi is a new digital #currency developed by Stanford PhDs, with over 7 million members. Get FREE #Pi using the app, follow this link http and use my username (MrCoinMiner) to mine Pi on your #smartphone @user airdrop 10000 VYA-OLD 200 #iphone12 #BTC #XRP",pi is a new digital currency developed by stanford phds with over million members get free pi using the app follow this link and use my username mrcoinminer to mine pi on your smartphone airdrop vya old iphone btc xrp,40,Business & Entrepreneurs|Science & Technology,0.002494382,0.20337452,0.79413104,0.79163665,0.79413104,Positive
1177221221978689536,2019-09-26,2019,2019-09,At least Yorke has enough insight to understand that he is: {@Radiohead@} ’s Thom Yorke concedes he s a ‘hypocrite’ on climate change {{URL}} #FoxNews,At least Yorke has enough insight to understand that he is: @user ’s Thom Yorke concedes he s a ‘hypocrite’ on climate change http #FoxNews,at least yorke has enough insight to understand that he is s thom yorke concedes he s a hypocrite on climate change foxnews,23,Celebrity & Pop Culture|News & Social Concern,0.35194314,0.5907049,0.05735195,-0.2945912,0.5907049,Neutral
1234206033360363521,2020-03-01,2020,2020-03,"Mary J. Blige, U2 - One (Official Music Video) {{URL}} via {@YouTube@} #Selma","Mary J. Blige, U2 - One (Official Music Video) http via @user #Selma",mary j blige u one official music video via selma,10,Film Tv & Video|Music,0.0028679916,0.8864768,0.11065513,0.10778714,0.8864768,Neutral
1177158542530437120,2019-09-26,2019,2019-09,"Live stream of {{USERNAME}} , founder and CEO of Plan A at Humanity Festival, starting at 12pm, you can t miss this one! Topic: Climate change against humanity. Competition or cooperation? {{URL}} #streaming #live #Sustainability #PlanA","Live stream of @user , founder and CEO of Plan A at Humanity Festival, starting at 12pm, you can t miss this one! Topic: Climate change against humanity. Competition or cooperation? http #streaming #live #Sustainability #PlanA",live stream of founder and ceo of plan a at humanity festival starting at pm you can t miss this one topic climate change against humanity competition or cooperation streaming live sustainability plana,33,News & Social Concern|Science & Technology,0.00452408,0.2821604,0.71331555,0.7087915,0.71331555,Positive
1292520218187751424,2020-08-09,2020,2020-08,Trying to get my mom on the phone to have some convo about: 1. Her MVP {@Tulsi Gabbard@} taking the L and 2. The earthquake.,Trying to get my mom on the phone to have some convo about: 1. Her MVP @user taking the L and 2. The earthquake.,trying to get my mom on the phone to have some convo about her mvp taking the l and the earthquake,21,Family|News & Social Concern,0.21134487,0.7218974,0.06675769,-0.14458719,0.7218974,Neutral
1183230633562312705,2019-10-13,2019,2019-10,ROLLING LOUD WAS LIT I CANT FEEL ANYTHING IN MY BODY BUT IT WAS LIT {@Rolling Loud@},ROLLING LOUD WAS LIT I CANT FEEL ANYTHING IN MY BODY BUT IT WAS LIT @user,rolling loud was lit i cant feel anything in my body but it was lit,15,Diaries & Daily Life|Music,0.009019407,0.021023143,0.9699574,0.960938,0.9699574,Positive
1175620634782687236,2019-09-22,2019,2019-09,Really enjoying this dark mode... Greatly appreciated {@Apple@},Really enjoying this dark mode... Greatly appreciated @user,really enjoying this dark mode greatly appreciated,7,Science & Technology,0.0029460327,0.0086653475,0.9883887,0.9854427,0.9883887,Positive
1195908529942458368,2019-11-17,2019,2019-11,"Let s go home, get drunk and watch Disney +. {{USERNAME}} I know why I m dating this man now","Let s go home, get drunk and watch Disney +. @user I know why I m dating this man now",let s go home get drunk and watch disney i know why i m dating this man now,18,Film Tv & Video|Relationships,0.021833831,0.26677835,0.7113878,0.689554,0.7113878,Positive
1315349996330459136,2020-10-11,2020,2020-10,Defense on the field WAY too much already and it showed on that touchdown by the Steelers... {@Seth Joyner@} #Eagles,Defense on the field WAY too much already and it showed on that touchdown by the Steelers... @user #Eagles,defense on the field way too much already and it showed on that touchdown by the steelers eagles,18,Sports,0.58117455,0.35883504,0.059990425,-0.52118415,0.58117455,Negative
1376107969096511489,2021-03-28,2021,2021-03,Shameless Arfa almost cried listening to the ground report {@The Wire@} THE WIRE NOW become WIRELESS,Shameless Arfa almost cried listening to the ground report @user THE WIRE NOW become WIRELESS,shameless arfa almost cried listening to the ground report the wire now become wireless,14,News & Social Concern,0.84092677,0.14593281,0.0131403515,-0.8277864,0.84092677,Negative
1203610377134727168,2019-12-08,2019,2019-12,I should have trained harder. I should have listened to my team and coaches. Andy Ruiz Jr has blamed being overweight for his defeat by Anthony Joshua. {@Kawowo Sports@} {{USERNAME}},I should have trained harder. I should have listened to my team and coaches. Andy Ruiz Jr has blamed being overweight for his defeat by Anthony Joshua. @user @user,i should have trained harder i should have listened to my team and coaches andy ruiz jr has blamed being overweight for his defeat by anthony joshua,27,Sports,0.58378583,0.38979825,0.026415873,-0.55736995,0.58378583,Negative
1289893614084952064,2020-08-02,2020,2020-08,#HRDPostponeJEE_NEET sir if you want to conduct the exams then provide single transport vehicle for each and every student and allow only 20 students at a single exam centre otherwise don t play with our life by giving myths of social distancing {@PMO India@} {@Dr Ramesh Pokhriyal Nishank@},#HRDPostponeJEE_NEET sir if you want to conduct the exams then provide single transport vehicle for each and every student and allow only 20 students at a single exam centre otherwise don t play with our life by giving myths of social distancing @user @user,hrdpostponejee neet sir if you want to conduct the exams then provide single transport vehicle for each and every student and allow only students at a single exam centre otherwise don t play with our life by giving myths of social distancing,42,Learning & Educational|News & Social Concern|Youth & Student Life,0.33472192,0.6227713,0.04250678,-0.29221514,0.6227713,Neutral
1287446531222765570,2020-07-26,2020,2020-07,Check out No Going Back - Unleashing the Power of Coaching in the Workplace {{URL}} {@Eventbrite@},Check out No Going Back - Unleashing the Power of Coaching in the Workplace http @user,check out no going back unleashing the power of coaching in the workplace,13,Business & Entrepreneurs,0.0025296556,0.21552944,0.7819409,0.7794112,0.7819409,Positive
1274640689851248642,2020-06-21,2020,2020-06,Idc that some of my Indian friends call him a sell out I still will forever love {@Hasan Minhaj@},Idc that some of my Indian friends call him a sell out I still will forever love @user,idc that some of my indian friends call him a sell out i still will forever love,17,Celebrity & Pop Culture,0.2321344,0.36908978,0.39877582,0.16664141,0.39877582,Positive
1262132366593667072,2020-05-17,2020,2020-05,Yes! Live sports is back w #NASCARIsBack ! Luckily unlike other sports it s not the crowd noise that creates a good product unlike {@Philadelphia Phillies@} {@Philadelphia Eagles@} {@Philadelphia 76ers@} exception {@Philadelphia Flyers@} . {{USERNAME}} {@John Kincade@},Yes! Live sports is back w #NASCARIsBack ! Luckily unlike other sports it s not the crowd noise that creates a good product unlike @user @user @user exception @user . @user @user,yes live sports is back w nascarisback luckily unlike other sports it s not the crowd noise that creates a good product unlike exception,24,Film Tv & Video|News & Social Concern|Sports,0.006335534,0.047453925,0.94621044,0.9398749,0.94621044,Positive
1170516916554936322,2019-09-08,2019,2019-09,Okay how can I watch the {@Arkansas State Football@} and UNLV game on FB?,Okay how can I watch the @user and UNLV game on FB?,okay how can i watch the and unlv game on fb,11,Sports,0.008567924,0.9491251,0.042306993,0.033739068,0.9491251,Neutral
1302696739250601984,2020-09-06,2020,2020-09,Knocking out all my series early. Watching the season finale of {@P Valley@} . Oh man last night at the Pynk!!! #PValleyStarz,Knocking out all my series early. Watching the season finale of @user . Oh man last night at the Pynk!!! #PValleyStarz,knocking out all my series early watching the season finale of oh man last night at the pynk pvalleystarz,19,Film Tv & Video,0.010270114,0.25966525,0.7300647,0.7197946,0.7300647,Positive
1190840617334661122,2019-11-03,2019,2019-11,Lies. More cheers than boos greet President Trump at UFC 244 at MSG {{URL}} via {@New York Post@},Lies. More cheers than boos greet President Trump at UFC 244 at MSG http via @user,lies more cheers than boos greet president trump at ufc at msg via,13,News & Social Concern|Sports,0.39289668,0.50721186,0.09989141,-0.2930053,0.50721186,Neutral
1223967800584097795,2020-02-02,2020,2020-02,Dear {@DC Dhanbad@} sir Some persons r in Barwada police custody since last Friday n that too without the permission of a magistrate in a case relating to dr Kailash Prasad. The police hv right to interrogation but only after following due process of law Plz look {@Hemant Soren@} sir,Dear @user sir Some persons r in Barwada police custody since last Friday n that too without the permission of a magistrate in a case relating to dr Kailash Prasad. The police hv right to interrogation but only after following due process of law Plz look @user sir,dear sir some persons r in barwada police custody since last friday n that too without the permission of a magistrate in a case relating to dr kailash prasad the police hv right to interrogation but only after following due process of law plz look sir,46,News & Social Concern,0.5290704,0.45772502,0.013204621,-0.51586574,0.5290704,Negative
1234236291581083649,2020-03-01,2020,2020-03,Driving 5 hours to New Orleans to watch {@LeBron James@} play for my 30th bday with a broke ankle... I’m dedicated to this !!!,Driving 5 hours to New Orleans to watch @user play for my 30th bday with a broke ankle... I’m dedicated to this !!!,driving hours to new orleans to watch play for my th bday with a broke ankle i m dedicated to this,21,Diaries & Daily Life|Sports|Travel & Adventure,0.010878055,0.12549749,0.8636245,0.8527465,0.8636245,Positive
1376170368071778304,2021-03-28,2021,2021-03,♫ #NowPlaying “Shout At The Devil” by {@Mtley Cre@} on #Anghami {{URL}},♫ #NowPlaying “Shout At The Devil” by @user on #Anghami http,nowplaying shout at the devil by on anghami,8,Music,0.04477757,0.9206909,0.034531564,-0.010246005,0.9206909,Neutral
1180872625360265216,2019-10-06,2019,2019-10,Check out what I just added to my closet on Poshmark: Watch out Boys Under Amour White Tank Top. {{URL}} via {@Poshmark@} #shopmycloset,Check out what I just added to my closet on Poshmark: Watch out Boys Under Amour White Tank Top. http via @user #shopmycloset,check out what i just added to my closet on poshmark watch out boys under amour white tank top via shopmycloset,21,Fashion & Style,0.004313226,0.7430587,0.25262812,0.24831489,0.7430587,Neutral
1175800677261565953,2019-09-22,2019,2019-09,Did you miss our recent blog? {{USERNAME}} and {{USERNAME}} reveal some of the testing tools we use at Threat Stack to ensure secure code is being deployed. Get the full piece here: {{URL}},Did you miss our recent blog? @user and @user reveal some of the testing tools we use at Threat Stack to ensure secure code is being deployed. Get the full piece here: http,did you miss our recent blog and reveal some of the testing tools we use at threat stack to ensure secure code is being deployed get the full piece here,30,Science & Technology,0.00514507,0.714696,0.2801589,0.27501383,0.714696,Neutral
1254227212984696833,2020-04-26,2020,2020-04,NinerAlert: Tornado Warning - Main Campus - Seek Shelter Now! {@UNC Charlotte@} Tornado Warning issued April 25 at 9:53PM EDT until April 25 at 10:30PM EDT by NWS Greenville-Spartanburg SC,NinerAlert: Tornado Warning - Main Campus - Seek Shelter Now! @user Tornado Warning issued April 25 at 9:53PM EDT until April 25 at 10:30PM EDT by NWS Greenville-Spartanburg SC,nineralert tornado warning main campus seek shelter now tornado warning issued april at pm edt until april at pm edt by nws greenville spartanburg sc,25,News & Social Concern,0.11563675,0.844401,0.039962217,-0.075674534,0.844401,Neutral
1239249187163779078,2020-03-15,2020,2020-03,The Rochester City School District has established a hotline for families regarding COVID-19 resources {{URL}} {{USERNAME}},The Rochester City School District has established a hotline for families regarding COVID-19 resources http @user,the rochester city school district has established a hotline for families regarding covid resources,14,Fitness & Health|Learning & Educational|News & Social Concern,0.0070492374,0.9308457,0.06210504,0.055055805,0.9308457,Neutral
1218982074691899392,2020-01-19,2020,2020-01,Box Office: ‘Bad Boys for Life’ Crossing $100 Million Worldwide {{URL}} via {@Variety@},Box Office: ‘Bad Boys for Life’ Crossing $100 Million Worldwide http via @user,box office bad boys for life crossing million worldwide via,10,Arts & Culture|Business & Entrepreneurs|Film Tv & Video,0.007307386,0.71773785,0.27495474,0.26764736,0.71773785,Neutral
1170576762410946560,2019-09-08,2019,2019-09,RagingGirlGamer {{USERNAME}} now featured on #BinxTV. Visit their #Twitch #stream to earn #BinxCoins and for a chance to win a #free #steam #game! {{URL}},RagingGirlGamer @user now featured on #BinxTV. Visit their #Twitch #stream to earn #BinxCoins and for a chance to win a #free #steam #game! http,raginggirlgamer now featured on binxtv visit their twitch stream to earn binxcoins and for a chance to win a free steam game,22,Gaming,0.002136377,0.16333206,0.8345315,0.83239514,0.8345315,Positive
1216296734449487873,2020-01-12,2020,2020-01,". {{USERNAME}} You are the SHADIEST, worst pres in US history! It s illegal to turn the military into a mercenary army! The 9/11 were SAUDI! Where is that $1B? Who s bank? #RESIGN Rep. Justin Amash Blasts Trump For Selling American Troops To Saudis {{URL}}",". @user You are the SHADIEST, worst pres in US history! It s illegal to turn the military into a mercenary army! The 9/11 were SAUDI! Where is that $1B? Who s bank? #RESIGN Rep. Justin Amash Blasts Trump For Selling American Troops To Saudis http",you are the shadiest worst pres in us history it s illegal to turn the military into a mercenary army the were saudi where is that b who s bank resign rep justin amash blasts trump for selling american troops to saudis,42,News & Social Concern,0.9527443,0.042722408,0.004533265,-0.948211,0.9527443,Negative
1381147778034794499,2021-04-11,2021,2021-04,There’s lots of conflicting advice about what you should or should not do before and after getting a COVID vaccine. Here’s what the science says. {{URL}} via {@Slate@},There’s lots of conflicting advice about what you should or should not do before and after getting a COVID vaccine. Here’s what the science says. http via @user,there s lots of conflicting advice about what you should or should not do before and after getting a covid vaccine here s what the science says via,28,News & Social Concern|Science & Technology,0.21955813,0.75154513,0.028896708,-0.19066143,0.75154513,Neutral
1340657311564656640,2020-12-20,2020,2020-12,Came out for a walk and ended up in {{USERNAME}} for a substantial meal (their breakfast burrito is particularly good). Somebody really likes {@Sticky Fingers@} I ve never used shazam so much before I realised they re playing an album,Came out for a walk and ended up in @user for a substantial meal (their breakfast burrito is particularly good). Somebody really likes @user I ve never used shazam so much before I realised they re playing an album,came out for a walk and ended up in for a substantial meal their breakfast burrito is particularly good somebody really likes i ve never used shazam so much before i realised they re playing an album,37,Food & Dining|Music,0.002826527,0.02034578,0.97682774,0.9740012,0.97682774,Positive
1284909515595554820,2020-07-19,2020,2020-07,Celebrate National Ice Cream Day Sunday with fresh gelato from {{USERNAME}} ! Il Fiorello is open for to-go orders. Enjoy a scoop of your favorite flavor on the patio overlooking the olive trees. #suisunvalley… {{URL}},Celebrate National Ice Cream Day Sunday with fresh gelato from @user ! Il Fiorello is open for to-go orders. Enjoy a scoop of your favorite flavor on the patio overlooking the olive trees. #suisunvalley… http,celebrate national ice cream day sunday with fresh gelato from il fiorello is open for to go orders enjoy a scoop of your favorite flavor on the patio overlooking the olive trees suisunvalley,33,Food & Dining|News & Social Concern,0.0012421398,0.020918386,0.97783947,0.9765973,0.97783947,Positive
1193462649297801216,2019-11-10,2019,2019-11,"Hats off to {{USERNAME}} for his win over {@Logan Paul@} , who deserves all the respect as well. I just hope you remember to stay ten toes down and prove you can be humble in victory or defeat. Thanks #TeamKSI for your help! {@VIDDAL@} {{USERNAME}}","Hats off to @user for his win over @user , who deserves all the respect as well. I just hope you remember to stay ten toes down and prove you can be humble in victory or defeat. Thanks #TeamKSI for your help! @user @user",hats off to for his win over who deserves all the respect as well i just hope you remember to stay ten toes down and prove you can be humble in victory or defeat thanks teamksi for your help,39,Celebrity & Pop Culture|Sports,0.0045975414,0.03447183,0.9609306,0.95633304,0.9609306,Positive
1271107681273643011,2020-06-11,2020,2020-06,repost • {{USERNAME}} [One of our favorite products from the {{USERNAME}} !] . Colorfix your world with PRIDE ! ️‍ Happy Pride Month from Danessa Myricks Beauty . . What’s your favorite Colorfix Shade? There… {{URL}},repost • @user [One of our favorite products from the @user !] . Colorfix your world with PRIDE ! ️‍ Happy Pride Month from Danessa Myricks Beauty . . What’s your favorite Colorfix Shade? There… http,repost one of our favorite products from the colorfix your world with pride happy pride month from danessa myricks beauty what s your favorite colorfix shade there,27,News & Social Concern,0.0011255197,0.016033351,0.98284113,0.9817156,0.98284113,Positive
1294845489540730883,2020-08-16,2020,2020-08,{{USERNAME}} 2 minutes watching #Suga fight live. I get the hype.,@user 2 minutes watching #Suga fight live. I get the hype.,minutes watching suga fight live i get the hype,9,Celebrity & Pop Culture|Film Tv & Video|Sports,0.0048035434,0.28064907,0.7145474,0.70974386,0.7145474,Positive
1416879888611618828,2021-07-18,2021,2021-07,"I called to change my departure time by a few hours, {@americanair@} supervisor was extremely rude and belittling me, and hung up on me. Worst experience ever","I called to change my departure time by a few hours, @user supervisor was extremely rude and belittling me, and hung up on me. Worst experience ever",i called to change my departure time by a few hours supervisor was extremely rude and belittling me and hung up on me worst experience ever,26,Diaries & Daily Life|Travel & Adventure,0.9498915,0.045746587,0.0043618125,-0.9455297,0.9498915,Negative
1202163920250654720,2019-12-04,2019,2019-12,"X1, Let s fly high!! #MAMAVOTE #x1 {{USERNAME}} {@X1members@}","X1, Let s fly high!! #MAMAVOTE #x1 @user @user",x let s fly high mamavote x,7,Music,0.0026519115,0.06122073,0.9361273,0.9334754,0.9361273,Positive
1246915406633349123,2020-04-05,2020,2020-04,"Dear {{USERNAME}} , Please prepare for life after 2024 cos {@Nana Akufo Addo@} has already used Corona Virus to win 2020 hands down in the first round. He has shown complete leadership during these crises. Thank you #COVID2019Ghana","Dear @user , Please prepare for life after 2024 cos @user has already used Corona Virus to win 2020 hands down in the first round. He has shown complete leadership during these crises. Thank you #COVID2019Ghana",dear please prepare for life after cos has already used corona virus to win hands down in the first round he has shown complete leadership during these crises thank you covid ghana,32,News & Social Concern,0.035309438,0.19707462,0.7676159,0.7323065,0.7676159,Positive
1198747962630901760,2019-11-24,2019,2019-11,"Fellas no joking, why don t the Steelers look to pick up Minnesota s Jake Browning off their practice squad? He looks better than both Mason & Duck {@Andrew Stockey@} {@Guy Junker@}","Fellas no joking, why don t the Steelers look to pick up Minnesota s Jake Browning off their practice squad? He looks better than both Mason & Duck @user @user",fellas no joking why don t the steelers look to pick up minnesota s jake browning off their practice squad he looks better than both mason duck,27,Sports,0.088759564,0.6210607,0.2901797,0.20142013,0.6210607,Neutral
1274065026127552512,2020-06-19,2020,2020-06,"President Trump brought Juneteenth to National attention the same way that Russia brought Crimea to world attention. And, {@Jen Psaki@} , the ends (awareness of Juneteenth) do NOT justify the means (Steve Miller’s cynicism). We know about Juneteenth & Tulsa out of resistance to you.","President Trump brought Juneteenth to National attention the same way that Russia brought Crimea to world attention. And, @user , the ends (awareness of Juneteenth) do NOT justify the means (Steve Miller’s cynicism). We know about Juneteenth & Tulsa out of resistance to you.",president trump brought juneteenth to national attention the same way that russia brought crimea to world attention and the ends awareness of juneteenth do not justify the means steve miller s cynicism we know about juneteenth tulsa out of resistance to you,42,News & Social Concern,0.33070657,0.60705274,0.06224067,-0.2684659,0.60705274,Neutral
1274793128331968513,2020-06-21,2020,2020-06,Love this!! Group of Black Women Leaders Launches a Scholarship For Young Women Like Them {{URL}} Proud of #BWISE {{USERNAME}},Love this!! Group of Black Women Leaders Launches a Scholarship For Young Women Like Them http Proud of #BWISE @user,love this group of black women leaders launches a scholarship for young women like them proud of bwise,18,Business & Entrepreneurs|Learning & Educational|News & Social Concern|Youth & Student Life,0.0022102292,0.011029667,0.98676,0.9845498,0.98676,Positive
1319543290518265857,2020-10-23,2020,2020-10,"Til dig, {{USERNAME}} This suggests there may be an untapped market for bundled news subscriptions in the UK. But at the Spotify price point, it would not be enough to pay the bills on its own.” {{URL}}","Til dig, @user This suggests there may be an untapped market for bundled news subscriptions in the UK. But at the Spotify price point, it would not be enough to pay the bills on its own.” http",til dig this suggests there may be an untapped market for bundled news subscriptions in the uk but at the spotify price point it would not be enough to pay the bills on its own,35,Music|News & Social Concern,0.12825806,0.8190833,0.05265863,-0.07559943,0.8190833,Neutral
1262044461934219265,2020-05-17,2020,2020-05,"The Simpsons, during its golden era, was one of the best and most influential shows ever. Here s a guide for anyone looking to watch for the first time... {{URL}} {{USERNAME}}","The Simpsons, during its golden era, was one of the best and most influential shows ever. Here s a guide for anyone looking to watch for the first time... http @user",the simpsons during its golden era was one of the best and most influential shows ever here s a guide for anyone looking to watch for the first time,29,Film Tv & Video,0.002576681,0.025824925,0.9715983,0.9690216,0.9715983,Positive
1409088386187464708,2021-06-27,2021,2021-06,"tgck for {{USERNAME}} ! The difference in beliefs makes all the distinction in life and death, sometimes, and Ochako cannot be bothered to understand that now as Himiko coughs and tells her to leave, a sad, love-etched smile on her face, because Ochako doesn t want to leave.","tgck for @user ! The difference in beliefs makes all the distinction in life and death, sometimes, and Ochako cannot be bothered to understand that now as Himiko coughs and tells her to leave, a sad, love-etched smile on her face, because Ochako doesn t want to leave.",tgck for the difference in beliefs makes all the distinction in life and death sometimes and ochako cannot be bothered to understand that now as himiko coughs and tells her to leave a sad love etched smile on her face because ochako doesn t want to leave,47,Arts & Culture,0.7944346,0.19028857,0.015276908,-0.7791577,0.7944346,Negative
1193555498060021760,2019-11-10,2019,2019-11,"remember to balance the interactions everyone! it’s clear that because exo has more followers, they’re automatically going to receive more likes/rts. so the only way to combat that is to comment more on x-exo’s posts! please make sure to reply to —> {@EXOonearewe@} #EXODEUX","remember to balance the interactions everyone! it’s clear that because exo has more followers, they’re automatically going to receive more likes/rts. so the only way to combat that is to comment more on x-exo’s posts! please make sure to reply to —> @user #EXODEUX",remember to balance the interactions everyone it s clear that because exo has more followers they re automatically going to receive more likes rts so the only way to combat that is to comment more on x exo s posts please make sure to reply to exodeux,47,Other Hobbies,0.26725835,0.6490007,0.08374096,-0.1835174,0.6490007,Neutral
1197781492887252992,2019-11-22,2019,2019-11,"“I know what I heard.Whether my opponent s comment was born out of frustration or ignorance,I cannot say.But his actions do not excuse my lack of restraint in the moment, and I truly regret the impact this has had on the league,the Browns and our devoted fans.”@MylesLGarrett ❤️","“I know what I heard.Whether my opponent s comment was born out of frustration or ignorance,I cannot say.But his actions do not excuse my lack of restraint in the moment, and I truly regret the impact this has had on the league,the Browns and our devoted fans.”@user ❤️",i know what i heard whether my opponent s comment was born out of frustration or ignorance i cannot say but his actions do not excuse my lack of restraint in the moment and i truly regret the impact this has had on the league the browns and our devoted fans,51,Sports,0.78930366,0.1918924,0.018803937,-0.7704997,0.78930366,Negative
1180934127257817088,2019-10-06,2019,2019-10,"Yo {{USERNAME}} , can you kick field goals? {@New England Patriots@} {{USERNAME}}","Yo @user , can you kick field goals? @user @user",yo can you kick field goals,6,Sports,0.031081622,0.81943625,0.14948216,0.11840054,0.81943625,Neutral
1236679264319070208,2020-03-08,2020,2020-03,"Manchester is RED, blue just for film {{USERNAME}} {{USERNAME}}","Manchester is RED, blue just for film @user @user",manchester is red blue just for film,7,Sports,0.04494431,0.7580585,0.19699715,0.15205285,0.7580585,Neutral
1413615554695516165,2021-07-09,2021,2021-07,I’m pretty sure {@Snoh Aalegra@} cant make a bad song. ‍♀️ never heard nobody say that new Snoh ain’t hitting like that.,I’m pretty sure @user cant make a bad song. ‍♀️ never heard nobody say that new Snoh ain’t hitting like that.,i m pretty sure cant make a bad song never heard nobody say that new snoh ain t hitting like that,21,Celebrity & Pop Culture|Music,0.08351442,0.20046523,0.71602035,0.6325059,0.71602035,Positive
1358348424672813056,2021-02-07,2021,2021-02,Check out what I just added to my closet on Poshmark: Baby Bad bunny T-shirt. {{URL}} via {@Poshmark@} #shopmycloset,Check out what I just added to my closet on Poshmark: Baby Bad bunny T-shirt. http via @user #shopmycloset,check out what i just added to my closet on poshmark baby bad bunny t shirt via shopmycloset,18,Diaries & Daily Life|Fashion & Style,0.0037688327,0.667868,0.32836315,0.32459432,0.667868,Neutral
1254560840214142979,2020-04-26,2020,2020-04,"*Fixes headline Man merely being detained by a FAMILY MEMBER, is QUICKLY RELEASED, UNHARMED, for violating the law and encroaching on a beach in San Diego. Did this happen to FBA in Florida? #FirstThem {{URL}} {@Tariq Nasheed@}","*Fixes headline Man merely being detained by a FAMILY MEMBER, is QUICKLY RELEASED, UNHARMED, for violating the law and encroaching on a beach in San Diego. Did this happen to FBA in Florida? #FirstThem http @user",fixes headline man merely being detained by a family member is quickly released unharmed for violating the law and encroaching on a beach in san diego did this happen to fba in florida firstthem,34,Family|News & Social Concern,0.39200443,0.5897657,0.01822985,-0.3737746,0.5897657,Neutral
1196238208939544576,2019-11-18,2019,2019-11,"I m leaving on a jet plane...Oh wait, I m not. After an hour delay before we could board, I m now stuck on a plane with no power. Anyone have a spare set of booster cables? {@Air Canada@} #DF19","I m leaving on a jet plane...Oh wait, I m not. After an hour delay before we could board, I m now stuck on a plane with no power. Anyone have a spare set of booster cables? @user #DF19",i m leaving on a jet plane oh wait i m not after an hour delay before we could board i m now stuck on a plane with no power anyone have a spare set of booster cables df,39,Diaries & Daily Life|Travel & Adventure,0.8034959,0.18320638,0.013297683,-0.7901982,0.8034959,Negative
1277360785069453313,2020-06-28,2020,2020-06,Check out this talented singer #EricDisiac with his hit song #Jelly - This Music Video is outstanding with a {@FOX31 Denver KDVR@} type of vibe: {{URL}},Check out this talented singer #EricDisiac with his hit song #Jelly - This Music Video is outstanding with a @user type of vibe: http,check out this talented singer ericdisiac with his hit song jelly this music video is outstanding with a type of vibe,21,Film Tv & Video|Music,0.0017000999,0.015946193,0.9823537,0.9806536,0.9823537,Positive
1378859213921861633,2021-04-04,2021,2021-04,i really love the song #TreatPeopleWithKindness by {@Harry Styles@} !! and it would be really cool if you play it today {{USERNAME}} please?�D83D�DE4F�D83C�DFFC,i really love the song #TreatPeopleWithKindness by @user !! and it would be really cool if you play it today @user please?�D83D�DE4F�D83C�DFFC,i really love the song treatpeoplewithkindness by and it would be really cool if you play it today please d d de f d c dffc,26,Music,0.002127808,0.0076498957,0.9902222,0.9880944,0.9902222,Positive
1277146450011418626,2020-06-28,2020,2020-06,"“Once we clear away the chaff of Aurangzeb the myth, we can confront the fascinating puzzle of Aurangzeb the king. A pivotal figure in the Indian medieval past” Fascinating, unbiased, historical and gripping account by {@Dr Audrey Truschke@}","“Once we clear away the chaff of Aurangzeb the myth, we can confront the fascinating puzzle of Aurangzeb the king. A pivotal figure in the Indian medieval past” Fascinating, unbiased, historical and gripping account by @user",once we clear away the chaff of aurangzeb the myth we can confront the fascinating puzzle of aurangzeb the king a pivotal figure in the indian medieval past fascinating unbiased historical and gripping account by,35,Arts & Culture|Fitness & Health|Learning & Educational,0.0043761525,0.15977094,0.8358529,0.83147675,0.8358529,Positive
1198592224981848071,2019-11-24,2019,2019-11,"Check out my new album Above the Rain distributed by {@DistroKid@} and live on Google Play! {{URL}} Each song tells a story That may resonate with you Please follow and retweet Oh, and download, thank you. Popsd","Check out my new album Above the Rain distributed by @user and live on Google Play! http Each song tells a story That may resonate with you Please follow and retweet Oh, and download, thank you. Popsd",check out my new album above the rain distributed by and live on google play each song tells a story that may resonate with you please follow and retweet oh and download thank you popsd,35,Music,0.0015140815,0.10558195,0.892904,0.8913899,0.892904,Positive
1337994405228273666,2020-12-13,2020,2020-12,"Polishing of a {@Michter s Distillery@} US-1 and starting The Queen’s Gambit on {@Netflix@} , because Kentucky.","Polishing of a @user US-1 and starting The Queen’s Gambit on @user , because Kentucky.",polishing of a us and starting the queen s gambit on because kentucky,13,Film Tv & Video,0.011208644,0.92758507,0.061206315,0.049997672,0.92758507,Neutral
1335582990655774720,2020-12-06,2020,2020-12,"Rangers on fire, again, now over to you {@Sheffield United@} don t ruin the weekend again! ⚔","Rangers on fire, again, now over to you @user don t ruin the weekend again! ⚔",rangers on fire again now over to you don t ruin the weekend again,14,Sports,0.25005755,0.37161103,0.37833142,0.12827387,0.37833142,Positive
1246827950701453314,2020-04-05,2020,2020-04,Rod wave dude came out of the woods throwing haymakers this kid is unbelievable bro straight music that hits the soul {@RodWave@},Rod wave dude came out of the woods throwing haymakers this kid is unbelievable bro straight music that hits the soul @user,rod wave dude came out of the woods throwing haymakers this kid is unbelievable bro straight music that hits the soul,21,Celebrity & Pop Culture|Music,0.008443664,0.038264975,0.9532914,0.94484776,0.9532914,Positive
1198749000444317698,2019-11-24,2019,2019-11,"Ron no joking, why don t the Steelers look to pick up Minnesota s Jake Browning off their practice squad? He looks better than both Mason & Duck {@Ron Cook@}","Ron no joking, why don t the Steelers look to pick up Minnesota s Jake Browning off their practice squad? He looks better than both Mason & Duck @user",ron no joking why don t the steelers look to pick up minnesota s jake browning off their practice squad he looks better than both mason duck,27,Sports,0.09356062,0.6062102,0.30022922,0.2066686,0.6062102,Neutral
1348207364910903297,2021-01-10,2021,2021-01,Several former and active cricketers have taken to social media to express their objection to such incidents on the ground. {{URL}} {@Cricket Australia@} {@VVS Laxman@} #Siraj #SCG #racism,Several former and active cricketers have taken to social media to express their objection to such incidents on the ground. http @user @user #Siraj #SCG #racism,several former and active cricketers have taken to social media to express their objection to such incidents on the ground siraj scg racism,23,Sports,0.43862617,0.54120266,0.020171188,-0.41845497,0.54120266,Neutral
1344915980019970050,2021-01-01,2021,2021-01,"I’m watching {@Spectrum News NY1@} rn, and I just witnessed a live proposal..she said YES.. my serotonin is through the roof rn! Idk them, but wow.. what a way to start the new year! Sincerely happy to see others wholeheartedly happy! Happy New Year, everyone. God bless! ❤️","I’m watching @user rn, and I just witnessed a live proposal..she said YES.. my serotonin is through the roof rn! Idk them, but wow.. what a way to start the new year! Sincerely happy to see others wholeheartedly happy! Happy New Year, everyone. God bless! ❤️",i m watching rn and i just witnessed a live proposal she said yes my serotonin is through the roof rn idk them but wow what a way to start the new year sincerely happy to see others wholeheartedly happy happy new year everyone god bless,46,News & Social Concern,0.0041668005,0.0062992424,0.98953396,0.9853672,0.98953396,Positive
1236710695460356102,2020-03-08,2020,2020-03,Check out GIRL POWER! Available for the next 1 day via {{USERNAME}} {{URL}},Check out GIRL POWER! Available for the next 1 day via @user http,check out girl power available for the next day via,10,Diaries & Daily Life|News & Social Concern,0.0022388606,0.27893996,0.71882117,0.7165823,0.71882117,Positive
1429591694622826503,2021-08-22,2021,2021-08,"The #Sooners should just start calling the 2023 class the NFL Draft class with the amount of talent they’re compiling with the newest addition of Brandon Inniss ( {{USERNAME}} ), the top receiver in the country. {{URL}}","The #Sooners should just start calling the 2023 class the NFL Draft class with the amount of talent they’re compiling with the newest addition of Brandon Inniss ( @user ), the top receiver in the country. http",the sooners should just start calling the class the nfl draft class with the amount of talent they re compiling with the newest addition of brandon inniss the top receiver in the country,33,Sports,0.009832012,0.35715654,0.63301146,0.62317944,0.63301146,Positive
1388732899088871426,2021-05-02,2021,2021-05,"Throwback music video for the song “Dream About You” by #QuindonTarver (August 4, 1982 - April 1, 2021) off of his album project #Quindon [Produced & Directed by {@Chris Stokes Director@} ]! | {{USERNAME}} {{URL}}","Throwback music video for the song “Dream About You” by #QuindonTarver (August 4, 1982 - April 1, 2021) off of his album project #Quindon [Produced & Directed by @user ]! | @user http",throwback music video for the song dream about you by quindontarver august april off of his album project quindon produced directed by,22,Music,0.0027532142,0.8018338,0.195413,0.19265978,0.8018338,Neutral
1177251024395878400,2019-09-26,2019,2019-09,. {{USERNAME}} has the story on the Chiefs trading 20-year-old Ethan McIndoe. GM Scott Carter said the uncertainty with Ty Smith was a big factor in trading McIndoe and keeping overage D-men Filip Kral and Noah King. {{URL}} #WHL,. @user has the story on the Chiefs trading 20-year-old Ethan McIndoe. GM Scott Carter said the uncertainty with Ty Smith was a big factor in trading McIndoe and keeping overage D-men Filip Kral and Noah King. http #WHL,has the story on the chiefs trading year old ethan mcindoe gm scott carter said the uncertainty with ty smith was a big factor in trading mcindoe and keeping overage d men filip kral and noah king whl,38,Celebrity & Pop Culture|News & Social Concern|Sports,0.037285164,0.9472693,0.015445537,-0.021839626,0.9472693,Neutral
1173081316935503872,2019-09-15,2019,2019-09,So {{USERNAME}} now that the cowboys have released Chris Covington will the Texans try and get him back?,So @user now that the cowboys have released Chris Covington will the Texans try and get him back?,so now that the cowboys have released chris covington will the texans try and get him back,17,Sports,0.032024473,0.95223546,0.01574002,-0.016284453,0.95223546,Neutral
1173233967308267520,2019-09-15,2019,2019-09,Lion cubs escaped to their mother after witnessing the King Cobra sprayed its venom!ATGEI6O CPATECMWITT. LION VS KING COBRA | Lion Cubs Escaped From Snake Hunting And Returned W... {{URL}} 通过 {@Cut4@},Lion cubs escaped to their mother after witnessing the King Cobra sprayed its venom!ATGEI6O CPATECMWITT. LION VS KING COBRA | Lion Cubs Escaped From Snake Hunting And Returned W... http 通过 @user,lion cubs escaped to their mother after witnessing the king cobra sprayed its venom atgei o cpatecmwitt lion vs king cobra lion cubs escaped from snake hunting and returned w,30,Film Tv & Video,0.10966961,0.84242517,0.047905207,-0.061764404,0.84242517,Neutral
1226469003423432704,2020-02-09,2020,2020-02,Check out VINTAGE 2002 KANSAS CITY CHIEFS REEBOK ON FIELD ADJUSTABLE EMBROIDERED CAP NWT #Reebok {{URL}} via {{USERNAME}},Check out VINTAGE 2002 KANSAS CITY CHIEFS REEBOK ON FIELD ADJUSTABLE EMBROIDERED CAP NWT #Reebok http via @user,check out vintage kansas city chiefs reebok on field adjustable embroidered cap nwt reebok via,15,Fashion & Style|Sports,0.00630949,0.82475436,0.1689361,0.16262661,0.82475436,Neutral
1193341769166946305,2019-11-10,2019,2019-11,Remember Your True Nature: Icaro (healing song) {{URL}} {@YouTube@} より,Remember Your True Nature: Icaro (healing song) http @user より,remember your true nature icaro healing song,7,Music,0.006653359,0.7282224,0.26512426,0.2584709,0.7282224,Neutral
1274672211534794752,2020-06-21,2020,2020-06,"Yes, The Supreme Court Non-Discrimination Decision Protect #Bisexual People Too {{URL}} via {@Teen Vogue@}","Yes, The Supreme Court Non-Discrimination Decision Protect #Bisexual People Too http via @user",yes the supreme court non discrimination decision protect bisexual people too via,12,News & Social Concern,0.004295457,0.28518164,0.71052295,0.7062275,0.71052295,Positive
1264676622319353861,2020-05-24,2020,2020-05,"Eid Mubarak to our Muslim brethren on this street, including {{USERNAME}} {{USERNAME}} {{USERNAME}} {{USERNAME}} {{USERNAME}} {@Rauf Aregbesola@} {{USERNAME}} {{USERNAME}} {@Muhammadu Buhari@} {@Babatunde Fashola@} .","Eid Mubarak to our Muslim brethren on this street, including @user @user @user @user @user @user @user @user @user @user .",eid mubarak to our muslim brethren on this street including,10,Diaries & Daily Life|Family|News & Social Concern|Other Hobbies,0.0044337576,0.08598051,0.9095857,0.90515196,0.9095857,Positive
1223815035941806080,2020-02-02,2020,2020-02,Check out THE BEAST IN THE CELLAR SEVERIN BLU RAY LMTD 1/3000 SOLD OUT 4 K SCAN NEW! #SEVERIN {{URL}} via {{USERNAME}},Check out THE BEAST IN THE CELLAR SEVERIN BLU RAY LMTD 1/3000 SOLD OUT 4 K SCAN NEW! #SEVERIN http via @user,check out the beast in the cellar severin blu ray lmtd sold out k scan new severin via,18,Film Tv & Video,0.006045448,0.7980129,0.1959416,0.18989615,0.7980129,Neutral
1191141517361967104,2019-11-03,2019,2019-11,Derrick Lewis laments patient game plan in split call over Blagoy Ivanov at UFC 244 {{URL}} via {@MMA Junkie@},Derrick Lewis laments patient game plan in split call over Blagoy Ivanov at UFC 244 http via @user,derrick lewis laments patient game plan in split call over blagoy ivanov at ufc via,15,Sports,0.29078385,0.6982328,0.01098334,-0.2798005,0.6982328,Neutral
1178126845537067008,2019-09-29,2019,2019-09,Fun weekend with {{USERNAME}} getting the job done at the {{USERNAME}} Invitational! @ Springhaven Country Club {{URL}},Fun weekend with @user getting the job done at the @user Invitational! @ Springhaven Country Club http,fun weekend with getting the job done at the invitational springhaven country club,13,Diaries & Daily Life|Sports,0.0010924318,0.019403799,0.97950375,0.9784113,0.97950375,Positive
1292307523375071237,2020-08-09,2020,2020-08,Celebratory black beast beers - Drinking an Alien Church by {{USERNAME}} / {{USERNAME}} @ Untappd at Home — {{URL}},Celebratory black beast beers - Drinking an Alien Church by @user / @user @ Untappd at Home — http,celebratory black beast beers drinking an alien church by untappd at home,12,Celebrity & Pop Culture|Food & Dining,0.003257932,0.5259227,0.47081935,0.46756142,0.5259227,Neutral
1251963653181628417,2020-04-19,2020,2020-04,"Money in the Bank: Bill DeMott defeated {{USERNAME}} , Russo, Harley Race, Road Dogg, Goldust, Big E and Andrade Cien Almas via FlipFlipFlip at Unforgiven","Money in the Bank: Bill DeMott defeated @user , Russo, Harley Race, Road Dogg, Goldust, Big E and Andrade Cien Almas via FlipFlipFlip at Unforgiven",money in the bank bill demott defeated russo harley race road dogg goldust big e and andrade cien almas via flipflipflip at unforgiven,23,Film Tv & Video|Sports,0.009069537,0.78226507,0.2086654,0.19959587,0.78226507,Neutral
1235595141869498374,2020-03-05,2020,2020-03,"I’m so sad {@Elizabeth Warren@} has dropped out of the race. You were my President. Thank you for all that you’ve done and the conversations you’ve had that have elevated the field. You are a fighter, and I appreciate your passion and drive. #MyPresident","I’m so sad @user has dropped out of the race. You were my President. Thank you for all that you’ve done and the conversations you’ve had that have elevated the field. You are a fighter, and I appreciate your passion and drive. #MyPresident",i m so sad has dropped out of the race you were my president thank you for all that you ve done and the conversations you ve had that have elevated the field you are a fighter and i appreciate your passion and drive mypresident,45,News & Social Concern|Other Hobbies,0.14486878,0.15421109,0.70092016,0.5560514,0.70092016,Positive
1317676696808660997,2020-10-18,2020,2020-10,"I feel like the {@Houston Astros@} did an amazing job this season even without our main pitchers we got so far and we almost made it to the World Series..I’m so proud be an Astros fan, thank you for an amazing Season see y’all next year #letsgoastros","I feel like the @user did an amazing job this season even without our main pitchers we got so far and we almost made it to the World Series..I’m so proud be an Astros fan, thank you for an amazing Season see y’all next year #letsgoastros",i feel like the did an amazing job this season even without our main pitchers we got so far and we almost made it to the world series i m so proud be an astros fan thank you for an amazing season see y all next year letsgoastros,48,Sports,0.0029446504,0.009290219,0.9877652,0.98482054,0.9877652,Positive
1221339792740319233,2020-01-26,2020,2020-01,Articles on nosql best practices from the internet {{URL}} {{USERNAME}} {{USERNAME}} #nosql #sanfrancisco,Articles on nosql best practices from the internet http @user @user #nosql #sanfrancisco,articles on nosql best practices from the internet nosql sanfrancisco,10,News & Social Concern,0.0057782773,0.8193254,0.17489637,0.16911809,0.8193254,Neutral
1226383511411712001,2020-02-09,2020,2020-02,"The NFL Draft is 7 rounds, 256 picks long. {{USERNAME}} takes no shortcut in this full mock draft, starting with Joe Burrow at 1st overall, all the way to pick 256. Grab your favorite drink and snack, take a seat, and enjoy the ride. {{URL}}","The NFL Draft is 7 rounds, 256 picks long. @user takes no shortcut in this full mock draft, starting with Joe Burrow at 1st overall, all the way to pick 256. Grab your favorite drink and snack, take a seat, and enjoy the ride. http",the nfl draft is rounds picks long takes no shortcut in this full mock draft starting with joe burrow at st overall all the way to pick grab your favorite drink and snack take a seat and enjoy the ride,40,Sports,0.003987258,0.47044647,0.5255663,0.521579,0.5255663,Positive
1211073442616766464,2019-12-28,2019,2019-12,I m at a Boise St basketball game right now () and the mascot came around for high fives. He stood in front of me for a couple of seconds wondering why I kept rejecting him till I broke the news and told him I am an {@Idaho Vandals@} alum. Glad to ruin his moment #GoVandals,I m at a Boise St basketball game right now () and the mascot came around for high fives. He stood in front of me for a couple of seconds wondering why I kept rejecting him till I broke the news and told him I am an @user alum. Glad to ruin his moment #GoVandals,i m at a boise st basketball game right now and the mascot came around for high fives he stood in front of me for a couple of seconds wondering why i kept rejecting him till i broke the news and told him i am an alum glad to ruin his moment govandals,53,Diaries & Daily Life|Sports,0.19791913,0.45882955,0.3432513,0.14533216,0.45882955,Neutral
1241544638965649410,2020-03-22,2020,2020-03,#Pawcircle surrounds {{USERNAME}} hudad with #LoveAndStrength Got to take a break from treatments and just had scans. Still waiting on test results. Keep up those good thoughts!,#Pawcircle surrounds @user hudad with #LoveAndStrength Got to take a break from treatments and just had scans. Still waiting on test results. Keep up those good thoughts!,pawcircle surrounds hudad with loveandstrength got to take a break from treatments and just had scans still waiting on test results keep up those good thoughts,26,Diaries & Daily Life|Fitness & Health,0.00856055,0.07433408,0.9171054,0.90854484,0.9171054,Positive
1246704466071519236,2020-04-05,2020,2020-04,Death is but the Next Great Adventure by TheObsidianQuill - Harry Potter - J. K. Rowling {{URL}} via {{USERNAME}},Death is but the Next Great Adventure by TheObsidianQuill - Harry Potter - J. K. Rowling http via @user,death is but the next great adventure by theobsidianquill harry potter j k rowling via,15,Film Tv & Video,0.03266097,0.8499427,0.117396295,0.08473533,0.8499427,Neutral
1370575498334588932,2021-03-13,2021,2021-03,“Super Straight” (kill me) is now up on {{USERNAME}} !! #superstraightphobicandproud #superstraights {{URL}},“Super Straight” (kill me) is now up on @user !! #superstraightphobicandproud #superstraights http,super straight kill me is now up on superstraightphobicandproud superstraights,10,News & Social Concern,0.46647993,0.36633798,0.1671821,-0.2992978,0.46647993,Negative
1262070352273969153,2020-05-17,2020,2020-05,Lord Sumption on {@BBC News UK@} People should go out if they want to & continue to self isolate if they don t What about all the nurses and key workers risking their lives you selfish prick. Think they can just stay at home do you?! It s too soon. #COVIDIOT,Lord Sumption on @user People should go out if they want to & continue to self isolate if they don t What about all the nurses and key workers risking their lives you selfish prick. Think they can just stay at home do you?! It s too soon. #COVIDIOT,lord sumption on people should go out if they want to continue to self isolate if they don t what about all the nurses and key workers risking their lives you selfish prick think they can just stay at home do you it s too soon covidiot,47,Fitness & Health|News & Social Concern,0.91119564,0.08341243,0.005391945,-0.9058037,0.91119564,Negative
1354637106715500545,2021-01-28,2021,2021-01,"End of the first quarter and the Warriors lead the {@Minnesota Timberwolves@} #RaisedByWolves 23-21. Anthony Edwards with 8 for Minnesota. Catch the second quarter w/ {{USERNAME}} on {@News Talk 830 WCCO@} , {{USERNAME}} or online {{URL}}","End of the first quarter and the Warriors lead the @user #RaisedByWolves 23-21. Anthony Edwards with 8 for Minnesota. Catch the second quarter w/ @user on @user , @user or online http",end of the first quarter and the warriors lead the raisedbywolves anthony edwards with for minnesota catch the second quarter w on or online,24,Sports,0.0034516114,0.8822543,0.11429403,0.11084242,0.8822543,Neutral
1264555457764446208,2020-05-24,2020,2020-05,"EID MUBARAK to all my lovely moots and all muslim ARMYs out there, may all your wishes come true, and hope this eid brings you lots of joy, stay safe and once again Eid Mubarak✨ #EidMubarak #BringTheEidON {@BTS_twt@}","EID MUBARAK to all my lovely moots and all muslim ARMYs out there, may all your wishes come true, and hope this eid brings you lots of joy, stay safe and once again Eid Mubarak✨ #EidMubarak #BringTheEidON @user",eid mubarak to all my lovely moots and all muslim armys out there may all your wishes come true and hope this eid brings you lots of joy stay safe and once again eid mubarak eidmubarak bringtheeidon,37,Arts & Culture|Diaries & Daily Life|Family|News & Social Concern|Relationships,0.0021409201,0.01062843,0.9872306,0.98508966,0.9872306,Positive
1259420141160284160,2020-05-10,2020,2020-05,A single day can t define a Mother. Every day is a Mother s day for me. Can t imagine life without Maa. Happy Mother s Day {@anand mahindra@},A single day can t define a Mother. Every day is a Mother s day for me. Can t imagine life without Maa. Happy Mother s Day @user,a single day can t define a mother every day is a mother s day for me can t imagine life without maa happy mother s day,27,Diaries & Daily Life|Family,0.014128821,0.05283215,0.93303907,0.91891026,0.93303907,Positive
1177311468443918342,2019-09-26,2019,2019-09,"Check out this new music video from {{USERNAME}} with awesome LEGO animation by {{USERNAME}} !! Ray and Dynasty are amazing people, like and share this new video! {{URL}}","Check out this new music video from @user with awesome LEGO animation by @user !! Ray and Dynasty are amazing people, like and share this new video! http",check out this new music video from with awesome lego animation by ray and dynasty are amazing people like and share this new video,24,Arts & Culture|Celebrity & Pop Culture|Film Tv & Video|Music,0.0017479582,0.008170197,0.99008185,0.9883339,0.99008185,Positive
1335463923370352640,2020-12-06,2020,2020-12,Errol Spence Jr back at it like he never left!! Nice win {@Errol Spence@} Errol Spence vs Danny Garcia #SpencevsGarcia #Boxing,Errol Spence Jr back at it like he never left!! Nice win @user Errol Spence vs Danny Garcia #SpencevsGarcia #Boxing,errol spence jr back at it like he never left nice win errol spence vs danny garcia spencevsgarcia boxing,19,Sports,0.0022849538,0.046953898,0.9507612,0.94847625,0.9507612,Positive
1294902526123421696,2020-08-16,2020,2020-08,"Bay Area on fire weather watch due to heat wave, dry lightning: {{URL}} via {{USERNAME}} #sanjosecommunity #sanjose #siliconvalley #sanjosecommunity #siliconvalleycommunity via {{URL}}","Bay Area on fire weather watch due to heat wave, dry lightning: http via @user #sanjosecommunity #sanjose #siliconvalley #sanjosecommunity #siliconvalleycommunity via http",bay area on fire weather watch due to heat wave dry lightning via sanjosecommunity sanjose siliconvalley sanjosecommunity siliconvalleycommunity via,19,Film Tv & Video|News & Social Concern,0.17263687,0.79948115,0.027881954,-0.14475492,0.79948115,Neutral
1284996819727065088,2020-07-19,2020,2020-07,Had some fun building my ‘greatest’ {@Goo Goo Dolls@} album: pick your fave songs with the requirement that each track number must match that of the original studio album recording. Here’s what I came up with... {{URL}},Had some fun building my ‘greatest’ @user album: pick your fave songs with the requirement that each track number must match that of the original studio album recording. Here’s what I came up with... http,had some fun building my greatest album pick your fave songs with the requirement that each track number must match that of the original studio album recording here s what i came up with,34,Diaries & Daily Life|Music,0.0021195232,0.044828203,0.9530523,0.95093274,0.9530523,Positive
1206324019777155078,2019-12-15,2019,2019-12,Spreading generosity this festive season and giving back to orphaned and vulnerable children in South Africa. A great initiative with {{USERNAME}} in partnership with {@ToysRUs@} .SouthAfrica. #GlassAndAHalf #GenerosiTrees {{URL}},Spreading generosity this festive season and giving back to orphaned and vulnerable children in South Africa. A great initiative with @user in partnership with @user .SouthAfrica. #GlassAndAHalf #GenerosiTrees http,spreading generosity this festive season and giving back to orphaned and vulnerable children in south africa a great initiative with in partnership with southafrica glassandahalf generositrees,26,News & Social Concern,0.002087327,0.034544867,0.9633678,0.96128047,0.9633678,Positive
1282192043872325632,2020-07-12,2020,2020-07,"I ve just played Crazy Slots from {{USERNAME}} available on the App Store, it was awesome! Try it now! : {{URL}}","I ve just played Crazy Slots from @user available on the App Store, it was awesome! Try it now! : http",i ve just played crazy slots from available on the app store it was awesome try it now,18,Gaming|Science & Technology,0.0018311597,0.009555973,0.98861283,0.98678166,0.98861283,Positive
1190897218707836928,2019-11-03,2019,2019-11,Dear {@Twitter India@} {@Twitter@} {@Twitter Verified@} please remove the blue tick of {@Ramesh Bala@} ! Wit a verification tag he is providing full of fake nos & screen counts over years ! Misusing it big time ! IMMEDIATE ACTION REQUIRED...,Dear @user @user @user please remove the blue tick of @user ! Wit a verification tag he is providing full of fake nos & screen counts over years ! Misusing it big time ! IMMEDIATE ACTION REQUIRED...,dear please remove the blue tick of wit a verification tag he is providing full of fake nos screen counts over years misusing it big time immediate action required,29,Other Hobbies,0.9062792,0.08707802,0.0066427393,-0.89963645,0.9062792,Negative
1284848642701041664,2020-07-19,2020,2020-07,August Alsina Releases ‘Entanglements’ Song Feat. Rick Ross via {{USERNAME}} {{URL}} {@August Alsina@} {@Yung Rnzl@} #AOC,August Alsina Releases ‘Entanglements’ Song Feat. Rick Ross via @user http @user @user #AOC,august alsina releases entanglements song feat rick ross via aoc,10,Celebrity & Pop Culture|Music,0.008904074,0.961657,0.029438913,0.02053484,0.961657,Neutral
1409178695290527759,2021-06-27,2021,2021-06,2/3 tried to push me towards formula feeding. Fast-forward to today when my baby is EBF & thriving. My {{USERNAME}} midwife made all the difference & really took care of me. But mothers all over the UK are being let down by lack of support stemming from lacking govt support.,2/3 tried to push me towards formula feeding. Fast-forward to today when my baby is EBF & thriving. My @user midwife made all the difference & really took care of me. But mothers all over the UK are being let down by lack of support stemming from lacking govt support.,tried to push me towards formula feeding fast forward to today when my baby is ebf thriving my midwife made all the difference really took care of me but mothers all over the uk are being let down by lack of support stemming from lacking govt support,47,Diaries & Daily Life|Family|News & Social Concern,0.29016274,0.50635165,0.20348565,-0.08667709,0.50635165,Neutral
1340141986989355008,2020-12-19,2020,2020-12,"I think the perfect challenger for {{USERNAME}} now is {{USERNAME}} He was robbed in that 4 way, and I think those 2 could make some real magic {@ROH Wrestling@} #ROH #ROHFinalBattle #FinalBattle","I think the perfect challenger for @user now is @user He was robbed in that 4 way, and I think those 2 could make some real magic @user #ROH #ROHFinalBattle #FinalBattle",i think the perfect challenger for now is he was robbed in that way and i think those could make some real magic roh rohfinalbattle finalbattle,26,Sports,0.015253053,0.12627117,0.85847586,0.8432228,0.85847586,Positive
1274763811145334785,2020-06-21,2020,2020-06,"Happy Fathers Day to my Dad, Rick! Since DAY ONE of LBs Circuit Training {{USERNAME}} he has made sure the gym is always CLEAN and TIDY! He comes in to the gym twice a day, everyday since Sept 10th, 2015 ❤️ From the… {{URL}}","Happy Fathers Day to my Dad, Rick! Since DAY ONE of LBs Circuit Training @user he has made sure the gym is always CLEAN and TIDY! He comes in to the gym twice a day, everyday since Sept 10th, 2015 ❤️ From the… http",happy fathers day to my dad rick since day one of lbs circuit training he has made sure the gym is always clean and tidy he comes in to the gym twice a day everyday since sept th from the,40,Diaries & Daily Life|Family|Fitness & Health,0.0022152385,0.020144025,0.9776407,0.9754254,0.9776407,Positive
1238506580066394119,2020-03-13,2020,2020-03,email to school {{USERNAME}} We plan on keeping Danna and her siblings home from school for the time being. we believe it is our civic duty to practice social distancing to lessen the potential of contracting COVID-19 which will in turn lessen the burden on our health care system.,email to school @user We plan on keeping Danna and her siblings home from school for the time being. we believe it is our civic duty to practice social distancing to lessen the potential of contracting COVID-19 which will in turn lessen the burden on our health care system.,email to school we plan on keeping danna and her siblings home from school for the time being we believe it is our civic duty to practice social distancing to lessen the potential of contracting covid which will in turn lessen the burden on our health care system,48,Fitness & Health|News & Social Concern|Youth & Student Life,0.030540898,0.76119775,0.20826134,0.17772044,0.76119775,Neutral
1246946850952732673,2020-04-05,2020,2020-04,Check out what I just added to my closet on Poshmark: Outdoors tie dye camping into the woods t shirt. {{URL}} via {@Poshmark@} #shopmycloset,Check out what I just added to my closet on Poshmark: Outdoors tie dye camping into the woods t shirt. http via @user #shopmycloset,check out what i just added to my closet on poshmark outdoors tie dye camping into the woods t shirt via shopmycloset,22,Fashion & Style,0.0033903525,0.6401405,0.35646918,0.35307884,0.6401405,Neutral
1289769527836737537,2020-08-02,2020,2020-08,Check out New The Original Game of Perfection Fun on the Run Milton Bradley Games Hasbro #Hasbro {{URL}} via {{USERNAME}},Check out New The Original Game of Perfection Fun on the Run Milton Bradley Games Hasbro #Hasbro http via @user,check out new the original game of perfection fun on the run milton bradley games hasbro hasbro via,18,Gaming,0.002253937,0.5008138,0.4969323,0.49467835,0.5008138,Neutral
1183524879653470208,2019-10-13,2019,2019-10,10 days ago the seahawks squeaked out a win against the rams. 6 days ago the {@San Francisco 49ers@} dominated the Browns. Today the seahawks barely won against the same Browns and the Niners erased that rams offense with less time to prepare. What excuses will the national media find this week?,10 days ago the seahawks squeaked out a win against the rams. 6 days ago the @user dominated the Browns. Today the seahawks barely won against the same Browns and the Niners erased that rams offense with less time to prepare. What excuses will the national media find this week?,days ago the seahawks squeaked out a win against the rams days ago the dominated the browns today the seahawks barely won against the same browns and the niners erased that rams offense with less time to prepare what excuses will the national media find this week,47,Sports,0.44252717,0.47398722,0.08348561,-0.35904157,0.47398722,Neutral
1427026775419281408,2021-08-15,2021,2021-08,"Check out my new album, My Windows on {@Audius AUDIO@} #Audius {{URL}} listent it on Spoty too! {{URL}} #Spotify #EP #LofiHipHop #lofi #ChilledVibes","Check out my new album, My Windows on @user #Audius http listent it on Spoty too! http #Spotify #EP #LofiHipHop #lofi #ChilledVibes",check out my new album my windows on audius listent it on spoty too spotify ep lofihiphop lofi chilledvibes,19,Music,0.0020632183,0.2112971,0.78663975,0.78457654,0.78663975,Positive
1188364046032134144,2019-10-27,2019,2019-10,Earning #cryptocurrency for selling my stuff on {@Listia@} ! Join me using code BSGDYW for an extra 100 XNK. I just listed this: NASCAR STICKERS {{URL}},Earning #cryptocurrency for selling my stuff on @user ! Join me using code BSGDYW for an extra 100 XNK. I just listed this: NASCAR STICKERS http,earning cryptocurrency for selling my stuff on join me using code bsgdyw for an extra xnk i just listed this nascar stickers,22,Business & Entrepreneurs|Science & Technology,0.0033503897,0.2679514,0.72869825,0.7253479,0.72869825,Positive
1246827966245400576,2020-04-05,2020,2020-04,Dear {@NASA@} what is taking so much time to release the picture? #9बजे9मिनट,Dear @user what is taking so much time to release the picture? #9बजे9मिनट,dear what is taking so much time to release the picture,11,Science & Technology,0.5261681,0.46026373,0.013568102,-0.5126,0.5261681,Negative
1297436734355943424,2020-08-23,2020,2020-08,Shining through the city with a little funk and soul. #BTS_Dynamite {@BTS_twt@} {{URL}},Shining through the city with a little funk and soul. #BTS_Dynamite @user http,shining through the city with a little funk and soul bts dynamite,12,Arts & Culture|Film Tv & Video|Music,0.002888131,0.13794139,0.8591705,0.85628235,0.8591705,Positive
1381334196992544777,2021-04-11,2021,2021-04,Trouble Is Brewing For J&J s Covid Vaccine — What You Need To Know {{URL}} via {@Investors com@},Trouble Is Brewing For J&J s Covid Vaccine — What You Need To Know http via @user,trouble is brewing for j j s covid vaccine what you need to know via,15,Fitness & Health|News & Social Concern|Science & Technology,0.20149547,0.779227,0.01927747,-0.182218,0.779227,Neutral
1189178145829617664,2019-10-29,2019,2019-10,. {@Getty@} so very happy The #art works were spared and all your employees are safe! Looking to visit you soon after the fire has been put out! RESPECT #ONELOVE . {@Sheryl Underwood@} . {@The Talk@},. @user so very happy The #art works were spared and all your employees are safe! Looking to visit you soon after the fire has been put out! RESPECT #ONELOVE . @user . @user,so very happy the art works were spared and all your employees are safe looking to visit you soon after the fire has been put out respect onelove,28,Arts & Culture|Celebrity & Pop Culture|News & Social Concern,0.0050141755,0.02052697,0.9744589,0.9694447,0.9744589,Positive
1183259060130340864,2019-10-13,2019,2019-10,Browns CB Denzel Ward (hamstring) and CB Greedy Williams (hamstring) are both NOT expected to play against the Seahawks. ─────────────────────── FOLLOW {{USERNAME}} to stay updated on all… {{URL}},Browns CB Denzel Ward (hamstring) and CB Greedy Williams (hamstring) are both NOT expected to play against the Seahawks. ─────────────────────── FOLLOW @user to stay updated on all… http,browns cb denzel ward hamstring and cb greedy williams hamstring are both not expected to play against the seahawks follow to stay updated on all,25,Sports,0.32278883,0.6641889,0.013022269,-0.30976656,0.6641889,Neutral
1269445015849369600,2020-06-07,2020,2020-06,"I know I m a bit late, but happy Pride Month all! Last year we were able to celebrate with our 24 hour stream for {@Extra Life@} Pride month, and we hope to continue our work for the kids this month. #ExtraLifePride","I know I m a bit late, but happy Pride Month all! Last year we were able to celebrate with our 24 hour stream for @user Pride month, and we hope to continue our work for the kids this month. #ExtraLifePride",i know i m a bit late but happy pride month all last year we were able to celebrate with our hour stream for pride month and we hope to continue our work for the kids this month extralifepride,39,Arts & Culture|Diaries & Daily Life|News & Social Concern|Relationships,0.0016092458,0.011155966,0.9872348,0.9856255,0.9872348,Positive
1234053274623496192,2020-03-01,2020,2020-03,"I m up next on {@TRT World@} . Our special coverage of #SyrianRegime attacks in #Idlib continues with {{USERNAME}} {@Rahul Radhakrishnan@} {{USERNAME}} {@Mehmet Solmaz@} & {@Oubai Shahbandar@} . Plus, the latest on #COVID19 as it continues to spread. {{USERNAME}} is live in #HongKong. Watch from 10GMT","I m up next on @user . Our special coverage of #SyrianRegime attacks in #Idlib continues with @user @user @user @user & @user . Plus, the latest on #COVID19 as it continues to spread. @user is live in #HongKong. Watch from 10GMT",i m up next on our special coverage of syrianregime attacks in idlib continues with plus the latest on covid as it continues to spread is live in hongkong watch from gmt,32,News & Social Concern,0.05144594,0.886433,0.062121022,0.010675084,0.886433,Neutral
1190809830409166848,2019-11-03,2019,2019-11,1-1 between the Storm and {{USERNAME}} at the first period media timeout. Jirousek on the PP has the goal for GP #WeAreTheStorm,1-1 between the Storm and @user at the first period media timeout. Jirousek on the PP has the goal for GP #WeAreTheStorm,between the storm and at the first period media timeout jirousek on the pp has the goal for gp wearethestorm,20,News & Social Concern|Sports,0.0056174076,0.9028027,0.09157991,0.0859625,0.9028027,Neutral
1421738508327157761,2021-08-01,2021,2021-08,I’ll put my hand up and say {@Essendon FC@} are the unluckiest team not in the bottom half of the 8. Especially when we have a train wreck teams such as WCE that are clogging up valuable real estate #AFLDonsSwans,I’ll put my hand up and say @user are the unluckiest team not in the bottom half of the 8. Especially when we have a train wreck teams such as WCE that are clogging up valuable real estate #AFLDonsSwans,i ll put my hand up and say are the unluckiest team not in the bottom half of the especially when we have a train wreck teams such as wce that are clogging up valuable real estate afldonsswans,38,Sports,0.8086859,0.16965812,0.021655947,-0.78703,0.8086859,Negative
1198592833546047490,2019-11-24,2019,2019-11,"Check out my new album Above the Rain distributed by {@DistroKid@} and live on iTunes! {{URL}} Each song tells a story That may resonate with you Please follow and retweet Oh, and download, thank you. Popsd","Check out my new album Above the Rain distributed by @user and live on iTunes! http Each song tells a story That may resonate with you Please follow and retweet Oh, and download, thank you. Popsd",check out my new album above the rain distributed by and live on itunes each song tells a story that may resonate with you please follow and retweet oh and download thank you popsd,34,Music,0.0014348951,0.10156004,0.897005,0.8955701,0.897005,Positive
1381274045425938434,2021-04-11,2021,2021-04,"Congratulations to the Entire Team #vakeelSaab,Three Ladies nailed it in movie {@Anjali@} , {@Nivetha Thomas@} , {{USERNAME}} superb Performance {@Pawan Kalyan@} no words Power packed {{USERNAME}} , {@Sri Venkateswara Creations@} {@thaman S@} ,BGM Extraordinary #VakeelSaabJusticeServed","Congratulations to the Entire Team #vakeelSaab,Three Ladies nailed it in movie @user , @user , @user superb Performance @user no words Power packed @user , @user @user ,BGM Extraordinary #VakeelSaabJusticeServed",congratulations to the entire team vakeelsaab three ladies nailed it in movie superb performance no words power packed bgm extraordinary vakeelsaabjusticeserved,21,Celebrity & Pop Culture|Film Tv & Video,0.0039799274,0.018792868,0.97722715,0.97324723,0.97722715,Positive
1373569886807584768,2021-03-21,2021,2021-03,The {{USERNAME}} ‍♀️team their own invitational Saturday behind a pair of runners who won twice. Our Dale Grummert has the details. {{URL}},The @user ‍♀️team their own invitational Saturday behind a pair of runners who won twice. Our Dale Grummert has the details. http,the team their own invitational saturday behind a pair of runners who won twice our dale grummert has the details,20,Sports,0.0029186977,0.7456533,0.251428,0.24850932,0.7456533,Neutral
1239068771211292672,2020-03-15,2020,2020-03,Extensive social distancing usually works best of all . Class journalism by {@The Washington Post@} #CoronaVirusUpdates {{URL}},Extensive social distancing usually works best of all . Class journalism by @user #CoronaVirusUpdates http,extensive social distancing usually works best of all class journalism by coronavirusupdates,12,Fitness & Health|News & Social Concern,0.013580121,0.20691995,0.77949995,0.7659198,0.77949995,Positive
1332534327289274375,2020-11-28,2020,2020-11,Watch A Brand New Music Video️ #Chunga by {{USERNAME}} IS OUT NOW Short and Directed By {{USERNAME}} Produce by {{USERNAME}} Cc Meneja {{USERNAME}} {{URL}},Watch A Brand New Music Video️ #Chunga by @user IS OUT NOW Short and Directed By @user Produce by @user Cc Meneja @user http,watch a brand new music video chunga by is out now short and directed by produce by cc meneja,19,Music,0.0026151827,0.7503371,0.24704766,0.24443248,0.7503371,Neutral
1185948107814686723,2019-10-20,2019,2019-10,The US is reducing its greenhouse gas emissions far too slowly to help avert the worst effects of global warming. But what would happen if the country adopted 7 of the most ambitious climate policies already in place around the world? {{URL}} via {{USERNAME}},The US is reducing its greenhouse gas emissions far too slowly to help avert the worst effects of global warming. But what would happen if the country adopted 7 of the most ambitious climate policies already in place around the world? http via @user,the us is reducing its greenhouse gas emissions far too slowly to help avert the worst effects of global warming but what would happen if the country adopted of the most ambitious climate policies already in place around the world via,41,News & Social Concern|Science & Technology,0.19520731,0.7284447,0.07634799,-0.11885932,0.7284447,Neutral
1297471778378448897,2020-08-23,2020,2020-08,"Rockliff to Rozee... the Power are attacking alphabetically! Everything is on the line now. Aretha Franklin sang about it, now they’re playing for it! He kicks it to the pocket... well, I swear if Higgins were building a house he d start with the roof, {{USERNAME}} !","Rockliff to Rozee... the Power are attacking alphabetically! Everything is on the line now. Aretha Franklin sang about it, now they’re playing for it! He kicks it to the pocket... well, I swear if Higgins were building a house he d start with the roof, @user !",rockliff to rozee the power are attacking alphabetically everything is on the line now aretha franklin sang about it now they re playing for it he kicks it to the pocket well i swear if higgins were building a house he d start with the roof,46,Music,0.12572898,0.60920715,0.26506385,0.13933487,0.60920715,Neutral
1176314370906894338,2019-09-24,2019,2019-09,The latest Daily Dose Of Beauty ! {{URL}} Thanks to {@BuzzFeed News@} #togetherwe #gostars,The latest Daily Dose Of Beauty ! http Thanks to @user #togetherwe #gostars,the latest daily dose of beauty thanks to togetherwe gostars,10,Fashion & Style,0.0014798073,0.040423136,0.95809716,0.95661736,0.95809716,Positive
1259421932363153408,2020-05-10,2020,2020-05,A mother is always the beginning. She is how things begin. Happy Mother s Day! Still can t imagine a life without you mom rakshameehnia... I m sure {{USERNAME}} agrees . . . #meehnia #mother #mothersday #mommy… {{URL}},A mother is always the beginning. She is how things begin. Happy Mother s Day! Still can t imagine a life without you mom rakshameehnia... I m sure @user agrees . . . #meehnia #mother #mothersday #mommy… http,a mother is always the beginning she is how things begin happy mother s day still can t imagine a life without you mom rakshameehnia i m sure agrees meehnia mother mothersday mommy,33,Diaries & Daily Life|Family|Relationships,0.0031087124,0.02029985,0.97659147,0.9734827,0.97659147,Positive
1244111363955257346,2020-03-29,2020,2020-03,Huge shout out to {{USERNAME}} . I highly recommend hiring her for covers. Wait til you see what she just came up with for a near future book.,Huge shout out to @user . I highly recommend hiring her for covers. Wait til you see what she just came up with for a near future book.,huge shout out to i highly recommend hiring her for covers wait til you see what she just came up with for a near future book,26,Arts & Culture|Business & Entrepreneurs,0.0030266568,0.012700142,0.9842732,0.98124653,0.9842732,Positive
1193404376410394624,2019-11-10,2019,2019-11,"K. S. I. REMEMBER THE NAME!!!!! HE DIDNT GET THE KNOCK OUT BUT HE DID WHAT HE SAID HE WAS GOING TO DO!!!!! {{USERNAME}} {@Logan Paul@} great fight from the both of you it was worth the hype and the money, thank you both for an amazing fight, you both should be proud of your effort!","K. S. I. REMEMBER THE NAME!!!!! HE DIDNT GET THE KNOCK OUT BUT HE DID WHAT HE SAID HE WAS GOING TO DO!!!!! @user @user great fight from the both of you it was worth the hype and the money, thank you both for an amazing fight, you both should be proud of your effort!",k s i remember the name he didnt get the knock out but he did what he said he was going to do great fight from the both of you it was worth the hype and the money thank you both for an amazing fight you both should be proud of your effort,53,Celebrity & Pop Culture|Sports,0.0056165666,0.042942096,0.95144135,0.9458248,0.95144135,Positive
1320484855512141825,2020-10-25,2020,2020-10,. {@Las Vegas Raiders@} stand tall in the red zone and hold Tampa to a field goal. They trail 24-10 with 8:16 to play in the third quarter.,. @user stand tall in the red zone and hold Tampa to a field goal. They trail 24-10 with 8:16 to play in the third quarter.,stand tall in the red zone and hold tampa to a field goal they trail with to play in the third quarter,22,News & Social Concern|Sports,0.005227348,0.7862191,0.20855354,0.2033262,0.7862191,Neutral
1284876593433845761,2020-07-19,2020,2020-07,Rapper Kanye West to hold first presidential campaign event {{URL}} via {@Eyewitness News@},Rapper Kanye West to hold first presidential campaign event http via @user,rapper kanye west to hold first presidential campaign event via,10,Celebrity & Pop Culture|News & Social Concern,0.005378663,0.94573295,0.048888315,0.04350965,0.94573295,Neutral
1297926481579069444,2020-08-24,2020,2020-08,Stephen A. puts out an APB for Paul George - via {@ESPN@} App {{URL}},Stephen A. puts out an APB for Paul George - via @user App http,stephen a puts out an apb for paul george via app,11,Sports,0.0045889053,0.9328215,0.06258964,0.058000732,0.9328215,Neutral
1287477469050789891,2020-07-26,2020,2020-07,Jamal Adams on my {@New Orleans Saints@} would have made our defense tough {@Jamal Adams@},Jamal Adams on my @user would have made our defense tough @user,jamal adams on my would have made our defense tough,10,Sports,0.05610417,0.48051775,0.46337813,0.40727395,0.48051775,Neutral
1302724121038643200,2020-09-06,2020,2020-09,The Bucks have to be considered a major disappointment if you look at the last two Playoff years. Is there enough talent there? Maybe a coaching change is required? Giannis might be MVP but the Deer don’t have a Lowry or a Butler. And they need a guy like that. {{USERNAME}},The Bucks have to be considered a major disappointment if you look at the last two Playoff years. Is there enough talent there? Maybe a coaching change is required? Giannis might be MVP but the Deer don’t have a Lowry or a Butler. And they need a guy like that. @user,the bucks have to be considered a major disappointment if you look at the last two playoff years is there enough talent there maybe a coaching change is required giannis might be mvp but the deer don t have a lowry or a butler and they need a guy like that,51,Sports,0.82417303,0.16541782,0.010409104,-0.8137639,0.82417303,Negative
1261868804805742592,2020-05-17,2020,2020-05,"I switched over to streamlabs obs so my settings were all messed up at first but after a couple minor tweaks we were right back in it. Thanks to those who stayed with me through these problems and a special thank you to those who followed - tjbeans, tinkerbell1345, {{USERNAME}} ❤️","I switched over to streamlabs obs so my settings were all messed up at first but after a couple minor tweaks we were right back in it. Thanks to those who stayed with me through these problems and a special thank you to those who followed - tjbeans, tinkerbell1345, @user ❤️",i switched over to streamlabs obs so my settings were all messed up at first but after a couple minor tweaks we were right back in it thanks to those who stayed with me through these problems and a special thank you to those who followed tjbeans tinkerbell,48,Film Tv & Video,0.069896735,0.24910086,0.6810024,0.6111056,0.6810024,Positive
1193527770384601088,2019-11-10,2019,2019-11,"Ayee I get the sentiment about {@TI@} but don’t play dumb there is a gang of 90’s babies that remember their school friends telling them their MOMS did the SAME THING! Don’t act dumb, don’t just throw the Man in the trash we probably need to investigate more. This is OLD tradition.","Ayee I get the sentiment about @user but don’t play dumb there is a gang of 90’s babies that remember their school friends telling them their MOMS did the SAME THING! Don’t act dumb, don’t just throw the Man in the trash we probably need to investigate more. This is OLD tradition.",ayee i get the sentiment about but don t play dumb there is a gang of s babies that remember their school friends telling them their moms did the same thing don t act dumb don t just throw the man in the trash we probably need to investigate more this is old tradition,54,Diaries & Daily Life|Family|Music,0.73672336,0.2468748,0.016401816,-0.72032154,0.73672336,Negative
1272433816821514240,2020-06-15,2020,2020-06,SUGA-T SHARES HER BEAUTY SECRET… The Legendary {{USERNAME}} Shares Beauty Secret That Has Kept Her Vibrant & Youthful All These Years Raising the Bar as She Acknowledges ‘Making Grandmothers Great Again’ Suga-T is… {{URL}},SUGA-T SHARES HER BEAUTY SECRET… The Legendary @user Shares Beauty Secret That Has Kept Her Vibrant & Youthful All These Years Raising the Bar as She Acknowledges ‘Making Grandmothers Great Again’ Suga-T is… http,suga t shares her beauty secret the legendary shares beauty secret that has kept her vibrant youthful all these years raising the bar as she acknowledges making grandmothers great again suga t is,33,Celebrity & Pop Culture,0.003536713,0.13826685,0.8581965,0.8546598,0.8581965,Positive
1185856432132034560,2019-10-20,2019,2019-10,The University for Foreigners of Perugia | Ambassador of the Italian Identity around the World official video {{URL}} via {@YouTube@} #Italy #Italian #Italiano #MadeInItaly,The University for Foreigners of Perugia | Ambassador of the Italian Identity around the World official video http via @user #Italy #Italian #Italiano #MadeInItaly,the university for foreigners of perugia ambassador of the italian identity around the world official video via italy italian italiano madeinitaly,21,Film Tv & Video|Learning & Educational|News & Social Concern,0.00840196,0.9055371,0.086060934,0.07765897,0.9055371,Neutral
1188394401829142528,2019-10-27,2019,2019-10,Lovely to have the opportunity for an extra hour in bed. Instead I am joining #thebighour for {@Rainbow Trust@} {{URL}} I will be baking to raise money. What will you do?,Lovely to have the opportunity for an extra hour in bed. Instead I am joining #thebighour for @user http I will be baking to raise money. What will you do?,lovely to have the opportunity for an extra hour in bed instead i am joining thebighour for i will be baking to raise money what will you do,28,Food & Dining,0.003840387,0.0459568,0.9502028,0.94636244,0.9502028,Positive
1213911188167364609,2020-01-05,2020,2020-01,New Episode! This week we did a studio episode where we reviewed Brewnecorn by {{USERNAME}} (finally available in Tulsa!) and Lizard People by drekkerbrewing - while also looking forward to all of the new taprooms… {{URL}},New Episode! This week we did a studio episode where we reviewed Brewnecorn by @user (finally available in Tulsa!) and Lizard People by drekkerbrewing - while also looking forward to all of the new taprooms… http,new episode this week we did a studio episode where we reviewed brewnecorn by finally available in tulsa and lizard people by drekkerbrewing while also looking forward to all of the new taprooms,33,Food & Dining|Music,0.0011342855,0.069168866,0.92969686,0.9285626,0.92969686,Positive
1231511942348627968,2020-02-23,2020,2020-02,Deontay Wilder vs Tyson Fury 2 Full Fight 02/22/20 {{URL}} via {@YouTube@},Deontay Wilder vs Tyson Fury 2 Full Fight 02/22/20 http via @user,deontay wilder vs tyson fury full fight via,8,Sports,0.005453709,0.9331991,0.061347157,0.055893447,0.9331991,Neutral
1428081137306456068,2021-08-18,2021,2021-08,New music from.the Homie {{USERNAME}} #CountMeOut prod by {{USERNAME}} Out now on ALL platforms Drop a comment for feedback! SKATERS im.dropping this Sunday for The Slow roll!!! {{URL}},New music from.the Homie @user #CountMeOut prod by @user Out now on ALL platforms Drop a comment for feedback! SKATERS im.dropping this Sunday for The Slow roll!!! http,new music from the homie countmeout prod by out now on all platforms drop a comment for feedback skaters im dropping this sunday for the slow roll,27,Music,0.0027861153,0.435311,0.5619028,0.5591167,0.5619028,Positive
1342831879645507584,2020-12-26,2020,2020-12,"I hoped so much for a Boxing Day {{USERNAME}} episode. There isn t a new Star Wars, but the Boxing Day Episode somehow became a part of Christmas. And now there won t be any more. :(","I hoped so much for a Boxing Day @user episode. There isn t a new Star Wars, but the Boxing Day Episode somehow became a part of Christmas. And now there won t be any more. :(",i hoped so much for a boxing day episode there isn t a new star wars but the boxing day episode somehow became a part of christmas and now there won t be any more,35,Film Tv & Video,0.80735916,0.16025166,0.03238913,-0.77497005,0.80735916,Negative
1297684669161496582,2020-08-23,2020,2020-08,Hoping {@Ettore Big E Ewen@} comes out and cuts a promo on how much he loves thunder Dome #SummerSlam {{USERNAME}} {@KOFNAN the Barbarian@},Hoping @user comes out and cuts a promo on how much he loves thunder Dome #SummerSlam @user @user,hoping comes out and cuts a promo on how much he loves thunder dome summerslam,15,Sports,0.00519159,0.12986799,0.8649404,0.85974884,0.8649404,Positive
1233993572388569088,2020-03-01,2020,2020-03,Selena Gomez - Lose You To Love Me (Official Music Video) {{URL}} via {@YouTube@} {@iJustine@} {@Jenna Ezarik@},Selena Gomez - Lose You To Love Me (Official Music Video) http via @user @user @user,selena gomez lose you to love me official music video via,11,Celebrity & Pop Culture|Music,0.0062265215,0.914176,0.07959745,0.073370926,0.914176,Neutral
1419174306374950912,2021-07-25,2021,2021-07,I had two guesses for the line {@My Name Is A Killing Word@} wrote in his episode of {@Masters of the Universe@} (that made it without being cut) and I think it s : I m feeling a little under the weather. ?,I had two guesses for the line @user wrote in his episode of @user (that made it without being cut) and I think it s : I m feeling a little under the weather. ?,i had two guesses for the line wrote in his episode of that made it without being cut and i think it s i m feeling a little under the weather,31,Film Tv & Video,0.28259686,0.6700669,0.047336183,-0.23526067,0.6700669,Neutral
1287534724093747201,2020-07-26,2020,2020-07,I will be on PowerFM 98.7 on the Power Zone Show with Thoriso Maloka: Are Zimbabweans handicapped in rightfully taking a proactive role in political decisions? 2-230am {{USERNAME}},I will be on PowerFM 98.7 on the Power Zone Show with Thoriso Maloka: Are Zimbabweans handicapped in rightfully taking a proactive role in political decisions? 2-230am @user,i will be on powerfm on the power zone show with thoriso maloka are zimbabweans handicapped in rightfully taking a proactive role in political decisions am,26,News & Social Concern,0.02477707,0.9398309,0.03539205,0.01061498,0.9398309,Neutral
1344402454646022153,2020-12-30,2020,2020-12,Check out this Meetup: Cosmic Connections Weekly astrology & messages New Years Eve ! {{URL}} #Meetup via {@meetup@},Check out this Meetup: Cosmic Connections Weekly astrology & messages New Years Eve ! http #Meetup via @user,check out this meetup cosmic connections weekly astrology messages new years eve meetup via,14,Diaries & Daily Life|Other Hobbies,0.0026426706,0.6055333,0.39182404,0.38918138,0.6055333,Neutral
1356028945779597315,2021-01-31,2021,2021-01,"Still getting over the amount of love we received yesterday at Everbloom music festival. If you missed it, you can watch it on youtube! Thank you to our sponsors {@FACTOR@} , {@Music Canada@} , and the City of Toronto for supporting us in this endeavour {{URL}}","Still getting over the amount of love we received yesterday at Everbloom music festival. If you missed it, you can watch it on youtube! Thank you to our sponsors @user , @user , and the City of Toronto for supporting us in this endeavour http",still getting over the amount of love we received yesterday at everbloom music festival if you missed it you can watch it on youtube thank you to our sponsors and the city of toronto for supporting us in this endeavour,40,Music,0.0021595994,0.009519714,0.9883207,0.9861611,0.9883207,Positive
1226562262183432192,2020-02-09,2020,2020-02,Unearthing this from 2014 when {@Laurent D Tardif@} was just drafted by the NFL. 5 things you didn’t know about: Laurent Duvernay-Tardif | {{URL}} {{URL}},Unearthing this from 2014 when @user was just drafted by the NFL. 5 things you didn’t know about: Laurent Duvernay-Tardif | http http,unearthing this from when was just drafted by the nfl things you didn t know about laurent duvernay tardif,19,Sports,0.016764682,0.90896046,0.074274845,0.057510164,0.90896046,Neutral
1249394135926218756,2020-04-12,2020,2020-04,Watching Jesus Christ Superstar with the aweson {{USERNAME}},Watching Jesus Christ Superstar with the aweson @user,watching jesus christ superstar with the aweson,7,Arts & Culture|Film Tv & Video|Other Hobbies,0.003835581,0.57859546,0.41756898,0.4137334,0.57859546,Neutral
1174412484977070080,2019-09-18,2019,2019-09,U17 Premier County Semi final vs {{USERNAME}} next Thursday 26th {{USERNAME}} in Patrick s Park Enniscorthy. All support will be needed for this one. #UptheButters ❤,U17 Premier County Semi final vs @user next Thursday 26th @user in Patrick s Park Enniscorthy. All support will be needed for this one. #UptheButters ❤,u premier county semi final vs next thursday th in patrick s park enniscorthy all support will be needed for this one upthebutters,23,Sports,0.002232137,0.12017109,0.8775968,0.87536466,0.8775968,Positive
1300070158661234690,2020-08-30,2020,2020-08,Although it s a repeat... {@Olivia Newton John@} is going to be on Sunday Morning! Yay!,Although it s a repeat... @user is going to be on Sunday Morning! Yay!,although it s a repeat is going to be on sunday morning yay,13,Celebrity & Pop Culture|News & Social Concern,0.001750474,0.03367645,0.96457314,0.9628227,0.96457314,Positive
1383780695642759171,2021-04-18,2021,2021-04,#KKRvsRCB {@KolkataKnightRiders@} {@Shah Rukh Khan@} why the hell does shakib play like this? {{USERNAME}} {@Nitish Rana@} #rahultripathi were playing like chasing a 200+ score while shakib was playing like a 120+ chase... Remove him.. Bring #sunilnarine for him.. Next year remove Morgan + shakib + dk,#KKRvsRCB @user @user why the hell does shakib play like this? @user @user #rahultripathi were playing like chasing a 200+ score while shakib was playing like a 120+ chase... Remove him.. Bring #sunilnarine for him.. Next year remove Morgan + shakib + dk,kkrvsrcb why the hell does shakib play like this rahultripathi were playing like chasing a score while shakib was playing like a chase remove him bring sunilnarine for him next year remove morgan shakib dk,35,Sports,0.8110715,0.18131737,0.007611119,-0.8034604,0.8110715,Negative
1224029639510831105,2020-02-02,2020,2020-02,Some of the #ZackSnydersJusticeLeague fan posters are absolutely stunning.. really hope the winning posters gets to be the official poster for the #ReleaseTheSnyderCut {@Zack Snyder@},Some of the #ZackSnydersJusticeLeague fan posters are absolutely stunning.. really hope the winning posters gets to be the official poster for the #ReleaseTheSnyderCut @user,some of the zacksnydersjusticeleague fan posters are absolutely stunning really hope the winning posters gets to be the official poster for the releasethesnydercut,23,Film Tv & Video,0.0035885512,0.020165432,0.97624606,0.9726575,0.97624606,Positive
1178427261210517507,2019-09-29,2019,2019-09,Anyone see {@Marlon Humphrey@} lockdown obj for 3 yards the whole game. Till dude had a 17yd catch in garbage time. So 20 yards yippee. Also pinned OBJ to the ground for over a 3 count and dude couldn’t move. Talk about little boying the vet all day in every which way. #Shadowed,Anyone see @user lockdown obj for 3 yards the whole game. Till dude had a 17yd catch in garbage time. So 20 yards yippee. Also pinned OBJ to the ground for over a 3 count and dude couldn’t move. Talk about little boying the vet all day in every which way. #Shadowed,anyone see lockdown obj for yards the whole game till dude had a yd catch in garbage time so yards yippee also pinned obj to the ground for over a count and dude couldn t move talk about little boying the vet all day in every which way shadowed,49,Sports,0.23027249,0.6598016,0.10992588,-0.120346606,0.6598016,Neutral
1401379785507491840,2021-06-06,2021,2021-06,Group Workout Session with Footwork Specialist Allie Freeman! Tune into our YouTube channel for full video. {{USERNAME}} {{USERNAME}} {{URL}},Group Workout Session with Footwork Specialist Allie Freeman! Tune into our YouTube channel for full video. @user @user http,group workout session with footwork specialist allie freeman tune into our youtube channel for full video,16,Film Tv & Video|Fitness & Health,0.0028962633,0.798855,0.19824868,0.19535242,0.798855,Neutral
1274036163150376960,2020-06-19,2020,2020-06,Supreme Court blocks President Trump’s attempt to end Deferred Action for Childhood Arrivals; {{USERNAME}} explains. {{URL}},Supreme Court blocks President Trump’s attempt to end Deferred Action for Childhood Arrivals; @user explains. http,supreme court blocks president trump s attempt to end deferred action for childhood arrivals explains,15,News & Social Concern,0.3344625,0.6476905,0.017847016,-0.31661546,0.6476905,Neutral
1368499001616601089,2021-03-07,2021,2021-03,long hair Seokjin is making a come back!!! OMG!!! AHHHHHHHHH #SEOKJIN {@BTS_twt@},long hair Seokjin is making a come back!!! OMG!!! AHHHHHHHHH #SEOKJIN @user,long hair seokjin is making a come back omg ahhhhhhhhh seokjin,11,Celebrity & Pop Culture,0.0017424503,0.028378148,0.9698794,0.96813697,0.9698794,Positive
1183532478188797952,2019-10-13,2019,2019-10,LADIES: if you’re in need of a haircut {@Ulta Beauty@} salon is having $20 haircuts done TODAY!!! They’re open until about 7-7:30 and majority of the proceeds go to breast cancer research,LADIES: if you’re in need of a haircut @user salon is having $20 haircuts done TODAY!!! They’re open until about 7-7:30 and majority of the proceeds go to breast cancer research,ladies if you re in need of a haircut salon is having haircuts done today they re open until about and majority of the proceeds go to breast cancer research,30,Fashion & Style|News & Social Concern,0.003542902,0.25338915,0.743068,0.7395251,0.743068,Positive
1371219569029828612,2021-03-14,2021,2021-03,"18 Photos of the Royals in Diamonds, from the Queen s Coronation Necklace to Meghan s Wedding Tiara {{URL}} via {@Yahoo@}","18 Photos of the Royals in Diamonds, from the Queen s Coronation Necklace to Meghan s Wedding Tiara http via @user",photos of the royals in diamonds from the queen s coronation necklace to meghan s wedding tiara via,18,Celebrity & Pop Culture|Fashion & Style,0.0047856527,0.813407,0.18180731,0.17702165,0.813407,Neutral
1340748607868301318,2020-12-20,2020,2020-12,"Omg am so happy for {@Ariana Grande@} even if our romance never saw the light of day, my baby is ENGAGED","Omg am so happy for @user even if our romance never saw the light of day, my baby is ENGAGED",omg am so happy for even if our romance never saw the light of day my baby is engaged,19,Celebrity & Pop Culture|Music,0.004035976,0.007951424,0.98801255,0.9839766,0.98801255,Positive
1212521585871077377,2020-01-01,2020,2020-01,January 2nd 2019 I woke up to the news that Chelsea signed Christian Pulisic from Dortmund..... {@Chelsea FC@} you know what announcement I want to wake up to tomorrow January 2nd 2020,January 2nd 2019 I woke up to the news that Chelsea signed Christian Pulisic from Dortmund..... @user you know what announcement I want to wake up to tomorrow January 2nd 2020,january nd i woke up to the news that chelsea signed christian pulisic from dortmund you know what announcement i want to wake up to tomorrow january nd,28,Sports,0.007309562,0.5264875,0.46620294,0.4588934,0.5264875,Neutral
1180723529626468353,2019-10-06,2019,2019-10,Hi. Looking to join the revolution at {{USERNAME}} . Please send me an invitation for #argentas {{URL}},Hi. Looking to join the revolution at @user . Please send me an invitation for #argentas http,hi looking to join the revolution at please send me an invitation for argentas,14,Other Hobbies|Science & Technology,0.0051501184,0.48147386,0.51337606,0.5082259,0.51337606,Positive
1311845441265311744,2020-10-02,2020,2020-10,"Cause ah,ah,i m in the stars tonight so watch me bring the fire and set the night alight Shoes on get up in the morn cup of milk lets rock and roll Sambung lirik lanjutkan guys I vote #Dynamite under #TheSong Category at #PCAs 2020 {@BTS_twt@}","Cause ah,ah,i m in the stars tonight so watch me bring the fire and set the night alight Shoes on get up in the morn cup of milk lets rock and roll Sambung lirik lanjutkan guys I vote #Dynamite under #TheSong Category at #PCAs 2020 @user",cause ah ah i m in the stars tonight so watch me bring the fire and set the night alight shoes on get up in the morn cup of milk lets rock and roll sambung lirik lanjutkan guys i vote dynamite under thesong category at pcas,46,Film Tv & Video|Music,0.0036421446,0.1613139,0.83504397,0.8314018,0.83504397,Positive
1191021355401011201,2019-11-03,2019,2019-11,A big night for the sport : Dana White reflects on President Trump s UFC 244 visit {{URL}} via {@MMA Junkie@},A big night for the sport : Dana White reflects on President Trump s UFC 244 visit http via @user,a big night for the sport dana white reflects on president trump s ufc visit via,16,News & Social Concern|Sports,0.0029570826,0.58293617,0.4141068,0.4111497,0.58293617,Neutral
1241754822958813185,2020-03-22,2020,2020-03,"Those waiting to bash Trudeau today, note: shutting down an economy is only going to hurt us all. Keep your distance, take precautions, stay home. Kudos:Frontline workers who are helping all of us stay afloat. Have some faith #COVID19 {@Justin Trudeau@}","Those waiting to bash Trudeau today, note: shutting down an economy is only going to hurt us all. Keep your distance, take precautions, stay home. Kudos:Frontline workers who are helping all of us stay afloat. Have some faith #COVID19 @user",those waiting to bash trudeau today note shutting down an economy is only going to hurt us all keep your distance take precautions stay home kudos frontline workers who are helping all of us stay afloat have some faith covid,40,Celebrity & Pop Culture|Fitness & Health|News & Social Concern,0.56006867,0.3591871,0.08074419,-0.47932446,0.56006867,Negative
1211220164500508672,2019-12-29,2019,2019-12,The Gaelic football team of the decade - check out {{USERNAME}} s selection #rtegaa {{URL}},The Gaelic football team of the decade - check out @user s selection #rtegaa http,the gaelic football team of the decade check out s selection rtegaa,12,Sports,0.005949631,0.63126427,0.36278608,0.35683647,0.63126427,Neutral
1233933821092827137,2020-03-01,2020,2020-03,Coming up next I hope is #BTS Feat. {{USERNAME}} s #ON!! {@Most Requested Live@} #MostRequestedLive. Please play this song. Thank you {@BTS_twt@},Coming up next I hope is #BTS Feat. @user s #ON!! @user #MostRequestedLive. Please play this song. Thank you @user,coming up next i hope is bts feat s on mostrequestedlive please play this song thank you,17,Celebrity & Pop Culture|Music,0.0014009606,0.042426027,0.956173,0.95477206,0.956173,Positive
1183530667562287104,2019-10-13,2019,2019-10,"Pink Ribbon Beaded Crystal Charm Bracelet, Breast Cancer Aware by ramonahall {{URL}} via {@Etsy@}","Pink Ribbon Beaded Crystal Charm Bracelet, Breast Cancer Aware by ramonahall http via @user",pink ribbon beaded crystal charm bracelet breast cancer aware by ramonahall via,12,Fashion & Style|News & Social Concern,0.007877767,0.8789864,0.11313575,0.10525798,0.8789864,Neutral
1366054294928183301,2021-02-28,2021,2021-02,Supporting NitroEx Exchange for my own Future. NitroEx for all the people of the future. #NitroEx #NitroExForMyFuture {{USERNAME}} {{USERNAME}} {{USERNAME}},Supporting NitroEx Exchange for my own Future. NitroEx for all the people of the future. #NitroEx #NitroExForMyFuture @user @user @user,supporting nitroex exchange for my own future nitroex for all the people of the future nitroex nitroexformyfuture,17,Business & Entrepreneurs|Other Hobbies,0.0023582915,0.07520625,0.92243546,0.92007715,0.92243546,Positive
1239279562879623169,2020-03-15,2020,2020-03,"Hi {{USERNAME}} , you have advised against travel to the US because of their travel ban. India has the same visa ban stopping travel; are you to issue the same advice ?","Hi @user , you have advised against travel to the US because of their travel ban. India has the same visa ban stopping travel; are you to issue the same advice ?",hi you have advised against travel to the us because of their travel ban india has the same visa ban stopping travel are you to issue the same advice,29,Business & Entrepreneurs|News & Social Concern|Travel & Adventure,0.55087894,0.4363917,0.012729333,-0.5381496,0.55087894,Negative
1203606814102900737,2019-12-08,2019,2019-12,Hope you have a good day! Please rest well ❤️❤️❤️ {@Stray Kids@} #StrayKidsComeback,Hope you have a good day! Please rest well ❤️❤️❤️ @user #StrayKidsComeback,hope you have a good day please rest well straykidscomeback,10,Celebrity & Pop Culture|Fitness & Health|Music,0.0024888262,0.013728098,0.98378307,0.9812942,0.98378307,Positive
1188454805255196672,2019-10-27,2019,2019-10,. {{USERNAME}} is so obsessed with oil I m worried he s going to sharpie up a map to prove that Alberta is a part of Montana. Perhaps WE should put up a wall.,. @user is so obsessed with oil I m worried he s going to sharpie up a map to prove that Alberta is a part of Montana. Perhaps WE should put up a wall.,is so obsessed with oil i m worried he s going to sharpie up a map to prove that alberta is a part of montana perhaps we should put up a wall,32,Business & Entrepreneurs|News & Social Concern,0.82237077,0.16867809,0.00895111,-0.81341964,0.82237077,Negative
1196212649635262465,2019-11-17,2019,2019-11,#MerkLegit {{USERNAME}} thank u for the disney+ account,#MerkLegit @user thank u for the disney+ account,merklegit thank u for the disney account,7,Family|Film Tv & Video,0.0028313631,0.05181248,0.94535613,0.9425248,0.94535613,Positive
1231607960297590784,2020-02-23,2020,2020-02,I choose to not let go of X1. I ll stay forever and no one can stop me! Fly High! #RebootX1_2020 #BraveForX1 {{USERNAME}},I choose to not let go of X1. I ll stay forever and no one can stop me! Fly High! #RebootX1_2020 #BraveForX1 @user,i choose to not let go of x i ll stay forever and no one can stop me fly high rebootx braveforx,22,Celebrity & Pop Culture|Music,0.004288584,0.04942447,0.946287,0.94199836,0.946287,Positive
1216358081073942529,2020-01-12,2020,2020-01,"Thread by {@Jared Yates Sexton@} : Just so we re clear, Trump is now openly flaunting that he s operating the military as a mercenary force and that he s hrice tag on the lives of American soldiers. I know so much of what Trump does is forgotten, but this is obscenely… {{URL}}","Thread by @user : Just so we re clear, Trump is now openly flaunting that he s operating the military as a mercenary force and that he s hrice tag on the lives of American soldiers. I know so much of what Trump does is forgotten, but this is obscenely… http",thread by just so we re clear trump is now openly flaunting that he s operating the military as a mercenary force and that he s hrice tag on the lives of american soldiers i know so much of what trump does is forgotten but this is obscenely,48,News & Social Concern,0.703229,0.2837366,0.013034333,-0.69019467,0.703229,Negative
1231394961179992066,2020-02-23,2020,2020-02,Penn State takes game two 3-2 over {@Minnesota Men s Hockey@} and further separates themselves at first place in the standings by earning all three points in regulation. Gophers do have another conference series and could regain the lead if they do well against Michigan next weekend,Penn State takes game two 3-2 over @user and further separates themselves at first place in the standings by earning all three points in regulation. Gophers do have another conference series and could regain the lead if they do well against Michigan next weekend,penn state takes game two over and further separates themselves at first place in the standings by earning all three points in regulation gophers do have another conference series and could regain the lead if they do well against michigan next weekend,42,Sports,0.0031968446,0.55759865,0.43920448,0.43600765,0.55759865,Neutral
1300070301758140416,2020-08-30,2020,2020-08,Check out what I just added to my closet on Poshmark: Levi’s 315 Shaping Boot Cut Jeans Oahu Morning Dew. {{URL}} via {@Poshmark@} #shopmycloset,Check out what I just added to my closet on Poshmark: Levi’s 315 Shaping Boot Cut Jeans Oahu Morning Dew. http via @user #shopmycloset,check out what i just added to my closet on poshmark levi s shaping boot cut jeans oahu morning dew via shopmycloset,22,Fashion & Style,0.0033831093,0.6366105,0.36000633,0.35662323,0.6366105,Neutral
1365933736945061892,2021-02-28,2021,2021-02,"Trying to move from {{USERNAME}} to {{USERNAME}} , just because i don t want to tricker the thing by computer every-time and miss the passcode on my iPhone X, but i love both Team, really good work. Impressive {{USERNAME}} {{USERNAME}}","Trying to move from @user to @user , just because i don t want to tricker the thing by computer every-time and miss the passcode on my iPhone X, but i love both Team, really good work. Impressive @user @user",trying to move from to just because i don t want to tricker the thing by computer every time and miss the passcode on my iphone x but i love both team really good work impressive,36,Science & Technology,0.06653454,0.2075592,0.7259063,0.6593718,0.7259063,Positive
1265545833744945153,2020-05-27,2020,2020-05,"Set the bar low: {@Robert Jenrick@} , on {@BBC Radio 4 Today@} confirmed the lockdown most of us endured has reduced infection rates and there might now be enough PPE for our #NHS. Only took the Government 2 months.","Set the bar low: @user , on @user confirmed the lockdown most of us endured has reduced infection rates and there might now be enough PPE for our #NHS. Only took the Government 2 months.",set the bar low on confirmed the lockdown most of us endured has reduced infection rates and there might now be enough ppe for our nhs only took the government months,31,News & Social Concern,0.032230042,0.42687383,0.5408961,0.5086661,0.5408961,Positive
1274243252233928705,2020-06-20,2020,2020-06,The Oklahoma Supreme Court on Friday ruled that President Trump’s upcoming rally in #Tulsa can go ahead as planned despite concerns about #coronavirus -- just as Trump announced that a curfew in the city had been lifted for the rally - via {@Fox News@} {{URL}},The Oklahoma Supreme Court on Friday ruled that President Trump’s upcoming rally in #Tulsa can go ahead as planned despite concerns about #coronavirus -- just as Trump announced that a curfew in the city had been lifted for the rally - via @user http,the oklahoma supreme court on friday ruled that president trump s upcoming rally in tulsa can go ahead as planned despite concerns about coronavirus just as trump announced that a curfew in the city had been lifted for the rally via,41,News & Social Concern,0.010930836,0.8573495,0.13171965,0.12078881,0.8573495,Neutral
1193587465212366848,2019-11-10,2019,2019-11,Voting reset a couple hours ago remember to vote for both Mama and Ama #MAMAVOTE #bts {@BTS_twt@},Voting reset a couple hours ago remember to vote for both Mama and Ama #MAMAVOTE #bts @user,voting reset a couple hours ago remember to vote for both mama and ama mamavote bts,16,News & Social Concern,0.0077209747,0.79996765,0.19231132,0.18459034,0.79996765,Neutral
1206327194491817984,2019-12-15,2019,2019-12,Ran into {@FaZe Temperrr@} yesterday at rolling loud & Forgot to ask for a pic,Ran into @user yesterday at rolling loud & Forgot to ask for a pic,ran into yesterday at rolling loud forgot to ask for a pic,12,Celebrity & Pop Culture|Diaries & Daily Life|Music,0.026865242,0.80093354,0.17220119,0.14533594,0.80093354,Neutral
1408696135737233414,2021-06-26,2021,2021-06,6+ hours of power outage in the hub of Ariyalur district. This is unwelcoming and unbecoming sir {@V Senthilbalaji@},6+ hours of power outage in the hub of Ariyalur district. This is unwelcoming and unbecoming sir @user,hours of power outage in the hub of ariyalur district this is unwelcoming and unbecoming sir,16,Diaries & Daily Life|News & Social Concern,0.8975057,0.09531008,0.0071842093,-0.8903215,0.8975057,Negative
1360891513044045825,2021-02-14,2021,2021-02,#staraikelungal so far the only survivors are the wicket keepers from both teams.. Experts {@S Badrinath@} epadi evanga matum not out.. Solunga,#staraikelungal so far the only survivors are the wicket keepers from both teams.. Experts @user epadi evanga matum not out.. Solunga,staraikelungal so far the only survivors are the wicket keepers from both teams experts epadi evanga matum not out solunga,20,Sports,0.1666104,0.7773498,0.05603979,-0.11057061,0.7773498,Neutral
1333198555234791424,2020-11-29,2020,2020-11,Coz {@Stray Kids@} got AAA best music video award I guess I ll have to celebrate a bit hahaha,Coz @user got AAA best music video award I guess I ll have to celebrate a bit hahaha,coz got aaa best music video award i guess i ll have to celebrate a bit hahaha,17,Celebrity & Pop Culture|Music,0.0022670017,0.024091672,0.9736413,0.9713743,0.9736413,Positive
1273609299105771520,2020-06-18,2020,2020-06,"I love youuuu, {@Vester@} #SinongUmiyak #STELLshineDAY {@SB19 Official@}","I love youuuu, @user #SinongUmiyak #STELLshineDAY @user",i love youuuu sinongumiyak stellshineday,5,Celebrity & Pop Culture|Relationships,0.0027475194,0.021831816,0.97542065,0.9726731,0.97542065,Positive
1249181780957159425,2020-04-12,2020,2020-04,"Maybe it s time to teach Republicans how to implement voter fraud? If Dems can do it without retribution it should be a layup, and with the future of our country is at stake, let s go! {@GregGutfeld@}","Maybe it s time to teach Republicans how to implement voter fraud? If Dems can do it without retribution it should be a layup, and with the future of our country is at stake, let s go! @user",maybe it s time to teach republicans how to implement voter fraud if dems can do it without retribution it should be a layup and with the future of our country is at stake let s go,37,News & Social Concern,0.76584464,0.22040613,0.013749241,-0.7520954,0.76584464,Negative
1312812824440254469,2020-10-04,2020,2020-10,Blue Paw Prints Face Mask for Kids with Ear Savers. Handmade Face Mask for Kids. Reusable Face Mask for Kids. {{URL}} via {@Etsy@} #kidsfacemask #handmade #etsycanada,Blue Paw Prints Face Mask for Kids with Ear Savers. Handmade Face Mask for Kids. Reusable Face Mask for Kids. http via @user #kidsfacemask #handmade #etsycanada,blue paw prints face mask for kids with ear savers handmade face mask for kids reusable face mask for kids via kidsfacemask handmade etsycanada,24,Business & Entrepreneurs|Fashion & Style,0.0054402743,0.71995234,0.27460745,0.26916718,0.71995234,Neutral
1273946920369532928,2020-06-19,2020,2020-06,Happy 200K ate! Love youuuu! Gustong gusto kong ipagdamot ikaw kaso you really deserve the hype! Worth it stories with a humble author {{USERNAME}} #HN200ThousandsOfLove,Happy 200K ate! Love youuuu! Gustong gusto kong ipagdamot ikaw kaso you really deserve the hype! Worth it stories with a humble author @user #HN200ThousandsOfLove,happy k ate love youuuu gustong gusto kong ipagdamot ikaw kaso you really deserve the hype worth it stories with a humble author hn thousandsoflove,25,Other Hobbies,0.00401092,0.010498143,0.98549104,0.9814801,0.98549104,Positive
1295085920123785216,2020-08-16,2020,2020-08,yes {@Apple@} thank you for removing Fortnite from the app store.,yes @user thank you for removing Fortnite from the app store.,yes thank you for removing fortnite from the app store,10,Business & Entrepreneurs|Gaming|Science & Technology,0.09871414,0.41500136,0.4862845,0.38757035,0.4862845,Positive
1282192192744960000,2020-07-12,2020,2020-07,Ventura County Sheriff s Department: Send Search and Rescue for Naya Rivera on Land - Sign the Petition! {{URL}} via {@Change org@},Ventura County Sheriff s Department: Send Search and Rescue for Naya Rivera on Land - Sign the Petition! http via @user,ventura county sheriff s department send search and rescue for naya rivera on land sign the petition via,18,Celebrity & Pop Culture|News & Social Concern,0.024761442,0.8158226,0.1594159,0.13465446,0.8158226,Neutral
1262132783268466689,2020-05-17,2020,2020-05,"Lap 126: {@Kevin Harvick@} bring the car to pit road for four tires, fuel and a track bar adjustment. Says car isn t turning quite as well in turns 3 & 4. Came in first and left first.","Lap 126: @user bring the car to pit road for four tires, fuel and a track bar adjustment. Says car isn t turning quite as well in turns 3 & 4. Came in first and left first.",lap bring the car to pit road for four tires fuel and a track bar adjustment says car isn t turning quite as well in turns came in first and left first,32,Sports|Travel & Adventure,0.44177142,0.54177034,0.016458236,-0.42531317,0.54177034,Neutral
1383842018514771981,2021-04-18,2021,2021-04,The Police - Every Little Thing She Does Is Magic {{URL}} via {@YouTube@} ✨,The Police - Every Little Thing She Does Is Magic http via @user ✨,the police every little thing she does is magic via,10,Celebrity & Pop Culture|Music,0.0032613026,0.07962839,0.9171103,0.913849,0.9171103,Positive
1188545513924284417,2019-10-27,2019,2019-10,Cody Parkey hits that field goal btw CC: {@Chicago Bears@},Cody Parkey hits that field goal btw CC: @user,cody parkey hits that field goal btw cc,8,Sports,0.00944819,0.8017046,0.18884723,0.17939904,0.8017046,Neutral
1264435012889264130,2020-05-24,2020,2020-05,I hope this Eid marks a resumption of all that is good in this world. We in Kolkata and Bengal need every good vibe that can come our way. {@Sania Mirza@} {@Virat Kohli@} {@K L Rahul@} {@Sachin Tendulkar@} thanks for standing by the city at these times of need. Appreciate your support.,I hope this Eid marks a resumption of all that is good in this world. We in Kolkata and Bengal need every good vibe that can come our way. @user @user @user @user thanks for standing by the city at these times of need. Appreciate your support.,i hope this eid marks a resumption of all that is good in this world we in kolkata and bengal need every good vibe that can come our way thanks for standing by the city at these times of need appreciate your support,43,Arts & Culture|Diaries & Daily Life|Family|News & Social Concern|Relationships,0.0051137977,0.03377537,0.96111083,0.95599705,0.96111083,Positive
1269599878918922240,2020-06-07,2020,2020-06,Saints quarterback Drew Brees tells Trump he stands by protest apology {{URL}} via {@Daily Mail Online@},Saints quarterback Drew Brees tells Trump he stands by protest apology http via @user,saints quarterback drew brees tells trump he stands by protest apology via,12,News & Social Concern|Sports,0.030002942,0.94259614,0.0274009,-0.0026020426,0.94259614,Neutral
1381152614730113025,2021-04-11,2021,2021-04,6 years ago today {@Sleeping With Sirens@} were on channel 4’s Sunday brunch and I was so excited to see them on U.K. tv!! Was so so good!! Ahh I miss you guys!,6 years ago today @user were on channel 4’s Sunday brunch and I was so excited to see them on U.K. tv!! Was so so good!! Ahh I miss you guys!,years ago today were on channel s sunday brunch and i was so excited to see them on u k tv was so so good ahh i miss you guys,30,Film Tv & Video,0.0021082629,0.00660539,0.99128634,0.98917806,0.99128634,Positive
1226500554282717184,2020-02-09,2020,2020-02,Earning #cryptocurrency for selling my stuff on {@Listia@} ! Join me using code BMGVTW for an extra 100 XNK. I just listed this: WOW 2018 Prestige Carson Wentz Philadelphia Eagles STARS Of The NFL card ST-CW {{URL}},Earning #cryptocurrency for selling my stuff on @user ! Join me using code BMGVTW for an extra 100 XNK. I just listed this: WOW 2018 Prestige Carson Wentz Philadelphia Eagles STARS Of The NFL card ST-CW http,earning cryptocurrency for selling my stuff on join me using code bmgvtw for an extra xnk i just listed this wow prestige carson wentz philadelphia eagles stars of the nfl card st cw,33,Business & Entrepreneurs|Sports,0.0027609053,0.2000406,0.7971985,0.7944376,0.7971985,Positive
1179182616722972673,2019-10-01,2019,2019-10,I keep hearing about Baylor Scott & White clinics sending huge out of network bills... this is exactly why we need Medicare For All and . {@Elizabeth Warren@} will lead that fight as President...the #BlueTsunami2020 will finally flip the Senate #UnrigTheSystem {{URL}},I keep hearing about Baylor Scott & White clinics sending huge out of network bills... this is exactly why we need Medicare For All and . @user will lead that fight as President...the #BlueTsunami2020 will finally flip the Senate #UnrigTheSystem http,i keep hearing about baylor scott white clinics sending huge out of network bills this is exactly why we need medicare for all and will lead that fight as president the bluetsunami will finally flip the senate unrigthesystem,38,News & Social Concern,0.093261585,0.42544675,0.48129168,0.3880301,0.48129168,Positive
1198444545127538689,2019-11-24,2019,2019-11,Coldplay won t tour its new album until the band s concerts can be environmentally beneficial - Music News - ABC News {{URL}} via {{USERNAME}},Coldplay won t tour its new album until the band s concerts can be environmentally beneficial - Music News - ABC News http via @user,coldplay won t tour its new album until the band s concerts can be environmentally beneficial music news abc news via,21,Celebrity & Pop Culture|Music|News & Social Concern,0.4156192,0.55826396,0.026116805,-0.38950238,0.55826396,Neutral
1310156226672590849,2020-09-27,2020,2020-09,Public Trust Feature Film | The Fight for America’s Public Lands by {@Patagonia@} {{URL}},Public Trust Feature Film | The Fight for America’s Public Lands by @user http,public trust feature film the fight for america s public lands by,12,Film Tv & Video|News & Social Concern,0.006597692,0.8097234,0.18367895,0.17708126,0.8097234,Neutral
1216208048835792896,2020-01-12,2020,2020-01,"Deadly Storms Sweep Through Southern United States, Leaving At Least 9 Dead - NPR {{URL}} via {@Google News@}","Deadly Storms Sweep Through Southern United States, Leaving At Least 9 Dead - NPR http via @user",deadly storms sweep through southern united states leaving at least dead npr via,13,News & Social Concern,0.4491647,0.5394797,0.011355572,-0.4378091,0.5394797,Neutral
1355846412190277632,2021-01-31,2021,2021-01,Wow... Within 15 mins it s trending at No.1 spot in india... The power of twitter king {@Sidharth Shukla@} and his kingdom. Keep roaring fam! . . #SidharthHits1MOnTwitter,Wow... Within 15 mins it s trending at No.1 spot in india... The power of twitter king @user and his kingdom. Keep roaring fam! . . #SidharthHits1MOnTwitter,wow within mins it s trending at no spot in india the power of twitter king and his kingdom keep roaring fam sidharthhits montwitter,24,Film Tv & Video,0.0027605812,0.0220828,0.9751567,0.97239614,0.9751567,Positive
1297500531720466432,2020-08-23,2020,2020-08,Check out what I just added to my closet on Poshmark: L.K. Bennett Shoe Size 10. {{URL}} via {@Poshmark@} #shopmycloset,Check out what I just added to my closet on Poshmark: L.K. Bennett Shoe Size 10. http via @user #shopmycloset,check out what i just added to my closet on poshmark l k bennett shoe size via shopmycloset,18,Fashion & Style,0.0033723335,0.6218719,0.3747557,0.37138337,0.6218719,Neutral
1419354495268622342,2021-07-25,2021,2021-07,. {@DiscoverySA@} CEO #RYANNOACH felt the heat and ran out the kitchen {{USERNAME}} Great interview {@Carte Blanche@} Discovery are roques finish en klaar.,. @user CEO #RYANNOACH felt the heat and ran out the kitchen @user Great interview @user Discovery are roques finish en klaar.,ceo ryannoach felt the heat and ran out the kitchen great interview discovery are roques finish en klaar,18,Business & Entrepreneurs|Food & Dining,0.0053519905,0.05204972,0.9425983,0.9372463,0.9425983,Positive
1274008018573721602,2020-06-19,2020,2020-06,“The historical legacy of Juneteenth shows the value of never giving up hope in uncertain times.” Thanks to {@Smithsonian NMAAHC@} for this piece and its important mission. {{URL}} #JUNETEENTH2020,“The historical legacy of Juneteenth shows the value of never giving up hope in uncertain times.” Thanks to @user for this piece and its important mission. http #JUNETEENTH2020,the historical legacy of juneteenth shows the value of never giving up hope in uncertain times thanks to for this piece and its important mission juneteenth,26,Arts & Culture|News & Social Concern,0.0031085156,0.040357705,0.9565338,0.9534253,0.9565338,Positive
1203661377740492801,2019-12-08,2019,2019-12,Pls drop your Spotify wrapped numbers {@BTSofficial@} . .,Pls drop your Spotify wrapped numbers @user . .,pls drop your spotify wrapped numbers,6,Music,0.0798431,0.8506712,0.069485664,-0.010357432,0.8506712,Neutral
1180935128530477056,2019-10-06,2019,2019-10,PUT MIRROR ON THE ALBUM PLZZ #Wonho #shownu #minhyuk #jooheon #im #kihyun #hyungwon #monbebe {@MONSTA X@},PUT MIRROR ON THE ALBUM PLZZ #Wonho #shownu #minhyuk #jooheon #im #kihyun #hyungwon #monbebe @user,put mirror on the album plzz wonho shownu minhyuk jooheon im kihyun hyungwon monbebe,14,Music,0.010981325,0.81779397,0.17122479,0.16024347,0.81779397,Neutral
1223786283975098368,2020-02-02,2020,2020-02,I have the Police Chief here. What do you make of this? Well apparently Netflix has annoyed fans of this Lucifer fellow. He seems to have great influence on them. I m not allowed to discuss this case further at this time. #KeepLucifer #Devil666 {@Netflix@} {@Warner Bros TV@} {@BRUCKHEIMER FILMS TV@},I have the Police Chief here. What do you make of this? Well apparently Netflix has annoyed fans of this Lucifer fellow. He seems to have great influence on them. I m not allowed to discuss this case further at this time. #KeepLucifer #Devil666 @user @user @user,i have the police chief here what do you make of this well apparently netflix has annoyed fans of this lucifer fellow he seems to have great influence on them i m not allowed to discuss this case further at this time keeplucifer devil,44,Film Tv & Video,0.6778384,0.31034064,0.01182091,-0.6660175,0.6778384,Negative
1322778443793137664,2020-11-01,2020,2020-11,Lizzo dressed up as the fly in Mike Pence s hair for Halloween — see the look! - TODAY {{URL}} via {@Google News@},Lizzo dressed up as the fly in Mike Pence s hair for Halloween — see the look! - TODAY http via @user,lizzo dressed up as the fly in mike pence s hair for halloween see the look today via,18,Celebrity & Pop Culture|Fashion & Style|Other Hobbies,0.007252121,0.7811252,0.21162267,0.20437054,0.7811252,Neutral
1239065730684841986,2020-03-15,2020,2020-03,Why bother w/ or expanding a travel ban when the #coronavirus is already IN the U.S. & moving into every state? (Spoiler: b/c everybody picked up on Trump trying to exempt his own businesses) {{URL}} via {@MSNBC@},Why bother w/ or expanding a travel ban when the #coronavirus is already IN the U.S. & moving into every state? (Spoiler: b/c everybody picked up on Trump trying to exempt his own businesses) http via @user,why bother w or expanding a travel ban when the coronavirus is already in the u s moving into every state spoiler b c everybody picked up on trump trying to exempt his own businesses via,36,News & Social Concern|Travel & Adventure,0.5935041,0.39165682,0.014839074,-0.578665,0.5935041,Negative
1298468091534495744,2020-08-26,2020,2020-08,The {@Dallas Mavericks@} better take this disrespect and put them in their place next game. Shameless by the clippers to keep hitting 3’s when the game is out of hand.,The @user better take this disrespect and put them in their place next game. Shameless by the clippers to keep hitting 3’s when the game is out of hand.,the better take this disrespect and put them in their place next game shameless by the clippers to keep hitting s when the game is out of hand,28,Diaries & Daily Life|Sports,0.8980208,0.095525876,0.006453376,-0.8915674,0.8980208,Negative
1406460618287161347,2021-06-20,2021,2021-06,"Respect to {@Kevin Durant@} for sticking around and congratulating the winning team. James Harden straight to the locker room, shows what type of a person he is… Must have learnt from Lebron #nba #GoBucks","Respect to @user for sticking around and congratulating the winning team. James Harden straight to the locker room, shows what type of a person he is… Must have learnt from Lebron #nba #GoBucks",respect to for sticking around and congratulating the winning team james harden straight to the locker room shows what type of a person he is must have learnt from lebron nba gobucks,32,Sports,0.006850616,0.056628354,0.93652105,0.92967045,0.93652105,Positive
1259843146910965760,2020-05-11,2020,2020-05,"Hung out with Andrew & his sister! Such amazing hospitality with a place to rest after my journey, a delicious breakfast & a front row seat for the Disney family sing-a-long! {{USERNAME}} {{URL}}","Hung out with Andrew & his sister! Such amazing hospitality with a place to rest after my journey, a delicious breakfast & a front row seat for the Disney family sing-a-long! @user http",hung out with andrew his sister such amazing hospitality with a place to rest after my journey a delicious breakfast a front row seat for the disney family sing a long,31,Diaries & Daily Life|Family,0.0017300991,0.009669975,0.9886,0.98686993,0.9886,Positive
1193587220956864512,2019-11-10,2019,2019-11,"Important to remember on Veterans Day that USA turns to Democrats! Most people are appalled at the corruption of {{USERNAME}} & family. Trump’s words are now meaningless, not worth time of day, since most see Trump has betrayed fundamental American values. #Democratic2020","Important to remember on Veterans Day that USA turns to Democrats! Most people are appalled at the corruption of @user & family. Trump’s words are now meaningless, not worth time of day, since most see Trump has betrayed fundamental American values. #Democratic2020",important to remember on veterans day that usa turns to democrats most people are appalled at the corruption of family trump s words are now meaningless not worth time of day since most see trump has betrayed fundamental american values democratic,41,News & Social Concern,0.77793056,0.17781128,0.044258144,-0.73367244,0.77793056,Negative
1209140738858065921,2019-12-23,2019,2019-12,Spending my first official day of Christmas Break watching {@Hilarie Burton Morgan@} in #AChristmasWish ❤️ I just think me and Hilarie could be best friends in real life,Spending my first official day of Christmas Break watching @user in #AChristmasWish ❤️ I just think me and Hilarie could be best friends in real life,spending my first official day of christmas break watching in achristmaswish i just think me and hilarie could be best friends in real life,24,Celebrity & Pop Culture|Diaries & Daily Life|Film Tv & Video,0.0031774903,0.026397565,0.970425,0.96724755,0.970425,Positive
1246767206379249664,2020-04-05,2020,2020-04,Wondering if {@Gary Barlow@} is gonna play the star wars song at the start of his livestream later,Wondering if @user is gonna play the star wars song at the start of his livestream later,wondering if is gonna play the star wars song at the start of his livestream later,16,Celebrity & Pop Culture|Film Tv & Video|Music,0.0065482073,0.84790385,0.14554794,0.13899973,0.84790385,Neutral
1209621430293409793,2019-12-24,2019,2019-12,I absolutely loved every moment of Star Wars episode 9. #ThankYouRianJohnson for the perfect setup. {@JJ Abrams@} managed to bring the saga to a fine conclusion and was probably helped by the misdirects in TLJ. Well done to you both. I can’t wait to watch it again. Merry Christmas!,I absolutely loved every moment of Star Wars episode 9. #ThankYouRianJohnson for the perfect setup. @user managed to bring the saga to a fine conclusion and was probably helped by the misdirects in TLJ. Well done to you both. I can’t wait to watch it again. Merry Christmas!,i absolutely loved every moment of star wars episode thankyourianjohnson for the perfect setup managed to bring the saga to a fine conclusion and was probably helped by the misdirects in tlj well done to you both i can t wait to watch it again merry christmas,47,Celebrity & Pop Culture|Film Tv & Video,0.0031776757,0.007783729,0.9890386,0.9858609,0.9890386,Positive
1239399922996113409,2020-03-16,2020,2020-03,"I’ve just been told by a relative in WA, {@Governor Jay Inslee@} has closed all restaurants and bars in the state.","I’ve just been told by a relative in WA, @user has closed all restaurants and bars in the state.",i ve just been told by a relative in wa has closed all restaurants and bars in the state,19,Food & Dining|News & Social Concern|Relationships,0.59235895,0.39544722,0.012193884,-0.5801651,0.59235895,Negative
1335428435884339200,2020-12-06,2020,2020-12,Played {@Hearthstone@} for the 1st time in 3mths today and felt like I never stopped. Loving the new features and quest logs!,Played @user for the 1st time in 3mths today and felt like I never stopped. Loving the new features and quest logs!,played for the st time in mths today and felt like i never stopped loving the new features and quest logs,21,Gaming,0.00243807,0.0109907575,0.98657125,0.9841332,0.98657125,Positive
1312782621634633728,2020-10-04,2020,2020-10,TCU soccer stays undefeated with win over Iowa State | {{USERNAME}} {{URL}},TCU soccer stays undefeated with win over Iowa State | @user http,tcu soccer stays undefeated with win over iowa state,9,Sports,0.0026931092,0.5412629,0.45604396,0.45335084,0.5412629,Neutral
1310367352366731264,2020-09-27,2020,2020-09,"Picking up some good stuff (@ Joe - {{USERNAME}} in New York, NY) {{URL}}","Picking up some good stuff (@ Joe - @user in New York, NY) http",picking up some good stuff joe in new york ny,10,Diaries & Daily Life|Other Hobbies,0.0013464523,0.04395859,0.95469487,0.9533484,0.95469487,Positive
1343343826707116038,2020-12-27,2020,2020-12,I like your smile I like your kindness I like your eyes l like your lips I like your handsome I like the way you think i love your every little thing I really love you #GulfKanawut {@gulfkanawut@} #ดีใจที่ได้เป็นแฟนคลับกลัฟ ❤Gulf morning ❤,I like your smile I like your kindness I like your eyes l like your lips I like your handsome I like the way you think i love your every little thing I really love you #GulfKanawut @user #ดีใจที่ได้เป็นแฟนคลับกลัฟ ❤Gulf morning ❤,i like your smile i like your kindness i like your eyes l like your lips i like your handsome i like the way you think i love your every little thing i really love you gulfkanawut gulf morning,39,Celebrity & Pop Culture,0.0032663543,0.02241048,0.9743232,0.9710569,0.9743232,Positive
1229156934563106817,2020-02-16,2020,2020-02,fuming that the internet here won’t load the new {@Sam and Colby@} video BUT YA GALS STILL GONNA HELP GET IT TRENDING #ShadowMan #ShadowMan #ShadowMan #ShadowMan,fuming that the internet here won’t load the new @user video BUT YA GALS STILL GONNA HELP GET IT TRENDING #ShadowMan #ShadowMan #ShadowMan #ShadowMan,fuming that the internet here won t load the new video but ya gals still gonna help get it trending shadowman shadowman shadowman shadowman,24,Celebrity & Pop Culture|Film Tv & Video,0.6392438,0.25763658,0.10311968,-0.5361241,0.6392438,Negative
1284878733132922886,2020-07-19,2020,2020-07,"Boyertown native and fellow {@Temple University@} grad {{USERNAME}} came up with #FloorIsLavaNetflix. We talk about how the show started, 100,000 gallons of lava and what a season 2 and beyond may look like. Full interview in the story. {{URL}}","Boyertown native and fellow @user grad @user came up with #FloorIsLavaNetflix. We talk about how the show started, 100,000 gallons of lava and what a season 2 and beyond may look like. Full interview in the story. http",boyertown native and fellow grad came up with floorislavanetflix we talk about how the show started gallons of lava and what a season and beyond may look like full interview in the story,33,Film Tv & Video,0.0051627103,0.8047599,0.19007742,0.18491471,0.8047599,Neutral
1310548819122229249,2020-09-28,2020,2020-09,"given that {@Beatport@} has devoted 12 different genres to house music, it would be amazing if they could give one to electro ! electro is always totally lost on Beatport, and it would really make sense that they add this genre as it deserves it! {{URL}}","given that @user has devoted 12 different genres to house music, it would be amazing if they could give one to electro ! electro is always totally lost on Beatport, and it would really make sense that they add this genre as it deserves it! http",given that has devoted different genres to house music it would be amazing if they could give one to electro electro is always totally lost on beatport and it would really make sense that they add this genre as it deserves it,42,Music,0.0047316635,0.04507864,0.95018965,0.945458,0.95018965,Positive
1183439014902161409,2019-10-13,2019,2019-10,Browns all over the Seahawks. But when the {@San Francisco 49ers@} beat the Browns they were bums. Put some respect on the {@San Francisco 49ers@},Browns all over the Seahawks. But when the @user beat the Browns they were bums. Put some respect on the @user,browns all over the seahawks but when the beat the browns they were bums put some respect on the,19,Sports,0.8296678,0.15072392,0.019608228,-0.8100596,0.8296678,Negative
1274793567924424704,2020-06-21,2020,2020-06,"Happy Father s Day to {{USERNAME}} , who is essentially both parents to us. That is how VATSIM works, right?","Happy Father s Day to @user , who is essentially both parents to us. That is how VATSIM works, right?",happy father s day to who is essentially both parents to us that is how vatsim works right,18,Diaries & Daily Life|Family,0.0022215103,0.023558863,0.97421956,0.97199804,0.97421956,Positive
1180659061710348288,2019-10-06,2019,2019-10,I just looked through the first 30 seconds of the video {{USERNAME}} sent to the CNC. It shows both the Lord and Nikolai voters who didn’t send the proof of them being in the server votes were counted. This was fair.,I just looked through the first 30 seconds of the video @user sent to the CNC. It shows both the Lord and Nikolai voters who didn’t send the proof of them being in the server votes were counted. This was fair.,i just looked through the first seconds of the video sent to the cnc it shows both the lord and nikolai voters who didn t send the proof of them being in the server votes were counted this was fair,40,News & Social Concern,0.03997761,0.7240485,0.2359739,0.19599628,0.7240485,Neutral
1267032593339486209,2020-05-31,2020,2020-05,I ve been in law enforcement for 23 years. I ve never seen this in this city and I hope to never see it again - Buffalo Police Captain Jeff Rinaldo {{USERNAME}} #Buffalo protest,I ve been in law enforcement for 23 years. I ve never seen this in this city and I hope to never see it again - Buffalo Police Captain Jeff Rinaldo @user #Buffalo protest,i ve been in law enforcement for years i ve never seen this in this city and i hope to never see it again buffalo police captain jeff rinaldo buffalo protest,31,News & Social Concern,0.625752,0.29226792,0.08198008,-0.54377186,0.625752,Negative
1355153235787587591,2021-01-29,2021,2021-01,Game Day! AVES will be taking on {{USERNAME}} tonight at 9 pm at SportsPlus. This is the second of our home and home series against the Trojans. Should be a good one. First one up in Troy was a 1-0 OT victory for the AVES. Note: Senior Night has been rescheduled for Feb 6,Game Day! AVES will be taking on @user tonight at 9 pm at SportsPlus. This is the second of our home and home series against the Trojans. Should be a good one. First one up in Troy was a 1-0 OT victory for the AVES. Note: Senior Night has been rescheduled for Feb 6,game day aves will be taking on tonight at pm at sportsplus this is the second of our home and home series against the trojans should be a good one first one up in troy was a ot victory for the aves note senior night has been rescheduled for feb,50,Sports,0.0012015112,0.055679567,0.94311893,0.9419174,0.94311893,Positive
1388946190922813440,2021-05-02,2021,2021-05,"Spice, Sean Paul, Shaggy - Go Down Deh | Official Music Video {{URL}} via {@YouTube@} #Spice {@Spice@} {{URL}}","Spice, Sean Paul, Shaggy - Go Down Deh | Official Music Video http via @user #Spice @user http",spice sean paul shaggy go down deh official music video via spice,12,Music,0.0030518053,0.91390604,0.083042234,0.07999043,0.91390604,Neutral
1398275660544495616,2021-05-28,2021,2021-05,White Kid Sing The Blues In Guitar Shop Like It s Nobody s Business! (BR... {{URL}} via {@YouTube@} I see a star.,White Kid Sing The Blues In Guitar Shop Like It s Nobody s Business! (BR... http via @user I see a star.,white kid sing the blues in guitar shop like it s nobody s business br via i see a star,20,Celebrity & Pop Culture|Music,0.026135929,0.4586102,0.51525384,0.48911792,0.51525384,Positive
1348356905559871488,2021-01-10,2021,2021-01,Spent the most of today at {{USERNAME}} ’s crib where he shared with me his vision for his music company which launches soon. He also introduced to me the music of one of biggest artistes that will be coming out of Africa this year. I’m so excited & proud to be part of this.,Spent the most of today at @user ’s crib where he shared with me his vision for his music company which launches soon. He also introduced to me the music of one of biggest artistes that will be coming out of Africa this year. I’m so excited & proud to be part of this.,spent the most of today at s crib where he shared with me his vision for his music company which launches soon he also introduced to me the music of one of biggest artistes that will be coming out of africa this year i m so excited proud to be part of this,53,Celebrity & Pop Culture|Music,0.0011752128,0.011998693,0.9868261,0.9856509,0.9868261,Positive
1322749308609851392,2020-11-01,2020,2020-11,Stay safe filo blinks I followed {@96 5 TDY@} and I vote #LISA for #BiggestCrush at #TDYAwards {@BLACKPINKOFFICIAL@},Stay safe filo blinks I followed @user and I vote #LISA for #BiggestCrush at #TDYAwards @user,stay safe filo blinks i followed and i vote lisa for biggestcrush at tdyawards,14,Celebrity & Pop Culture|News & Social Concern,0.005949386,0.22563778,0.7684129,0.7624635,0.7684129,Positive
1259330065784926208,2020-05-10,2020,2020-05,Watch what happened at 3:06:49 in {{USERNAME}} s broadcast: UFC 249 {{URL}},Watch what happened at 3:06:49 in @user s broadcast: UFC 249 http,watch what happened at in s broadcast ufc,8,Film Tv & Video|Sports,0.009309755,0.9501888,0.04050138,0.031191625,0.9501888,Neutral
1274702692481466368,2020-06-21,2020,2020-06,Dear {{USERNAME}} just saw your interview on {@Jake Tapper@} #CNNSOTU My uncle is dead from #COVID. One of the best men I have ever known and he died alone. That tongue in cheek joke isn t funny. You would be lucky to be half the man he was. You are not. Learn some respect,Dear @user just saw your interview on @user #CNNSOTU My uncle is dead from #COVID. One of the best men I have ever known and he died alone. That tongue in cheek joke isn t funny. You would be lucky to be half the man he was. You are not. Learn some respect,dear just saw your interview on cnnsotu my uncle is dead from covid one of the best men i have ever known and he died alone that tongue in cheek joke isn t funny you would be lucky to be half the man he was you are not learn some respect,51,News & Social Concern,0.9242662,0.06645412,0.009279677,-0.91498655,0.9242662,Negative
1231514934183329792,2020-02-23,2020,2020-02,Deontay Wilder was reportedly taken to the hospital for precautionary reasons after his loss to Tyson Fury. Source-@LAtimes_sports #WilderFury2,Deontay Wilder was reportedly taken to the hospital for precautionary reasons after his loss to Tyson Fury. Source-@user #WilderFury2,deontay wilder was reportedly taken to the hospital for precautionary reasons after his loss to tyson fury source wilderfury,19,Celebrity & Pop Culture|Sports,0.045129426,0.92545587,0.029414698,-0.015714727,0.92545587,Neutral
1429380615699378180,2021-08-22,2021,2021-08,FRESH FIND !! >> Discover New Music and Hot Talents!! Give a listen to Jabber Jaws by MoCity Jones {@YouTube@} #hiphop #rap #new_music {{USERNAME}} #GrooverEffect Follow MoCity Jones: {{URL}} LISTEN HERE {{URL}},FRESH FIND !! >> Discover New Music and Hot Talents!! Give a listen to Jabber Jaws by MoCity Jones @user #hiphop #rap #new_music @user #GrooverEffect Follow MoCity Jones: http LISTEN HERE http,fresh find discover new music and hot talents give a listen to jabber jaws by mocity jones hiphop rap new music groovereffect follow mocity jones listen here,27,Music,0.0020199544,0.23699218,0.7609879,0.75896794,0.7609879,Positive
1376231842932785159,2021-03-28,2021,2021-03,spotify ww #30 baila conmigo (+1) *2 meses* OUT: dancing with the devil *2 dias* {{USERNAME}} {{USERNAME}} {{USERNAME}},spotify ww #30 baila conmigo (+1) *2 meses* OUT: dancing with the devil *2 dias* @user @user @user,spotify ww baila conmigo meses out dancing with the devil dias,11,Music,0.016758306,0.9252155,0.05802621,0.0412679,0.9252155,Neutral
1180812139147206656,2019-10-06,2019,2019-10,Why you should get the flu shot early this year. {{URL}} via {@Las Vegas Sun@},Why you should get the flu shot early this year. http via @user,why you should get the flu shot early this year via,11,Fitness & Health|News & Social Concern,0.03110072,0.8297711,0.13912821,0.10802749,0.8297711,Neutral
1292580907531014151,2020-08-09,2020,2020-08,Rick Ross Offers 50 Cent A Hilarious Chicken Wing Business Proposal -- {{URL}} via {@HipHopDX@},Rick Ross Offers 50 Cent A Hilarious Chicken Wing Business Proposal -- http via @user,rick ross offers cent a hilarious chicken wing business proposal via,11,Business & Entrepreneurs|Celebrity & Pop Culture|Music,0.005419804,0.65663713,0.33794305,0.33252326,0.65663713,Neutral
1173384037039144962,2019-09-15,2019,2019-09,"MSOC: Just about time for the Pilots to hit the pitch in Wisconsin! Tune in for live updates! #GoPilots ⚽️ : {{USERNAME}} vs. Wisconsin : Madison, Wis. ️ : McClimon Soccer Complex ⏰ : 5 PM (Pacific) : {{URL}} : {{URL}}","MSOC: Just about time for the Pilots to hit the pitch in Wisconsin! Tune in for live updates! #GoPilots ⚽️ : @user vs. Wisconsin : Madison, Wis. ️ : McClimon Soccer Complex ⏰ : 5 PM (Pacific) : http : http",msoc just about time for the pilots to hit the pitch in wisconsin tune in for live updates gopilots vs wisconsin madison wis mcclimon soccer complex pm pacific,28,Sports,0.0023859707,0.5599289,0.4376852,0.43529922,0.5599289,Neutral
1175800794291036160,2019-09-22,2019,2019-09,"A clean sheet for {{USERNAME}} marked his 138th league start for the club, moving him into 6th of all time ahead of {{USERNAME}} (137) #Hezzy #HVFC","A clean sheet for @user marked his 138th league start for the club, moving him into 6th of all time ahead of @user (137) #Hezzy #HVFC",a clean sheet for marked his th league start for the club moving him into th of all time ahead of hezzy hvfc,23,Sports,0.0017539839,0.27240226,0.7258437,0.72408974,0.7258437,Positive
1252020426584317953,2020-04-19,2020,2020-04,Did you miss {{USERNAME}} on #cnbc Squawk Box? Click here for the full length interview! ( {{URL}} ),Did you miss @user on #cnbc Squawk Box? Click here for the full length interview! ( http ),did you miss on cnbc squawk box click here for the full length interview,14,Film Tv & Video,0.012381289,0.89752394,0.09009475,0.07771346,0.89752394,Neutral
1284724022005993473,2020-07-19,2020,2020-07,"The Act on Hulu is amazing. So creepy! I could barely recognize {@Patricia Arquette@} . What an amazing transformation. Fantastic artistry, Mama!","The Act on Hulu is amazing. So creepy! I could barely recognize @user . What an amazing transformation. Fantastic artistry, Mama!",the act on hulu is amazing so creepy i could barely recognize what an amazing transformation fantastic artistry mama,19,Arts & Culture|Celebrity & Pop Culture|Film Tv & Video,0.009165844,0.018578235,0.9722559,0.96309006,0.9722559,Positive
1209231892446371840,2019-12-23,2019,2019-12,"2/2...But overwhelming {@Carolina Hurricanes@} positive right now is that Canes are in very, very good position entering Christmas break which is a positive. #LetsGoCanes","2/2...But overwhelming @user positive right now is that Canes are in very, very good position entering Christmas break which is a positive. #LetsGoCanes",but overwhelming positive right now is that canes are in very very good position entering christmas break which is a positive letsgocanes,22,Sports,0.0023382688,0.021306021,0.9763557,0.9740174,0.9763557,Positive
1203788997346156544,2019-12-08,2019,2019-12,So sad to hear the passing of {@JuiceWorlddd@} . To think we were the same age and he isnt with us anymore is so hard to comprehend. He had so much going for him and it s hard to process. But he will live on through his music and all ot his fans. Too soon man. Reast in peace.,So sad to hear the passing of @user . To think we were the same age and he isnt with us anymore is so hard to comprehend. He had so much going for him and it s hard to process. But he will live on through his music and all ot his fans. Too soon man. Reast in peace.,so sad to hear the passing of to think we were the same age and he isnt with us anymore is so hard to comprehend he had so much going for him and it s hard to process but he will live on through his music and all ot his fans too soon man reast in peace,57,Celebrity & Pop Culture|Music,0.7680252,0.18298763,0.04898716,-0.71903807,0.7680252,Negative
1178367867970113537,2019-09-29,2019,2019-09,Great video from {@IGN@} on the making our new {@Call of Duty@} #ModernWarfare #CaptainPrice - played masterfully by {@Barry Sloane@} ! You all are in for a treat come 10/25 - follow Barry and check his new show {@Bluff City Law@} ! {{URL}},Great video from @user on the making our new @user #ModernWarfare #CaptainPrice - played masterfully by @user ! You all are in for a treat come 10/25 - follow Barry and check his new show @user ! http,great video from on the making our new modernwarfare captainprice played masterfully by you all are in for a treat come follow barry and check his new show,28,Gaming,0.0014214085,0.012205879,0.98637277,0.9849514,0.98637277,Positive
1396313345158909958,2021-05-23,2021,2021-05,Closer {{URL}} 10 Years Later {{URL}} That Person Must Be You {{URL}} #winmetawin {@Winmetawin@} #แค่ไหนก็ใกล้1M,Closer http 10 Years Later http That Person Must Be You http #winmetawin @user #แค่ไหนก็ใกล้1M,closer years later that person must be you winmetawin m,10,Celebrity & Pop Culture|Other Hobbies,0.006377693,0.6487726,0.3448497,0.338472,0.6487726,Neutral
1208626652865011712,2019-12-22,2019,2019-12,"I was working security for the Chiefs when {@Terrell Owens@} was with the Bills, he was out on the field 3 hours before kickoff interacted with all the early people in the stadium, signed every autograph and took all the pictures, one of very few players I ever seen do that, respect","I was working security for the Chiefs when @user was with the Bills, he was out on the field 3 hours before kickoff interacted with all the early people in the stadium, signed every autograph and took all the pictures, one of very few players I ever seen do that, respect",i was working security for the chiefs when was with the bills he was out on the field hours before kickoff interacted with all the early people in the stadium signed every autograph and took all the pictures one of very few players i ever seen do that respect,49,Celebrity & Pop Culture|Sports,0.009605821,0.2099974,0.7803968,0.770791,0.7803968,Positive
1193586167234596864,2019-11-10,2019,2019-11,"Guys remember to pray for {{USERNAME}} , he left arsenal to avoid such and now Pep wants his ulcers to come back","Guys remember to pray for @user , he left arsenal to avoid such and now Pep wants his ulcers to come back",guys remember to pray for he left arsenal to avoid such and now pep wants his ulcers to come back,20,Diaries & Daily Life|Sports,0.22610697,0.66390175,0.109991275,-0.1161157,0.66390175,Neutral
1353853543468265475,2021-01-25,2021,2021-01,"YA’LL {@Dale Moss@} is literally a joke, still posting on social media for clout! Someone needs to tell him to stfu already!","YA’LL @user is literally a joke, still posting on social media for clout! Someone needs to tell him to stfu already!",ya ll is literally a joke still posting on social media for clout someone needs to tell him to stfu already,21,Sports,0.9508525,0.04422285,0.0049245884,-0.9459279,0.9508525,Negative
1409299465253621760,2021-06-27,2021,2021-06,Wake Up Little Susie · Jimmy Fortune (Official Music Video) {{URL}} via {@facebookwatch@} {{USERNAME}} Where you been my friend? Hope you are well. For you....,Wake Up Little Susie · Jimmy Fortune (Official Music Video) http via @user @user Where you been my friend? Hope you are well. For you....,wake up little susie jimmy fortune official music video via where you been my friend hope you are well for you,21,Film Tv & Video|Music,0.004548647,0.40367723,0.59177417,0.5872255,0.59177417,Positive
1290131952889020416,2020-08-03,2020,2020-08,"Please help me out, I am a little over half way, need 10 people to chip in 10 bucks Check out my classroom on {@DonorsChoose@} ! I d love your help to bring my project to life: {{URL}}","Please help me out, I am a little over half way, need 10 people to chip in 10 bucks Check out my classroom on @user ! I d love your help to bring my project to life: http",please help me out i am a little over half way need people to chip in bucks check out my classroom on i d love your help to bring my project to life,33,Learning & Educational|Youth & Student Life,0.0045062746,0.07262544,0.9228683,0.918362,0.9228683,Positive
1254319081907519488,2020-04-26,2020,2020-04,⚠️ Warning sign for South African rugby as centre {{USERNAME}} has reportedly opted to terminate his contract with {@Official Blue Bulls@} . {{URL}},⚠️ Warning sign for South African rugby as centre @user has reportedly opted to terminate his contract with @user . http,warning sign for south african rugby as centre has reportedly opted to terminate his contract with,16,Sports,0.40826496,0.5806811,0.011053961,-0.39721102,0.5806811,Neutral
1273183792207978496,2020-06-17,2020,2020-06,"Father God, we pray pierce the heart of President Trump, {@President Biden@} so that he mourns with those who have lost loved ones in 2020. Jesus, change his point of view. Break his heart with what concerns You - the people need compassion and acknowledgment! SHAKE HIM AWAKE!","Father God, we pray pierce the heart of President Trump, @user so that he mourns with those who have lost loved ones in 2020. Jesus, change his point of view. Break his heart with what concerns You - the people need compassion and acknowledgment! SHAKE HIM AWAKE!",father god we pray pierce the heart of president trump so that he mourns with those who have lost loved ones in jesus change his point of view break his heart with what concerns you the people need compassion and acknowledgment shake him awake,44,News & Social Concern,0.3464673,0.47717676,0.176356,-0.17011128,0.47717676,Neutral
1211343993541234688,2019-12-29,2019,2019-12,Check out Steve Madden Impass Chelsea Mid Boot Color Wood Size 10M $100 NEW With The Box {{URL}} {{USERNAME}},Check out Steve Madden Impass Chelsea Mid Boot Color Wood Size 10M $100 NEW With The Box http @user,check out steve madden impass chelsea mid boot color wood size m new with the box,16,Fashion & Style,0.0041588275,0.74361104,0.25223008,0.24807125,0.74361104,Neutral
1236590624570212352,2020-03-08,2020,2020-03,I’m so sad the time change messed up the {@Dunkin@} app and I couldn’t get Dunkin’ for my last clinical day #NurseBrooke2020,I’m so sad the time change messed up the @user app and I couldn’t get Dunkin’ for my last clinical day #NurseBrooke2020,i m so sad the time change messed up the app and i couldn t get dunkin for my last clinical day nursebrooke,23,Diaries & Daily Life,0.93468976,0.059354216,0.0059560505,-0.9287337,0.93468976,Negative
1241574771348901890,2020-03-22,2020,2020-03,I went grocery shopping today. I got to shop between the bare isles for what was left to feed my family for the week. I think I did ok. The Walmart staff was working hard to replenish the store but it seemed futile. Keep up the hard work! {@Walmart@},I went grocery shopping today. I got to shop between the bare isles for what was left to feed my family for the week. I think I did ok. The Walmart staff was working hard to replenish the store but it seemed futile. Keep up the hard work! @user,i went grocery shopping today i got to shop between the bare isles for what was left to feed my family for the week i think i did ok the walmart staff was working hard to replenish the store but it seemed futile keep up the hard work,48,Business & Entrepreneurs|Diaries & Daily Life|Food & Dining|News & Social Concern,0.0063418914,0.04607583,0.9475823,0.94124043,0.9475823,Positive
1213910779776425986,2020-01-05,2020,2020-01,⭐️ Looking forward to a busy new term with lots of exciting new projects ⭐️ GCSE 2020 exam papers out tomorrow support sessions after school every Monday & Tuesday {{USERNAME}},⭐️ Looking forward to a busy new term with lots of exciting new projects ⭐️ GCSE 2020 exam papers out tomorrow support sessions after school every Monday & Tuesday @user,looking forward to a busy new term with lots of exciting new projects gcse exam papers out tomorrow support sessions after school every monday tuesday,25,Learning & Educational,0.001177408,0.019728301,0.9790942,0.9779168,0.9790942,Positive
1401686205851439109,2021-06-06,2021,2021-06,Really the Titans only gave up a 4 th round pick and got Jones and a 6th round in return {@New England Patriots@},Really the Titans only gave up a 4 th round pick and got Jones and a 6th round in return @user,really the titans only gave up a th round pick and got jones and a th round in return,19,Sports,0.059817266,0.8771511,0.06303164,0.003214378,0.8771511,Neutral
1178157192433692673,2019-09-29,2019,2019-09,"Had super fun at Twitch rivals, was short 100$ to get to top8 but that only motivates me to practice and stream more {@Teamfight Tactics@} Absolutely love the game. Thanks {@G2 Esports@} for the support and grats to my teammate {@Hafu@} for the second place!","Had super fun at Twitch rivals, was short 100$ to get to top8 but that only motivates me to practice and stream more @user Absolutely love the game. Thanks @user for the support and grats to my teammate @user for the second place!",had super fun at twitch rivals was short to get to top but that only motivates me to practice and stream more absolutely love the game thanks for the support and grats to my teammate for the second place,39,Gaming|Sports,0.0028846732,0.008207331,0.988908,0.9860233,0.988908,Positive
1254286957091319808,2020-04-26,2020,2020-04,#Delhi returnee tests negative but three family members positive for #coronavirus in #Srikakulam of #AndhraPradesh {{URL}} via {@The New Indian Express@} #AndhraFightsCorona #COVID19 #AndhraPradesh,#Delhi returnee tests negative but three family members positive for #coronavirus in #Srikakulam of #AndhraPradesh http via @user #AndhraFightsCorona #COVID19 #AndhraPradesh,delhi returnee tests negative but three family members positive for coronavirus in srikakulam of andhrapradesh via andhrafightscorona covid andhrapradesh,19,News & Social Concern,0.1714591,0.795618,0.03292288,-0.13853621,0.795618,Neutral
1213943172415406080,2020-01-05,2020,2020-01,"cheering on {@Russell Wilson@} from my couch today... but wouldn’t mind another location to cheer him on for the Super Bowl, {@Alaska Airlines@} ! #AlaskaHappyHour","cheering on @user from my couch today... but wouldn’t mind another location to cheer him on for the Super Bowl, @user ! #AlaskaHappyHour",cheering on from my couch today but wouldn t mind another location to cheer him on for the super bowl alaskahappyhour,21,Celebrity & Pop Culture|Sports,0.0023180612,0.030161189,0.9675207,0.9652026,0.9675207,Positive
1338239252220555266,2020-12-13,2020,2020-12,There’s no reason why {@Facu Pellistri@} shouldn’t start against Everton in the EFL Cup.,There’s no reason why @user shouldn’t start against Everton in the EFL Cup.,there s no reason why shouldn t start against everton in the efl cup,14,Sports,0.3266656,0.6145165,0.058817875,-0.26784775,0.6145165,Neutral
1195874303620849664,2019-11-17,2019,2019-11,Time to switch to the Heat game. Good luck boys {@Florida Panthers@} but I just can t watch with Bobtrashky in net. Sorry ‍♂️,Time to switch to the Heat game. Good luck boys @user but I just can t watch with Bobtrashky in net. Sorry ‍♂️,time to switch to the heat game good luck boys but i just can t watch with bobtrashky in net sorry,21,Sports,0.3928637,0.39465034,0.21248598,-0.1803777,0.39465034,Neutral
1359683077614669824,2021-02-11,2021,2021-02,Britt Reid is no longer on the Chiefs’ coaching staff {{URL}} via {@New York Post@},Britt Reid is no longer on the Chiefs’ coaching staff http via @user,britt reid is no longer on the chiefs coaching staff via,11,Sports,0.10485195,0.88196117,0.013186867,-0.09166509,0.88196117,Neutral
1236491194890403840,2020-03-08,2020,2020-03,"Also, Daniel and I did some day drinking, we are lit. Happy day light savings. {{USERNAME}}","Also, Daniel and I did some day drinking, we are lit. Happy day light savings. @user",also daniel and i did some day drinking we are lit happy day light savings,15,Diaries & Daily Life,0.0019247095,0.014495698,0.9835796,0.9816549,0.9835796,Positive
1203576004964503552,2019-12-08,2019,2019-12,Disgraced rockers Brand New allegedly scrubbed from Spotify Wrapped lists|from {{USERNAME}} {{URL}},Disgraced rockers Brand New allegedly scrubbed from Spotify Wrapped lists|from @user http,disgraced rockers brand new allegedly scrubbed from spotify wrapped lists from,11,Celebrity & Pop Culture|Music|News & Social Concern,0.91020906,0.08411812,0.0056728106,-0.90453625,0.91020906,Negative
1350200429188165635,2021-01-15,2021,2021-01,Preparing Raymond James Stadium Super Bowl LV {{URL}} via {@10 Tampa Bay@} They need to cancel the Super bowl here in Florida. That s crazy to hold in Florida where the virus is is spreading faster every day !! There is a bad bad pandemic case load here in Florida.,Preparing Raymond James Stadium Super Bowl LV http via @user They need to cancel the Super bowl here in Florida. That s crazy to hold in Florida where the virus is is spreading faster every day !! There is a bad bad pandemic case load here in Florida.,preparing raymond james stadium super bowl lv via they need to cancel the super bowl here in florida that s crazy to hold in florida where the virus is is spreading faster every day there is a bad bad pandemic case load here in florida,45,Fitness & Health|News & Social Concern|Sports,0.91216356,0.080023624,0.00781287,-0.9043507,0.91216356,Negative
1198345915804913665,2019-11-23,2019,2019-11,The most savage thing the {@Cleveland Browns@} could do is release a ‘Building the Browns’ episode with the audio of Mason calling Myles the n word,The most savage thing the @user could do is release a ‘Building the Browns’ episode with the audio of Mason calling Myles the n word,the most savage thing the could do is release a building the browns episode with the audio of mason calling myles the n word,24,Sports,0.8935554,0.099093705,0.007350841,-0.88620454,0.8935554,Negative
1344491479452979203,2020-12-31,2020,2020-12,Our FINAL broadcasts of 2020! New Years Eve Boys Hockey! {{USERNAME}} vs {{USERNAME}} 12/31: JV at 1pm / Varsity 3:15pm Watch them both at {{URL}},Our FINAL broadcasts of 2020! New Years Eve Boys Hockey! @user vs @user 12/31: JV at 1pm / Varsity 3:15pm Watch them both at http,our final broadcasts of new years eve boys hockey vs jv at pm varsity pm watch them both at,19,Sports,0.0030591371,0.80875415,0.18818676,0.18512763,0.80875415,Neutral
1431979245979508738,2021-08-29,2021,2021-08,"A tad embarrassed to say I hadn’t yet been to {@City of Lenexa@} ’s City Center. Wow! With downtown apartments, library and County Square coming, I’m excited to see what the future holds for Olathe. A place for gathering, eating and grabbing a drink.","A tad embarrassed to say I hadn’t yet been to @user ’s City Center. Wow! With downtown apartments, library and County Square coming, I’m excited to see what the future holds for Olathe. A place for gathering, eating and grabbing a drink.",a tad embarrassed to say i hadn t yet been to s city center wow with downtown apartments library and county square coming i m excited to see what the future holds for olathe a place for gathering eating and grabbing a drink,43,Arts & Culture|Food & Dining|Travel & Adventure,0.0027428414,0.020674773,0.97658247,0.97383964,0.97658247,Positive
1241001123730706438,2020-03-20,2020,2020-03,". {@Rashami Desai@} , who recently got on the streets of Mumbai to do some vegetable shopping. Check out her pictures! #BiggBoss13 | #RashamiDesai | #COVID19 | #Coronavirus | #CoronaStopKaroNa | #CoronaVirusUpdate {{URL}}",". @user , who recently got on the streets of Mumbai to do some vegetable shopping. Check out her pictures! #BiggBoss13 | #RashamiDesai | #COVID19 | #Coronavirus | #CoronaStopKaroNa | #CoronaVirusUpdate http",who recently got on the streets of mumbai to do some vegetable shopping check out her pictures biggboss rashamidesai covid coronavirus coronastopkarona coronavirusupdate,23,Diaries & Daily Life|Food & Dining,0.024520908,0.7665697,0.20890944,0.18438853,0.7665697,Neutral
1200983992087875584,2019-12-01,2019,2019-12,I just asked UN Human Rights chief {@Michelle Bachelet@} to join {{USERNAME}} of {@CODEPINK@} on the ground in #Bolivia. The repression and massacres of the Bolivian people must stop! Stop the #BoliviaCoup! #BoliviaGolpeDeEstado #EvoEsPueblo {{URL}} via {@CODEPINK@},I just asked UN Human Rights chief @user to join @user of @user on the ground in #Bolivia. The repression and massacres of the Bolivian people must stop! Stop the #BoliviaCoup! #BoliviaGolpeDeEstado #EvoEsPueblo http via @user,i just asked un human rights chief to join of on the ground in bolivia the repression and massacres of the bolivian people must stop stop the boliviacoup boliviagolpedeestado evoespueblo via,31,News & Social Concern,0.56303,0.3904698,0.046500172,-0.51652986,0.56303,Negative
1177069851736727553,2019-09-26,2019,2019-09,Boston Red Sox News - {{USERNAME}} hits a Home Run in the top of the 7th inning to put the Red Sox ahead of Texas 8-3! -Staff #bostonredsox #redsox #boston #bostonsports #bostonathlete #bostonathletemagazine,Boston Red Sox News - @user hits a Home Run in the top of the 7th inning to put the Red Sox ahead of Texas 8-3! -Staff #bostonredsox #redsox #boston #bostonsports #bostonathlete #bostonathletemagazine,boston red sox news hits a home run in the top of the th inning to put the red sox ahead of texas staff bostonredsox redsox boston bostonsports bostonathlete bostonathletemagazine,30,Sports,0.0026007923,0.5204406,0.47695866,0.47435787,0.5204406,Neutral
1364604506248343553,2021-02-24,2021,2021-02,REQUEST {@ARASHI@} {@MTV@} #FridayLivestream o｡｡.｡｡oo｡｡.｡｡o Please play the music video for ARASHI s Turning Up on Friday Livestream. o｡｡.｡｡oo｡｡.｡｡o STORY IN THE SUMMER / Kite Whenever You Call ARASHI ↓↓OK copy & paste OK,REQUEST @user @user #FridayLivestream o｡｡.｡｡oo｡｡.｡｡o Please play the music video for ARASHI s Turning Up on Friday Livestream. o｡｡.｡｡oo｡｡.｡｡o STORY IN THE SUMMER / Kite Whenever You Call ARASHI ↓↓OK copy & paste OK,request fridaylivestream o oo o please play the music video for arashi s turning up on friday livestream o oo o story in the summer kite whenever you call arashi ok copy paste ok,34,Celebrity & Pop Culture|Film Tv & Video|Music,0.0056054443,0.6903243,0.30407023,0.29846478,0.6903243,Neutral
1195995580163477504,2019-11-17,2019,2019-11,"Lights Up and Watermelon Sugar get down and go hard, but i need a song on Fine Line to go HARD. LIKE CAN’T STOP DANCING FORGET WHERE I AM HARD. LIKE KIWI BUT EVEN HARDER {@Harry Styles@} will there be one? FRFR ASF TWINZZZZZ","Lights Up and Watermelon Sugar get down and go hard, but i need a song on Fine Line to go HARD. LIKE CAN’T STOP DANCING FORGET WHERE I AM HARD. LIKE KIWI BUT EVEN HARDER @user will there be one? FRFR ASF TWINZZZZZ",lights up and watermelon sugar get down and go hard but i need a song on fine line to go hard like can t stop dancing forget where i am hard like kiwi but even harder will there be one frfr asf twinzzzzz,43,Celebrity & Pop Culture|Music,0.06178703,0.2828816,0.65533143,0.5935444,0.65533143,Positive
1406521046228930561,2021-06-20,2021,2021-06,The Parish Eucharist is in the building at 9:30am and our online service is available here {{URL}} {{USERNAME}} {{USERNAME}},The Parish Eucharist is in the building at 9:30am and our online service is available here http @user @user,the parish eucharist is in the building at am and our online service is available here,16,Arts & Culture|Other Hobbies,0.0030732853,0.86499816,0.13192852,0.12885523,0.86499816,Neutral
1330571417868410880,2020-11-22,2020,2020-11,. {@Kevin M Kruse@} Perhaps a fairly uninteresting question but after JFK was assassinated was Jackie and family given time to transition out of the White House while still grieving?,. @user Perhaps a fairly uninteresting question but after JFK was assassinated was Jackie and family given time to transition out of the White House while still grieving?,perhaps a fairly uninteresting question but after jfk was assassinated was jackie and family given time to transition out of the white house while still grieving,26,Celebrity & Pop Culture|News & Social Concern,0.2579079,0.733291,0.008801128,-0.24910676,0.733291,Neutral
1339566698404442113,2020-12-17,2020,2020-12,"WTH, even a published {@The Associated Press@} article mindlessly defaults Iowa State to Ohio State. Check out the Barta quotes near the end. Unbelievable... {{URL}}","WTH, even a published @user article mindlessly defaults Iowa State to Ohio State. Check out the Barta quotes near the end. Unbelievable... http",wth even a published article mindlessly defaults iowa state to ohio state check out the barta quotes near the end unbelievable,21,Sports,0.8635848,0.1269878,0.009427422,-0.8541574,0.8635848,Negative
1267243722866962432,2020-05-31,2020,2020-05,Why is {@CNN@} reporting on the projectiles hitting law enforcement but not on the excessive force police officers continue to use on protesters across the country? #BlackLivesMatter #EndPoliceBrutality,Why is @user reporting on the projectiles hitting law enforcement but not on the excessive force police officers continue to use on protesters across the country? #BlackLivesMatter #EndPoliceBrutality,why is reporting on the projectiles hitting law enforcement but not on the excessive force police officers continue to use on protesters across the country blacklivesmatter endpolicebrutality,27,Diaries & Daily Life|News & Social Concern,0.85078824,0.1430049,0.0062067932,-0.8445814,0.85078824,Negative
1176918490642407424,2019-09-25,2019,2019-09,The WHO says climate change is the greatest threat to our health but opportunity for increasing health and social equity. I can t help but worry about people taking advantage of disaster capitalism {@Naomi Klein@} {{USERNAME}} {{URL}},The WHO says climate change is the greatest threat to our health but opportunity for increasing health and social equity. I can t help but worry about people taking advantage of disaster capitalism @user @user http,the who says climate change is the greatest threat to our health but opportunity for increasing health and social equity i can t help but worry about people taking advantage of disaster capitalism,33,News & Social Concern|Science & Technology,0.75680536,0.218976,0.024218636,-0.73258674,0.75680536,Negative
1320724377470685185,2020-10-26,2020,2020-10,Petition to have Vin Scully commentate Game 6 and if necessary Game 7 so we can hear him if the Dodgers win. {{USERNAME}} {{USERNAME}} {{USERNAME}},Petition to have Vin Scully commentate Game 6 and if necessary Game 7 so we can hear him if the Dodgers win. @user @user @user,petition to have vin scully commentate game and if necessary game so we can hear him if the dodgers win,20,Gaming|Sports,0.011015839,0.7828889,0.20609528,0.19507945,0.7828889,Neutral
1223817048448360449,2020-02-02,2020,2020-02,"I ve learnt to pay attention to these forecasts. Typical weather - there may be some tropical cyclones dumping rain in later Feb, over March. Normal really. Just wish there was some sprinkling to soften the ground up first... {{USERNAME}} {{URL}}","I ve learnt to pay attention to these forecasts. Typical weather - there may be some tropical cyclones dumping rain in later Feb, over March. Normal really. Just wish there was some sprinkling to soften the ground up first... @user http",i ve learnt to pay attention to these forecasts typical weather there may be some tropical cyclones dumping rain in later feb over march normal really just wish there was some sprinkling to soften the ground up first,38,News & Social Concern,0.09196491,0.698712,0.20932314,0.11735823,0.698712,Neutral
1225888957067603969,2020-02-07,2020,2020-02,The nfl shop cancelled my {@Tyrann Mathieu@} jersey order even though I purchased it 30 SECONDS after they won the AFC championship n paid extra for fast shipping..now they’re sold out I’m still heart broken about this. I was about to give Aidan the best valentines gift of his life,The nfl shop cancelled my @user jersey order even though I purchased it 30 SECONDS after they won the AFC championship n paid extra for fast shipping..now they’re sold out I’m still heart broken about this. I was about to give Aidan the best valentines gift of his life,the nfl shop cancelled my jersey order even though i purchased it seconds after they won the afc championship n paid extra for fast shipping now they re sold out i m still heart broken about this i was about to give aidan the best valentines gift of his life,50,Fashion & Style|Sports,0.88135606,0.10204282,0.016601132,-0.8647549,0.88135606,Negative
1287927373812436993,2020-07-28,2020,2020-07,"Jamal Adams takes victory lap online, arrives in Seattle to report for training camp. Here s why #Seahawks made what for them is an unprecedented trade for the All-Pro safety. It only works if they re-sign Adams beyond 2021. They plan to: {{URL}} {@Tacoma News Tribune@}","Jamal Adams takes victory lap online, arrives in Seattle to report for training camp. Here s why #Seahawks made what for them is an unprecedented trade for the All-Pro safety. It only works if they re-sign Adams beyond 2021. They plan to: http @user",jamal adams takes victory lap online arrives in seattle to report for training camp here s why seahawks made what for them is an unprecedented trade for the all pro safety it only works if they re sign adams beyond they plan to,43,Sports,0.0037460155,0.25736687,0.7388871,0.73514104,0.7388871,Positive
1254258103043846146,2020-04-26,2020,2020-04,Deepest sympathies are extended to the {@South Australia Police@} team and family of Det Supt Shanahan at this time. RIP and thankyou for your service.,Deepest sympathies are extended to the @user team and family of Det Supt Shanahan at this time. RIP and thankyou for your service.,deepest sympathies are extended to the team and family of det supt shanahan at this time rip and thankyou for your service,22,News & Social Concern,0.109211236,0.23753574,0.653253,0.54404175,0.653253,Positive
1180842424672776192,2019-10-06,2019,2019-10,Cmon {@Twitter@} i already sent a request so please send me my archive immediately! I need to retieve my deleted #RSD entry tweets. N O W !,Cmon @user i already sent a request so please send me my archive immediately! I need to retieve my deleted #RSD entry tweets. N O W !,cmon i already sent a request so please send me my archive immediately i need to retieve my deleted rsd entry tweets n o w,25,News & Social Concern,0.58220893,0.36045513,0.057335895,-0.524873,0.58220893,Negative
1259361155254038529,2020-05-10,2020,2020-05,"Happy Mother’s Day to all super moms out there especially to my mother! You’re the best, ILY!❤️❤️ ILYMa from SB19xA Tin {@SB19 Official@} #SB19","Happy Mother’s Day to all super moms out there especially to my mother! You’re the best, ILY!❤️❤️ ILYMa from SB19xA Tin @user #SB19",happy mother s day to all super moms out there especially to my mother you re the best ily ilyma from sb xa tin sb,25,Diaries & Daily Life|Family|Relationships,0.0033895527,0.0072921184,0.9893183,0.9859288,0.9893183,Positive
1206326609336295432,2019-12-15,2019,2019-12,i was tagged by {{USERNAME}} height: 5 3 shoe size: 9.5 US zodiac: ♋️ tattoos: 2 piercings: 1? fav color: yellow and blue fav food: sushi favorite drink: vodka or rum tag 4: {{USERNAME}} {{USERNAME}} {{USERNAME}} {{USERNAME}},i was tagged by @user height: 5 3 shoe size: 9.5 US zodiac: ♋️ tattoos: 2 piercings: 1? fav color: yellow and blue fav food: sushi favorite drink: vodka or rum tag 4: @user @user @user @user,i was tagged by height shoe size us zodiac tattoos piercings fav color yellow and blue fav food sushi favorite drink vodka or rum tag,25,Diaries & Daily Life,0.005231908,0.5213437,0.4734244,0.4681925,0.5213437,Neutral
1279745229306900480,2020-07-05,2020,2020-07,Sunday morning with {@The Oak Ridge Boys@} ! … Come Now Is The Time to Worship by The Oak Ridge Boys {{URL}},Sunday morning with @user ! … Come Now Is The Time to Worship by The Oak Ridge Boys http,sunday morning with come now is the time to worship by the oak ridge boys,15,Celebrity & Pop Culture|Music,0.0019514458,0.26606473,0.73198384,0.7300324,0.73198384,Positive
1201288034152538113,2019-12-01,2019,2019-12,Every time someone complains about the Christmas lights up till January add another month that they stay up. {{USERNAME}},Every time someone complains about the Christmas lights up till January add another month that they stay up. @user,every time someone complains about the christmas lights up till january add another month that they stay up,18,Arts & Culture|Diaries & Daily Life,0.5435672,0.40412295,0.052309886,-0.4912573,0.5435672,Negative
1294811597827764225,2020-08-16,2020,2020-08,Major quantum computational breakthrough is shaking up physics and maths MIP*=RE Two different descriptions of the same quantum phenomenon were expected to be mathematically equivalent but a new paper now shows that they aren’t... {{URL}} via {@The Conversation@},Major quantum computational breakthrough is shaking up physics and maths MIP*=RE Two different descriptions of the same quantum phenomenon were expected to be mathematically equivalent but a new paper now shows that they aren’t... http via @user,major quantum computational breakthrough is shaking up physics and maths mip re two different descriptions of the same quantum phenomenon were expected to be mathematically equivalent but a new paper now shows that they aren t via,37,Learning & Educational|News & Social Concern|Science & Technology,0.064950734,0.7162819,0.21876732,0.15381658,0.7162819,Neutral
1249237336061292544,2020-04-12,2020,2020-04,I pray for the safety of those in Ogun and Lagos state right now. God protect and cleanse our country {@Nigeria Police Force@} has failed its citizens {@UNICEF@} #OgunUnrestMore #ogunUnrest #lagosunrest,I pray for the safety of those in Ogun and Lagos state right now. God protect and cleanse our country @user has failed its citizens @user #OgunUnrestMore #ogunUnrest #lagosunrest,i pray for the safety of those in ogun and lagos state right now god protect and cleanse our country has failed its citizens ogununrestmore ogununrest lagosunrest,27,News & Social Concern,0.81410027,0.15715843,0.028741255,-0.785359,0.81410027,Negative
1371188661266579459,2021-03-14,2021,2021-03,Aj and the Queen was so beautiful thank you {@RuPaul@} I thought I couldn’t love you any more but momma you proved me wrong honey! ❤️,Aj and the Queen was so beautiful thank you @user I thought I couldn’t love you any more but momma you proved me wrong honey! ❤️,aj and the queen was so beautiful thank you i thought i couldn t love you any more but momma you proved me wrong honey,25,Celebrity & Pop Culture|Film Tv & Video,0.0047899922,0.008605342,0.98660463,0.9818146,0.98660463,Positive
1241695293793538051,2020-03-22,2020,2020-03,Happy Mothers Day to this wonderful gem of a woman {{USERNAME}} love ya mommabear!,Happy Mothers Day to this wonderful gem of a woman @user love ya mommabear!,happy mothers day to this wonderful gem of a woman love ya mommabear,13,Diaries & Daily Life|Family|Relationships,0.004439948,0.008391793,0.9871682,0.98272824,0.9871682,Positive
1279595327042060289,2020-07-05,2020,2020-07,10-0 win over Georgia Stars Baseball Academy. SP Christian Mansfield 5 IP 4 H 6 K’s! 3B {{USERNAME}} 2-2 with a 2B and a 3B with 4 RBI’s! Dogs take the #3 seed and will play TN Select bright and early @ 9:00 am for the start of bracket play!,10-0 win over Georgia Stars Baseball Academy. SP Christian Mansfield 5 IP 4 H 6 K’s! 3B @user 2-2 with a 2B and a 3B with 4 RBI’s! Dogs take the #3 seed and will play TN Select bright and early @ 9:00 am for the start of bracket play!,win over georgia stars baseball academy sp christian mansfield ip h k s b with a b and a b with rbi s dogs take the seed and will play tn select bright and early am for the start of bracket play,42,Sports,0.0021110703,0.15399455,0.84389436,0.8417833,0.84389436,Positive
1251722067155857409,2020-04-19,2020,2020-04,"Hey, Dani. Do u remember that time watching {@Liquid Stranger@} s set at {@Lost Lands Festival@} when u were stuck and couldnt move?.... No? .... yeah, me either. Favorite set from the whole weekend!","Hey, Dani. Do u remember that time watching @user s set at @user when u were stuck and couldnt move?.... No? .... yeah, me either. Favorite set from the whole weekend!",hey dani do u remember that time watching s set at when u were stuck and couldnt move no yeah me either favorite set from the whole weekend,28,Music,0.021766365,0.15386018,0.8243734,0.80260706,0.8243734,Positive
1234206490086510597,2020-03-01,2020,2020-03,"Already sold ot!!!! If I can t play this, I m not sure the con will be worth attending! Nah, this sounds like fun but GaryCon is still going to be great. Black Magic and Beignets: Disney Princesses in New Orleans {{USERNAME}} .con {{URL}} ##event #convention #boardgames","Already sold ot!!!! If I can t play this, I m not sure the con will be worth attending! Nah, this sounds like fun but GaryCon is still going to be great. Black Magic and Beignets: Disney Princesses in New Orleans @user .con http ##event #convention #boardgames",already sold ot if i can t play this i m not sure the con will be worth attending nah this sounds like fun but garycon is still going to be great black magic and beignets disney princesses in new orleans con event convention boardgames,45,Diaries & Daily Life|Gaming,0.06041562,0.14404662,0.7955378,0.7351222,0.7955378,Positive
1213912654873583616,2020-01-05,2020,2020-01,"Looking forward to this roundtable discussion of Philipp Stelzel s History after Hitler. A Transatlantic Enterprise. Comments by {{USERNAME}} , Donna Harsch and others: {{URL}}","Looking forward to this roundtable discussion of Philipp Stelzel s History after Hitler. A Transatlantic Enterprise. Comments by @user , Donna Harsch and others: http",looking forward to this roundtable discussion of philipp stelzel s history after hitler a transatlantic enterprise comments by donna harsch and others,22,Arts & Culture|Learning & Educational,0.0031419976,0.121036604,0.8758214,0.8726794,0.8758214,Positive
1229183236066172929,2020-02-16,2020,2020-02,". {@Andrew Yang@} is just the beginning of tech’s breakthrough into politics. Data, software, and the internet are coming for these outdated boomer-drenched archaic systems and we’re going to take em down",". @user is just the beginning of tech’s breakthrough into politics. Data, software, and the internet are coming for these outdated boomer-drenched archaic systems and we’re going to take em down",is just the beginning of tech s breakthrough into politics data software and the internet are coming for these outdated boomer drenched archaic systems and we re going to take em down,32,News & Social Concern|Science & Technology,0.26567447,0.5378056,0.19651991,-0.06915456,0.5378056,Neutral
1241665911720984580,2020-03-22,2020,2020-03,"#Finland s allowing the flow of tourists into #Lapland. Main road north so full, speed was down to 60kph. Why are many hotels & restaurants still open {@Finnish Government@} , {@Finnish Embassy UK@} , {@THL@} , {@Finnish Institute for Health and Welfare THL@} ? Idiotic to close state facilities and not close for for-profits.","#Finland s allowing the flow of tourists into #Lapland. Main road north so full, speed was down to 60kph. Why are many hotels & restaurants still open @user , @user , @user , @user ? Idiotic to close state facilities and not close for for-profits.",finland s allowing the flow of tourists into lapland main road north so full speed was down to kph why are many hotels restaurants still open idiotic to close state facilities and not close for for profits,37,Business & Entrepreneurs|Fitness & Health|News & Social Concern,0.661024,0.31642848,0.022547515,-0.63847643,0.661024,Negative
1178184250337583104,2019-09-29,2019,2019-09,Shout out to the {@Richmond FC@} social media & comms teams. You must be exhausted. The job you’ve done - not just this week but this year - has been fantastic #gotiges,Shout out to the @user social media & comms teams. You must be exhausted. The job you’ve done - not just this week but this year - has been fantastic #gotiges,shout out to the social media comms teams you must be exhausted the job you ve done not just this week but this year has been fantastic gotiges,28,Diaries & Daily Life|Sports,0.005543972,0.016742159,0.9777139,0.97216994,0.9777139,Positive
1211647784043999232,2019-12-30,2019,2019-12,Keep the party going or wake up early? {{USERNAME}} {{USERNAME}} {{USERNAME}} {{USERNAME}} {@Warren Barton@} {{USERNAME}} {@Premier League USA@} {@NBC Sports Soccer@} Either way New Year s Day will be a Black N White Affair️ #NUFC v #LCFC 8am {{USERNAME}} ⚽️See you there!,Keep the party going or wake up early? @user @user @user @user @user @user @user @user Either way New Year s Day will be a Black N White Affair️ #NUFC v #LCFC 8am @user ⚽️See you there!,keep the party going or wake up early either way new year s day will be a black n white affair nufc v lcfc am see you there,28,Sports,0.0066939155,0.60350335,0.3898028,0.38310888,0.60350335,Neutral
1282157177168433153,2020-07-12,2020,2020-07,naya rivera: stop doing the bare minimum - Sign the Petition! {{URL}} via {{USERNAME}},naya rivera: stop doing the bare minimum - Sign the Petition! http via @user,naya rivera stop doing the bare minimum sign the petition via,11,Celebrity & Pop Culture|News & Social Concern,0.20843767,0.6750176,0.1165448,-0.09189287,0.6750176,Neutral
1287477392244645890,2020-07-26,2020,2020-07,Also: our vegan chef {{USERNAME}} is selling the meal she made on live today which is... vegan jambalaya She’s doing local deliveries in Indy until 8pm. Contact her on IG for more details! {{URL}} Don’t forget to donate! Enter “Mysterie” in the box!,Also: our vegan chef @user is selling the meal she made on live today which is... vegan jambalaya She’s doing local deliveries in Indy until 8pm. Contact her on IG for more details! http Don’t forget to donate! Enter “Mysterie” in the box!,also our vegan chef is selling the meal she made on live today which is vegan jambalaya she s doing local deliveries in indy until pm contact her on ig for more details don t forget to donate enter mysterie in the box,43,Arts & Culture|Business & Entrepreneurs|Food & Dining,0.001747258,0.23042783,0.76782495,0.7660777,0.76782495,Positive
1393747945380630528,2021-05-16,2021,2021-05,"The biggest thing that happens in Bonifay, Florida is The Northwest Florida Championship Prorodeo. It s a PRCA rodeo. {{USERNAME}} Its 3 nights. I ve grown up around the rodeo in Bonifay all of my life. {{USERNAME}}","The biggest thing that happens in Bonifay, Florida is The Northwest Florida Championship Prorodeo. It s a PRCA rodeo. @user Its 3 nights. I ve grown up around the rodeo in Bonifay all of my life. @user",the biggest thing that happens in bonifay florida is the northwest florida championship prorodeo it s a prca rodeo its nights i ve grown up around the rodeo in bonifay all of my life,34,Sports,0.0025806075,0.10808678,0.88933253,0.88675195,0.88933253,Positive
1431856130947358723,2021-08-29,2021,2021-08,#MorbexFinance #Morbex #BEX #technology #bitcoin #BNB #fintech {{USERNAME}} This project undoubtedly achieve great success.because it has a huge potential and vision for the future. so everybody Part on this project.and working at home is the right choice now.,#MorbexFinance #Morbex #BEX #technology #bitcoin #BNB #fintech @user This project undoubtedly achieve great success.because it has a huge potential and vision for the future. so everybody Part on this project.and working at home is the right choice now.,morbexfinance morbex bex technology bitcoin bnb fintech this project undoubtedly achieve great success because it has a huge potential and vision for the future so everybody part on this project and working at home is the right choice now,39,Business & Entrepreneurs|Other Hobbies,0.002582867,0.03894281,0.9584744,0.95589155,0.9584744,Positive
1254469547601657861,2020-04-26,2020,2020-04,"Overall I thought the {@Atlanta Falcons@} draft was a B. Couple of steals, good amount of reaches. What I’ve come to expect every year. Let’s hope this class brings back 2016 vibes! Rise Up!","Overall I thought the @user draft was a B. Couple of steals, good amount of reaches. What I’ve come to expect every year. Let’s hope this class brings back 2016 vibes! Rise Up!",overall i thought the draft was a b couple of steals good amount of reaches what i ve come to expect every year let s hope this class brings back vibes rise up,33,Sports,0.0054679653,0.0348311,0.9597009,0.95423293,0.9597009,Positive
1249486888366419968,2020-04-12,2020,2020-04,Easter dinner for us was Salisbury steaks with mushroom gravy & a side of {@michael symon@} ’s Lizzie’s Pasta #symondinners #homemadefood #easterdinner {{URL}},Easter dinner for us was Salisbury steaks with mushroom gravy & a side of @user ’s Lizzie’s Pasta #symondinners #homemadefood #easterdinner http,easter dinner for us was salisbury steaks with mushroom gravy a side of s lizzie s pasta symondinners homemadefood easterdinner,20,Food & Dining,0.0024282807,0.4402943,0.55727744,0.55484915,0.55727744,Positive
1239219193729503234,2020-03-15,2020,2020-03,"A Germantown Hills church attended by a Woodford County man who tested positive for COVID-19 on Friday is closed until further notice, via our #publicradio partners at {{USERNAME}} . {{URL}}","A Germantown Hills church attended by a Woodford County man who tested positive for COVID-19 on Friday is closed until further notice, via our #publicradio partners at @user . http",a germantown hills church attended by a woodford county man who tested positive for covid on friday is closed until further notice via our publicradio partners at,27,News & Social Concern,0.38125736,0.6061987,0.012543897,-0.36871347,0.6061987,Neutral
1286930797811957763,2020-07-25,2020,2020-07,"Kase 1hunnid ( {{USERNAME}} ) F/ Snoop Dogg, Rick Ross & YD - I Luv My Dawgs {{URL}} via {{USERNAME}}","Kase 1hunnid ( @user ) F/ Snoop Dogg, Rick Ross & YD - I Luv My Dawgs http via @user",kase hunnid f snoop dogg rick ross yd i luv my dawgs via,13,Celebrity & Pop Culture|Music,0.0042413846,0.5626805,0.4330781,0.42883673,0.5626805,Neutral
1322265964025700352,2020-10-30,2020,2020-10,"Sister in-law is in Texas no more than 20 minutes and she labels all Trump supporters as rednecks and then says...”well except you and my sister”. Me-“that’s the most ignorant statement, let me guess {{USERNAME}} is racist too”. Her- “yes”.","Sister in-law is in Texas no more than 20 minutes and she labels all Trump supporters as rednecks and then says...”well except you and my sister”. Me-“that’s the most ignorant statement, let me guess @user is racist too”. Her- “yes”.",sister in law is in texas no more than minutes and she labels all trump supporters as rednecks and then says well except you and my sister me that s the most ignorant statement let me guess is racist too her yes,42,Diaries & Daily Life|News & Social Concern,0.7614306,0.22356948,0.014999979,-0.74643064,0.7614306,Negative
1177039140098936832,2019-09-26,2019,2019-09,Greta Thunberg wins alternative Nobel Prize for climate change activism {{URL}} via {@CBS News@},Greta Thunberg wins alternative Nobel Prize for climate change activism http via @user,greta thunberg wins alternative nobel prize for climate change activism via,11,News & Social Concern|Science & Technology,0.0057957685,0.4816447,0.51255953,0.50676376,0.51255953,Positive
1300130570702184448,2020-08-30,2020,2020-08,Kyle Rittenhouse gunned down three Black Lives Matter protesters in Kenosha. Now Christian crowdfunder {{USERNAME}} is hosting his fundraisers. Sign this {{USERNAME}} petition with me asking them to delete the violent pages: {{URL}},Kyle Rittenhouse gunned down three Black Lives Matter protesters in Kenosha. Now Christian crowdfunder @user is hosting his fundraisers. Sign this @user petition with me asking them to delete the violent pages: http,kyle rittenhouse gunned down three black lives matter protesters in kenosha now christian crowdfunder is hosting his fundraisers sign this petition with me asking them to delete the violent pages,30,News & Social Concern,0.8382259,0.15544485,0.0063292133,-0.83189666,0.8382259,Negative
1307527727503667201,2020-09-20,2020,2020-09,I entered this {@SuperM@} #sweepstakes on #tunespeak. Follow the link below to enter & help me win. {{URL}},I entered this @user #sweepstakes on #tunespeak. Follow the link below to enter & help me win. http,i entered this sweepstakes on tunespeak follow the link below to enter help me win,15,Diaries & Daily Life|Other Hobbies,0.0031755203,0.19585288,0.8009716,0.79779613,0.8009716,Positive
1279897699614154752,2020-07-05,2020,2020-07,"“If it were up to government, money, or education alone it would have worked already. But it hasn’t. The answer is Jesus. The heart of the problem is a problem of the heart.” Powerful message about unity this morning by {{USERNAME}} Jesus you alone!","“If it were up to government, money, or education alone it would have worked already. But it hasn’t. The answer is Jesus. The heart of the problem is a problem of the heart.” Powerful message about unity this morning by @user Jesus you alone!",if it were up to government money or education alone it would have worked already but it hasn t the answer is jesus the heart of the problem is a problem of the heart powerful message about unity this morning by jesus you alone,44,Diaries & Daily Life|Other Hobbies,0.1065279,0.45536032,0.43811175,0.33158386,0.45536032,Neutral
1234023592788033536,2020-03-01,2020,2020-03,Sydney given an extra two-years of water but restrictions remain {{URL}} via {@The Sydney Morning Herald@},Sydney given an extra two-years of water but restrictions remain http via @user,sydney given an extra two years of water but restrictions remain via,12,News & Social Concern,0.042250607,0.92835087,0.029398499,-0.012852108,0.92835087,Neutral
1251750704299102210,2020-04-19,2020,2020-04,"Episode 9 is LIVE! {{USERNAME}} writer {{USERNAME}} joins us for an awesome conversation about all things Cubs Baseball, and the MLB as a whole! Find the Full Episode Here {{URL}} {{URL}} {{URL}}","Episode 9 is LIVE! @user writer @user joins us for an awesome conversation about all things Cubs Baseball, and the MLB as a whole! Find the Full Episode Here http http http",episode is live writer joins us for an awesome conversation about all things cubs baseball and the mlb as a whole find the full episode here,26,Film Tv & Video|Sports,0.0011315838,0.06411068,0.9347577,0.9336261,0.9347577,Positive
1218709660263301120,2020-01-19,2020,2020-01,"“Love is like the wind, you can t see it but you can feel it.” ― Nicholas Sparks #PUSHAwardsMaharrrrs #FumiyaSankai {{USERNAME}}","“Love is like the wind, you can t see it but you can feel it.” ― Nicholas Sparks #PUSHAwardsMaharrrrs #FumiyaSankai @user",love is like the wind you can t see it but you can feel it nicholas sparks pushawardsmaharrrrs fumiyasankai,19,Relationships,0.008233182,0.2849344,0.7068324,0.6985992,0.7068324,Positive
1185918303803510789,2019-10-20,2019,2019-10,May the world go to bed on Sunday night in awe of that {@Manchester United@} display that dismantled {@Liverpool FC@} . #ThePerfectGame #MUNLIV,May the world go to bed on Sunday night in awe of that @user display that dismantled @user . #ThePerfectGame #MUNLIV,may the world go to bed on sunday night in awe of that display that dismantled theperfectgame munliv,18,Sports,0.0045281183,0.032028105,0.9634437,0.9589156,0.9634437,Positive
1394015908318777344,2021-05-16,2021,2021-05,The CDC has confirmed that it is safe to watch {@Twitch@} without a mask on!,The CDC has confirmed that it is safe to watch @user without a mask on!,the cdc has confirmed that it is safe to watch without a mask on,14,Diaries & Daily Life|Fitness & Health,0.0067900973,0.46806952,0.52514035,0.51835024,0.52514035,Positive
1284969212193189888,2020-07-19,2020,2020-07,Decided to make an Espresso Ice Cream for National Ice Cream Day! My first Keto Friendly and Sugar free ice cream. It’s super creamy and delicious. I used the Condensed Milk recipe from {{USERNAME}} as my base and… {{URL}},Decided to make an Espresso Ice Cream for National Ice Cream Day! My first Keto Friendly and Sugar free ice cream. It’s super creamy and delicious. I used the Condensed Milk recipe from @user as my base and… http,decided to make an espresso ice cream for national ice cream day my first keto friendly and sugar free ice cream it s super creamy and delicious i used the condensed milk recipe from as my base and,38,Diaries & Daily Life|Fitness & Health|Food & Dining|News & Social Concern,0.0018409115,0.016502082,0.981657,0.97981614,0.981657,Positive
1267183691614347268,2020-05-31,2020,2020-05,A helicopter has been circling overhead during the protest. It s causing an increasing amount of tension among protesters. {@Lansing Police@} is being asked to remove the helicopter in order to increase the feeling of safety among the protesters,A helicopter has been circling overhead during the protest. It s causing an increasing amount of tension among protesters. @user is being asked to remove the helicopter in order to increase the feeling of safety among the protesters,a helicopter has been circling overhead during the protest it s causing an increasing amount of tension among protesters is being asked to remove the helicopter in order to increase the feeling of safety among the protesters,37,News & Social Concern,0.59910315,0.38707677,0.01382008,-0.5852831,0.59910315,Negative
1190749922435325954,2019-11-02,2019,2019-11,"A little late in the day but loved watching #Kaafir. Was moved by the amazing storytelling, poetry, language and most importantly, stunning performances by {@Dia Mirza@} {@mohit raina@} and my sweetheart #Renukasharma ❤️ Feel the story deserves a second season {@ZEE5@} {@siddharth malhotra@}","A little late in the day but loved watching #Kaafir. Was moved by the amazing storytelling, poetry, language and most importantly, stunning performances by @user @user and my sweetheart #Renukasharma ❤️ Feel the story deserves a second season @user @user",a little late in the day but loved watching kaafir was moved by the amazing storytelling poetry language and most importantly stunning performances by and my sweetheart renukasharma feel the story deserves a second season,35,Arts & Culture|Film Tv & Video,0.0024764752,0.009148993,0.9883745,0.985898,0.9883745,Positive
1424271387900928003,2021-08-08,2021,2021-08,UFC 265: Derick Lewis vs Ciryl Gane Post Fight Reaction {{URL}} via {@YouTube@} #UFC265 #CirylGane #derricklewis #AndNew,UFC 265: Derick Lewis vs Ciryl Gane Post Fight Reaction http via @user #UFC265 #CirylGane #derricklewis #AndNew,ufc derick lewis vs ciryl gane post fight reaction via ufc cirylgane derricklewis andnew,14,Sports,0.005449642,0.9584727,0.036077578,0.030627936,0.9584727,Neutral
1254469068247179266,2020-04-26,2020,2020-04,"Deepest condolences to the Lowe family at this challenging time. “… a true man for all seasons ... and a firm but fair Speaker of the House,” said {@Premier David Burt@} , JP, MP today after learning of the passing of former Speaker Mr. Stanley Lowe. {{URL}}","Deepest condolences to the Lowe family at this challenging time. “… a true man for all seasons ... and a firm but fair Speaker of the House,” said @user , JP, MP today after learning of the passing of former Speaker Mr. Stanley Lowe. http",deepest condolences to the lowe family at this challenging time a true man for all seasons and a firm but fair speaker of the house said jp mp today after learning of the passing of former speaker mr stanley lowe,40,News & Social Concern,0.0985706,0.5621796,0.33924976,0.24067916,0.5621796,Neutral
1230754800452521984,2020-02-21,2020,2020-02,1: {@airtel India@} More than a week and still the internet connection is not established. No one from Airtel bothered to inform that the line is broken or relaid. Why would they as they already have got their money from Prepaid customer.Had to figure out myself.,1: @user More than a week and still the internet connection is not established. No one from Airtel bothered to inform that the line is broken or relaid. Why would they as they already have got their money from Prepaid customer.Had to figure out myself.,more than a week and still the internet connection is not established no one from airtel bothered to inform that the line is broken or relaid why would they as they already have got their money from prepaid customer had to figure out myself,44,Business & Entrepreneurs|Science & Technology,0.8660834,0.1267506,0.007166049,-0.85891736,0.8660834,Negative
1366145516199964675,2021-02-28,2021,2021-02,Anyone else just seen a amazing meteor shoot across the sky !? {@BBC Yorkshire@} {@ITV News Calendar@},Anyone else just seen a amazing meteor shoot across the sky !? @user @user,anyone else just seen a amazing meteor shoot across the sky,11,News & Social Concern|Science & Technology,0.0019013599,0.026641384,0.97145736,0.969556,0.97145736,Positive
1221370784347820032,2020-01-26,2020,2020-01,"I ve been using {{USERNAME}} to earn up to 20% back in Bitcoin at major retailers when I shop via the Lightning Network. I got us 20,000 satoshis each of free Bitcoin when you sign up with my invite link and make a purchase. {{URL}}","I ve been using @user to earn up to 20% back in Bitcoin at major retailers when I shop via the Lightning Network. I got us 20,000 satoshis each of free Bitcoin when you sign up with my invite link and make a purchase. http",i ve been using to earn up to back in bitcoin at major retailers when i shop via the lightning network i got us satoshis each of free bitcoin when you sign up with my invite link and make a purchase,41,Business & Entrepreneurs,0.0028863556,0.20045702,0.79665655,0.7937702,0.79665655,Positive
1210129751417008128,2019-12-26,2019,2019-12,"Christmas episode of {{USERNAME}} downloaded, perfect listening for a two hour drive to Barnsley","Christmas episode of @user downloaded, perfect listening for a two hour drive to Barnsley",christmas episode of downloaded perfect listening for a two hour drive to barnsley,13,Music|Travel & Adventure,0.0021871496,0.03672988,0.961083,0.95889586,0.961083,Positive
1171271253388353540,2019-09-10,2019,2019-09,Soccer: Girls Varsity Game Westford Academy vs Wayland High School @ Westford Academy Trustees Field {{USERNAME}} {{USERNAME}} #DCL #girls #soccer {{URL}},Soccer: Girls Varsity Game Westford Academy vs Wayland High School @ Westford Academy Trustees Field @user @user #DCL #girls #soccer http,soccer girls varsity game westford academy vs wayland high school westford academy trustees field dcl girls soccer,17,Gaming|Sports,0.0049499003,0.9480006,0.04704945,0.04209955,0.9480006,Neutral
1213761884542951424,2020-01-05,2020,2020-01,"looking forward to this course at last ! Reconciling biomechanics with pain science Course by Dr. Greg Lehman to be held in Malta 25/26th May! one can book via link below, so anyone in the vicinity of Malta can join in! {{USERNAME}} {{URL}}","looking forward to this course at last ! Reconciling biomechanics with pain science Course by Dr. Greg Lehman to be held in Malta 25/26th May! one can book via link below, so anyone in the vicinity of Malta can join in! @user http",looking forward to this course at last reconciling biomechanics with pain science course by dr greg lehman to be held in malta th may one can book via link below so anyone in the vicinity of malta can join in,40,Science & Technology,0.0010902479,0.037593793,0.96131593,0.9602257,0.96131593,Positive
1213670165830701056,2020-01-05,2020,2020-01,Looking forward sa Starla song of the boys StarlaStarrySunday TNTBoys #ASAPNatinTo {@TNT Boys@} {@ASAP Natin To@},Looking forward sa Starla song of the boys StarlaStarrySunday TNTBoys #ASAPNatinTo @user @user,looking forward sa starla song of the boys starlastarrysunday tntboys asapnatinto,11,Celebrity & Pop Culture|Music,0.0021403057,0.05432713,0.9435325,0.94139224,0.9435325,Positive
1209593480537952256,2019-12-24,2019,2019-12,Check out Star Wars BB-8 Bah Humbug Christmas Holiday Snow Globe Coin Piggy Bank #Hasbro {{URL}} via {{USERNAME}},Check out Star Wars BB-8 Bah Humbug Christmas Holiday Snow Globe Coin Piggy Bank #Hasbro http via @user,check out star wars bb bah humbug christmas holiday snow globe coin piggy bank hasbro via,16,Celebrity & Pop Culture|Film Tv & Video,0.002945092,0.776874,0.22018094,0.21723585,0.776874,Neutral
1236584779367231488,2020-03-08,2020,2020-03,"Happy international woman s day to all d strong women out Dr. Dress by {{USERNAME}} @ Suru Lere, Lagos, Nigeria {{URL}}","Happy international woman s day to all d strong women out Dr. Dress by @user @ Suru Lere, Lagos, Nigeria http",happy international woman s day to all d strong women out dr dress by suru lere lagos nigeria,18,Arts & Culture|Diaries & Daily Life|News & Social Concern,0.002006975,0.020950617,0.97704244,0.9750355,0.97704244,Positive
1300100126988353536,2020-08-30,2020,2020-08,STREAM ON APPLE MUSIC! Let s increase our spot on top 10 global tomorrow {@BTS_twt@} {{URL}},STREAM ON APPLE MUSIC! Let s increase our spot on top 10 global tomorrow @user http,stream on apple music let s increase our spot on top global tomorrow,13,Music,0.0023543516,0.097931966,0.89971364,0.8973593,0.89971364,Positive
1239279692106129408,2020-03-15,2020,2020-03,#np heartfelt ☞ We Always Will {{URL}} ️ Sandy McLelland {{USERNAME}} from his acclaimed album Cross the Line enjoy and please #playitforward to your cool lovin horde,#np heartfelt ☞ We Always Will http ️ Sandy McLelland @user from his acclaimed album Cross the Line enjoy and please #playitforward to your cool lovin horde,np heartfelt we always will sandy mclelland from his acclaimed album cross the line enjoy and please playitforward to your cool lovin horde,23,Celebrity & Pop Culture|Music|News & Social Concern|Relationships,0.0018687884,0.024194201,0.973937,0.9720682,0.973937,Positive
1259386447012024321,2020-05-10,2020,2020-05,Covid-19 Experts Call for The Release of Migrants from Detention Centers in The United States {{URL}} {{USERNAME}},Covid-19 Experts Call for The Release of Migrants from Detention Centers in The United States http @user,covid experts call for the release of migrants from detention centers in the united states,15,Fitness & Health|News & Social Concern,0.0415851,0.9237802,0.03463464,-0.0069504604,0.9237802,Neutral
1249299988145995777,2020-04-12,2020,2020-04,Happy Easter! . We hope everyone is staying safe on this wonderful day Enjoy an extra 25% off for our Easter sale on our store {{URL}} now! . More plushies at {{USERNAME}} ✨ {{URL}},Happy Easter! . We hope everyone is staying safe on this wonderful day Enjoy an extra 25% off for our Easter sale on our store http now! . More plushies at @user ✨ http,happy easter we hope everyone is staying safe on this wonderful day enjoy an extra off for our easter sale on our store now more plushies at,27,Business & Entrepreneurs|Other Hobbies,0.0013474438,0.010647185,0.98800546,0.98665804,0.98800546,Positive
1244169557436137472,2020-03-29,2020,2020-03,Everybody is doing their bit... {@DJ EZ@} is playing a live 24 hr set right now If you like proper music check it out on {{URL}} An absolute legend trying to brighten up the lockdown #Covid_19 #StayHomeWithDJEZ,Everybody is doing their bit... @user is playing a live 24 hr set right now If you like proper music check it out on http An absolute legend trying to brighten up the lockdown #Covid_19 #StayHomeWithDJEZ,everybody is doing their bit is playing a live hr set right now if you like proper music check it out on an absolute legend trying to brighten up the lockdown covid stayhomewithdjez,33,Celebrity & Pop Culture|Music,0.0030749934,0.030589001,0.96633595,0.96326095,0.96633595,Positive
1170758439930384390,2019-09-08,2019,2019-09,I can’t believe the officiating let this game get completely away from them. An utter disgrace by the {@NFL@} not holding the {@Jacksonville Jaguars@} accountable for anything at all.,I can’t believe the officiating let this game get completely away from them. An utter disgrace by the @user not holding the @user accountable for anything at all.,i can t believe the officiating let this game get completely away from them an utter disgrace by the not holding the accountable for anything at all,27,Sports,0.94599557,0.048599225,0.0054052384,-0.9405903,0.94599557,Negative
1368408576927150080,2021-03-07,2021,2021-03,Human-Sized Kinetic Sculpture Dances in the Wind With Hypnotic Grace {{URL}} via {{USERNAME}},Human-Sized Kinetic Sculpture Dances in the Wind With Hypnotic Grace http via @user,human sized kinetic sculpture dances in the wind with hypnotic grace via,12,Arts & Culture,0.0064324015,0.89412475,0.099442795,0.093010396,0.89412475,Neutral
1257610393951895552,2020-05-05,2020,2020-05,"Hi {{USERNAME}} love your app, but don’t love the fact you’ve just taken £48 out of my bank account when I haven’t signed up for ‘all three packs’?","Hi @user love your app, but don’t love the fact you’ve just taken £48 out of my bank account when I haven’t signed up for ‘all three packs’?",hi love your app but don t love the fact you ve just taken out of my bank account when i haven t signed up for all three packs,29,Science & Technology,0.86621636,0.11818028,0.015603392,-0.850613,0.86621636,Negative
1287233685171744768,2020-07-26,2020,2020-07,Finishing With the Fire on High / Reading Rush Day 6 Vlog {{URL}} via {@YouTube@} {{USERNAME}} {{USERNAME}} {{USERNAME}},Finishing With the Fire on High / Reading Rush Day 6 Vlog http via @user @user @user @user,finishing with the fire on high reading rush day vlog via,11,Diaries & Daily Life|News & Social Concern,0.0033486322,0.8885458,0.10810556,0.10475693,0.8885458,Neutral
1170546366566846464,2019-09-08,2019,2019-09,Streaming a new game #minionmasters come stop by and join me!! {{USERNAME}} {{USERNAME}} #FearThePack #supportsmallstreamers #SmallStreamersConnect #smallstreamer #twitchaffiliate #twitch #twitchprime #subtember,Streaming a new game #minionmasters come stop by and join me!! @user @user #FearThePack #supportsmallstreamers #SmallStreamersConnect #smallstreamer #twitchaffiliate #twitch #twitchprime #subtember,streaming a new game minionmasters come stop by and join me fearthepack supportsmallstreamers smallstreamersconnect smallstreamer twitchaffiliate twitch twitchprime subtember,19,Gaming,0.002660203,0.16778174,0.82955813,0.8268979,0.82955813,Positive
1344734089463570432,2020-12-31,2020,2020-12,Hope everyone is having a good New Years Eve! Sad that cube is gonna be gone :(. Thanks {{USERNAME}} for the raid! And we re sending it to {{USERNAME}} for more limited :),Hope everyone is having a good New Years Eve! Sad that cube is gonna be gone :(. Thanks @user for the raid! And we re sending it to @user for more limited :),hope everyone is having a good new years eve sad that cube is gonna be gone thanks for the raid and we re sending it to for more limited,29,Diaries & Daily Life|Other Hobbies,0.059454396,0.11104962,0.82949597,0.7700416,0.82949597,Positive
1404195973472178181,2021-06-13,2021,2021-06,"Brand new facility for #AllStarRace night at {@Texas Motor Speedway@} , let s get things underway with the #AllStarOpen! Tyler Reddick will lead the field of 22 to the green flag shortly! #NASCAR","Brand new facility for #AllStarRace night at @user , let s get things underway with the #AllStarOpen! Tyler Reddick will lead the field of 22 to the green flag shortly! #NASCAR",brand new facility for allstarrace night at let s get things underway with the allstaropen tyler reddick will lead the field of to the green flag shortly nascar,28,Sports,0.0017152423,0.21810034,0.78018445,0.7784692,0.78018445,Positive
1226435517295685632,2020-02-09,2020,2020-02,"I don t care i wanna see it: ‘Birds of Prey’ Lays an Egg at Box Office, Set for Worst DC Opening Since ‘Jonah Hex’ - TheWrap {{URL}} via {@Google News@}","I don t care i wanna see it: ‘Birds of Prey’ Lays an Egg at Box Office, Set for Worst DC Opening Since ‘Jonah Hex’ - TheWrap http via @user",i don t care i wanna see it birds of prey lays an egg at box office set for worst dc opening since jonah hex thewrap via,27,Film Tv & Video,0.8569858,0.13176633,0.011247905,-0.8457379,0.8569858,Negative
1416758243293122563,2021-07-18,2021,2021-07,2021 All Ireland Senior Championship {@OfficialCorkCamogie@} 1:12(15) {{USERNAME}} 0:6(6) Tight angle free but Katrina puts it over the bar 01:40 Second Half,2021 All Ireland Senior Championship @user 1:12(15) @user 0:6(6) Tight angle free but Katrina puts it over the bar 01:40 Second Half,all ireland senior championship tight angle free but katrina puts it over the bar second half,16,Sports,0.026799703,0.941689,0.031511307,0.0047116037,0.941689,Neutral
1365843567340519430,2021-02-28,2021,2021-02,Enjoy the little things in life. KYLE SizzlingHotOnASAP {@Kyle Echarri@} {{USERNAME}},Enjoy the little things in life. KYLE SizzlingHotOnASAP @user @user,enjoy the little things in life kyle sizzlinghotonasap,8,Diaries & Daily Life,0.0037608098,0.05988752,0.93635166,0.93259084,0.93635166,Positive
1176465294430093312,2019-09-24,2019,2019-09,"so, since this week, we must be a member of {@billboard@} Pro to see all weekly charts including Dance club song chart. Sorry folks, no news for the chart. If you need to know the entire chart this week, please be a member of BB Pro. This is the link: {{URL}}","so, since this week, we must be a member of @user Pro to see all weekly charts including Dance club song chart. Sorry folks, no news for the chart. If you need to know the entire chart this week, please be a member of BB Pro. This is the link: http",so since this week we must be a member of pro to see all weekly charts including dance club song chart sorry folks no news for the chart if you need to know the entire chart this week please be a member of bb pro this is the link,49,Arts & Culture|Music,0.11876909,0.8309924,0.050238494,-0.06853059,0.8309924,Neutral
1206991571888926720,2019-12-17,2019,2019-12,"The Abuse of Power by Cyril Ramaphosa to use Hawks, NPA for settle scores calls for impeachment.... {{URL}} via {@IOL News@}","The Abuse of Power by Cyril Ramaphosa to use Hawks, NPA for settle scores calls for impeachment.... http via @user",the abuse of power by cyril ramaphosa to use hawks npa for settle scores calls for impeachment via,18,News & Social Concern,0.5869381,0.4031359,0.009926102,-0.577012,0.5869381,Negative
1180844899069038594,2019-10-06,2019,2019-10,"Vote for/follow {@Jaime Harrison DNC Chair@} ; Running to send {@Lindsey Graham@} home for good! Remember! GOP Sen. Lindsey Graham received $800,000 from a Ukrainian-born oligarch with ties to Putin s inner circle.","Vote for/follow @user ; Running to send @user home for good! Remember! GOP Sen. Lindsey Graham received $800,000 from a Ukrainian-born oligarch with ties to Putin s inner circle.",vote for follow running to send home for good remember gop sen lindsey graham received from a ukrainian born oligarch with ties to putin s inner circle,27,News & Social Concern,0.18111698,0.724333,0.09455007,-0.08656691,0.724333,Neutral
1228580147198033920,2020-02-15,2020,2020-02,Successful second Halloween! Went to see Birds of Prey with the amazing {{USERNAME}} . Thank you alyssasbeautyspace for styling my hair to the best Khaleesi it can be. I finally found the funkos I was looking for.… {{URL}},Successful second Halloween! Went to see Birds of Prey with the amazing @user . Thank you alyssasbeautyspace for styling my hair to the best Khaleesi it can be. I finally found the funkos I was looking for.… http,successful second halloween went to see birds of prey with the amazing thank you alyssasbeautyspace for styling my hair to the best khaleesi it can be i finally found the funkos i was looking for,35,Fashion & Style|Film Tv & Video,0.002430437,0.010063947,0.98750556,0.9850751,0.98750556,Positive
1189965129330225152,2019-10-31,2019,2019-10,"Load management has become a big issue for the Clippers early in the season. They re trying to block out the noise, but it s hard when they lose and Kawhi Leonard sits. {@Jovan Buha@} has the story. {{URL}}","Load management has become a big issue for the Clippers early in the season. They re trying to block out the noise, but it s hard when they lose and Kawhi Leonard sits. @user has the story. http",load management has become a big issue for the clippers early in the season they re trying to block out the noise but it s hard when they lose and kawhi leonard sits has the story,36,Sports,0.5202424,0.4634098,0.016347816,-0.50389457,0.5202424,Negative
1239340214172160000,2020-03-15,2020,2020-03,Strange how the government is allocating 1 trillion in response to the Coronavirus but Google keeps sending notifications on my phone asking for donations. {@Google@} needs to quit trying to scam people in the name of a virus. #coronapocolypse,Strange how the government is allocating 1 trillion in response to the Coronavirus but Google keeps sending notifications on my phone asking for donations. @user needs to quit trying to scam people in the name of a virus. #coronapocolypse,strange how the government is allocating trillion in response to the coronavirus but google keeps sending notifications on my phone asking for donations needs to quit trying to scam people in the name of a virus coronapocolypse,37,Diaries & Daily Life|Fitness & Health|News & Social Concern,0.84656554,0.14227837,0.011156058,-0.83540946,0.84656554,Negative
1354245556135194627,2021-01-27,2021,2021-01,. {{USERNAME}} isn’t shooting well and turning the ball over a decent amount. Rossview is capitalizing. 28-14 midway through the second. {{USERNAME}},. @user isn’t shooting well and turning the ball over a decent amount. Rossview is capitalizing. 28-14 midway through the second. @user,isn t shooting well and turning the ball over a decent amount rossview is capitalizing midway through the second,19,Sports,0.59636176,0.38870955,0.01492875,-0.581433,0.59636176,Negative
1254348628736475137,2020-04-26,2020,2020-04,Navy Leaders Recommend Reinstating Roosevelt Captain Fired Over Virus Warning - The New York Times {{URL}} by {@helene cooper@} via {{USERNAME}},Navy Leaders Recommend Reinstating Roosevelt Captain Fired Over Virus Warning - The New York Times http by @user via @user,navy leaders recommend reinstating roosevelt captain fired over virus warning the new york times by via,16,News & Social Concern,0.014638968,0.9563425,0.029018495,0.014379527,0.9563425,Neutral
1221461035862908928,2020-01-26,2020,2020-01,"The cron.weekly newsletter - a weekly newsletter on Linux, programming, and open-source by {{USERNAME}} . Highly recommended. Sign up here: {{URL}}","The cron.weekly newsletter - a weekly newsletter on Linux, programming, and open-source by @user . Highly recommended. Sign up here: http",the cron weekly newsletter a weekly newsletter on linux programming and open source by highly recommended sign up here,19,News & Social Concern|Science & Technology,0.001622167,0.06783891,0.930539,0.9289169,0.930539,Positive
1218948842529402881,2020-01-19,2020,2020-01,I d like to see {@Saracens Rugby Club@} beat {@Leinster Rugby@} . That s pretty much been the Irish team for 15years anyway,I d like to see @user beat @user . That s pretty much been the Irish team for 15years anyway,i d like to see beat that s pretty much been the irish team for years anyway,17,Sports,0.056671407,0.6066198,0.3367088,0.2800374,0.6066198,Neutral
1300161029704421377,2020-08-30,2020,2020-08,Dubai attracts Dh12bn in FDI in the first half of 2020 despite coronavirus {{URL}} via {{USERNAME}},Dubai attracts Dh12bn in FDI in the first half of 2020 despite coronavirus http via @user,dubai attracts dh bn in fdi in the first half of despite coronavirus via,14,Business & Entrepreneurs,0.038076833,0.82937735,0.13254578,0.09446895,0.82937735,Neutral
1269562115481833473,2020-06-07,2020,2020-06,Everyone needs to watch {@Cody Garbrandt@} on the buzzer knockout #ufc,Everyone needs to watch @user on the buzzer knockout #ufc,everyone needs to watch on the buzzer knockout ufc,9,Sports,0.009036516,0.6009009,0.39006263,0.38102612,0.6009009,Neutral
1282220951296372737,2020-07-12,2020,2020-07,"Current bid is $10,500 and all proceeds go to Hawaii Food Bank Check out UFC 251: Max Holloway Fight Worn Kit {{URL}} {{USERNAME}}","Current bid is $10,500 and all proceeds go to Hawaii Food Bank Check out UFC 251: Max Holloway Fight Worn Kit http @user",current bid is and all proceeds go to hawaii food bank check out ufc max holloway fight worn kit,19,Business & Entrepreneurs|News & Social Concern|Sports,0.0046426053,0.9142822,0.081075184,0.07643258,0.9142822,Neutral
1354186951549739009,2021-01-26,2021,2021-01,"| It s half-term for Manchester United, so how would we grade the Red Devils over the first half of the season? My latest piece for {@VAVEL@} grades #MUFC as the second half of the campaign is set to kick off... {{URL}}","| It s half-term for Manchester United, so how would we grade the Red Devils over the first half of the season? My latest piece for @user grades #MUFC as the second half of the campaign is set to kick off... http",it s half term for manchester united so how would we grade the red devils over the first half of the season my latest piece for grades mufc as the second half of the campaign is set to kick off,40,Sports,0.006803146,0.93149084,0.061705936,0.05490279,0.93149084,Neutral
1216479671526838272,2020-01-12,2020,2020-01,The president of the United States {{USERNAME}} has not said anything about the US CITIZENS living in Puerto Rico smh unbelievable,The president of the United States @user has not said anything about the US CITIZENS living in Puerto Rico smh unbelievable,the president of the united states has not said anything about the us citizens living in puerto rico smh unbelievable,20,News & Social Concern,0.8407425,0.14972456,0.009532937,-0.8312096,0.8407425,Negative
1262105275932311552,2020-05-17,2020,2020-05,"Anyone looking for Live sports, the NASCAR race is on FOX! {@FOX NASCAR@}","Anyone looking for Live sports, the NASCAR race is on FOX! @user",anyone looking for live sports the nascar race is on fox,11,Sports,0.0027971775,0.5214607,0.47574213,0.47294495,0.5214607,Neutral
1344370185285853195,2020-12-30,2020,2020-12,"*Blinks slowly* what day is it? Is it almost New Years Eve? More importantly, when is {{USERNAME}} open next?","*Blinks slowly* what day is it? Is it almost New Years Eve? More importantly, when is @user open next?",blinks slowly what day is it is it almost new years eve more importantly when is open next,18,Diaries & Daily Life|Other Hobbies,0.004795044,0.8724721,0.12273282,0.11793777,0.8724721,Neutral
1267153856233738240,2020-05-31,2020,2020-05,Check out what I just added to my closet on Poshmark: White House black market dress dolman sleeve Small. {{URL}} via {@Poshmark@} #shopmycloset,Check out what I just added to my closet on Poshmark: White House black market dress dolman sleeve Small. http via @user #shopmycloset,check out what i just added to my closet on poshmark white house black market dress dolman sleeve small via shopmycloset,21,Fashion & Style,0.0035315845,0.61786664,0.37860176,0.37507018,0.61786664,Neutral
1188301523987492865,2019-10-27,2019,2019-10,u like {@ylona@} s new song u LIE SO WELL,u like @user s new song u LIE SO WELL,u like s new song u lie so well,9,Music,0.53279346,0.34491742,0.12228912,-0.41050434,0.53279346,Negative
1327819225071816708,2020-11-15,2020,2020-11,"I’m a big fan of {@David Begnaud@} reporting, if you aren’t following him on Twitter you should. His coverage of the hurricane in Puerto Rico was fantastic. It’s good to see him added to the #48hours team.","I’m a big fan of @user reporting, if you aren’t following him on Twitter you should. His coverage of the hurricane in Puerto Rico was fantastic. It’s good to see him added to the #48hours team.",i m a big fan of reporting if you aren t following him on twitter you should his coverage of the hurricane in puerto rico was fantastic it s good to see him added to the hours team,38,Celebrity & Pop Culture|Film Tv & Video|News & Social Concern,0.00357864,0.015546104,0.98087525,0.9772966,0.98087525,Positive
1170577365467983872,2019-09-08,2019,2019-09,"The #Dbacks, marked by mediocrity for four months, are hotter than any team in the game right now. In tonight s emergency episode, {{USERNAME}} answers many of your questions and poses a few new ones. Tune in here: {{URL}}","The #Dbacks, marked by mediocrity for four months, are hotter than any team in the game right now. In tonight s emergency episode, @user answers many of your questions and poses a few new ones. Tune in here: http",the dbacks marked by mediocrity for four months are hotter than any team in the game right now in tonight s emergency episode answers many of your questions and poses a few new ones tune in here,37,Sports,0.08771458,0.4154103,0.49687502,0.40916044,0.49687502,Positive
1175982819157381120,2019-09-23,2019,2019-09,Hottest Temperature Record for Each Month of the Year for New York by {{USERNAME}} {{URL}} Daniel Jones Giants Jets,Hottest Temperature Record for Each Month of the Year for New York by @user http Daniel Jones Giants Jets,hottest temperature record for each month of the year for new york by daniel jones giants jets,17,News & Social Concern|Science & Technology,0.0037120897,0.80070835,0.19557959,0.1918675,0.80070835,Neutral
1317826100114972673,2020-10-18,2020,2020-10,"I don t know why this {@Galway GAA@} team even bothered to put on their boots today. 17 points down to Mayo at halftime, in Tuam. Embarrassing stuff, Pathetic defending. Game over. #GalwayGAA #mayogaa #TG4 #GAABEO","I don t know why this @user team even bothered to put on their boots today. 17 points down to Mayo at halftime, in Tuam. Embarrassing stuff, Pathetic defending. Game over. #GalwayGAA #mayogaa #TG4 #GAABEO",i don t know why this team even bothered to put on their boots today points down to mayo at halftime in tuam embarrassing stuff pathetic defending game over galwaygaa mayogaa tg gaabeo,33,Sports,0.9307246,0.0626987,0.006576682,-0.92414796,0.9307246,Negative
1249335279946805253,2020-04-12,2020,2020-04,Dear {@BBC Radio 1Xtra@} - I’m trying to prep Easter dinner. Stop making me dance w these old skool tunes. It’s not funny.,Dear @user - I’m trying to prep Easter dinner. Stop making me dance w these old skool tunes. It’s not funny.,dear i m trying to prep easter dinner stop making me dance w these old skool tunes it s not funny,21,Diaries & Daily Life|Music,0.85193634,0.13225773,0.015805995,-0.8361303,0.85193634,Negative
1279775970329858050,2020-07-05,2020,2020-07,Hai {@spooky L@} good morning rise and shine bby ily,Hai @user good morning rise and shine bby ily,hai good morning rise and shine bby ily,8,Diaries & Daily Life,0.0026546153,0.010778341,0.9865671,0.98391247,0.9865671,Positive
1282461548946939904,2020-07-12,2020,2020-07,Dimensions Counted Cross Stitch Kit Under the Sea Towel Lil Tots Children Baby Shower Gift Turtle Starfish SEALED {{URL}} via {@Etsy@} #etsyspecialT #dimensions #kit #countedcrossStitch #baby #babyshower #gift #undertheSea #turtle #starfish #towel,Dimensions Counted Cross Stitch Kit Under the Sea Towel Lil Tots Children Baby Shower Gift Turtle Starfish SEALED http via @user #etsyspecialT #dimensions #kit #countedcrossStitch #baby #babyshower #gift #undertheSea #turtle #starfish #towel,dimensions counted cross stitch kit under the sea towel lil tots children baby shower gift turtle starfish sealed via etsyspecialt dimensions kit countedcrossstitch baby babyshower gift underthesea turtle starfish towel,30,Other Hobbies,0.010568007,0.87366635,0.11576567,0.10519766,0.87366635,Neutral
1287355015837831168,2020-07-26,2020,2020-07,Joined the club aged 6. Made his debut aged 18. Champions League winner aged 20. UEFA Super Cup winner aged 20. Club World Cup winner aged 21. Premier League winner aged 21. {{USERNAME}},Joined the club aged 6. Made his debut aged 18. Champions League winner aged 20. UEFA Super Cup winner aged 20. Club World Cup winner aged 21. Premier League winner aged 21. @user,joined the club aged made his debut aged champions league winner aged uefa super cup winner aged club world cup winner aged premier league winner aged,26,Sports,0.0045372695,0.66059554,0.33486718,0.3303299,0.66059554,Neutral
1236708853598871558,2020-03-08,2020,2020-03,"Hope all the farm women out there have had a good International Women s Day. I m thinking it should be like Nollaig na mBan - lots of tea, cake, wine or gin. I like how {{USERNAME}} has highlighted many farm women today too #IWD2020","Hope all the farm women out there have had a good International Women s Day. I m thinking it should be like Nollaig na mBan - lots of tea, cake, wine or gin. I like how @user has highlighted many farm women today too #IWD2020",hope all the farm women out there have had a good international women s day i m thinking it should be like nollaig na mban lots of tea cake wine or gin i like how has highlighted many farm women today too iwd,43,Diaries & Daily Life|News & Social Concern,0.0031549227,0.015949003,0.980896,0.97774106,0.980896,Positive
1350623730918191106,2021-01-17,2021,2021-01,Rockwell - Somebody s Watching Me (Official Music Video) {{URL}} via {@YouTube@} {{USERNAME}} be over after I’m done listening to Rockwell,Rockwell - Somebody s Watching Me (Official Music Video) http via @user @user be over after I’m done listening to Rockwell,rockwell somebody s watching me official music video via be over after i m done listening to rockwell,18,Music,0.011672403,0.86713564,0.12119189,0.10951949,0.86713564,Neutral
1211314092088156162,2019-12-29,2019,2019-12,I already know {@Harry Styles@} new album will sound even better in the Spring. Songs like “Sunflower Vol. 6” and “Adore You” will play beautifully under 70 degree sunlight ☀️ #FineLine,I already know @user new album will sound even better in the Spring. Songs like “Sunflower Vol. 6” and “Adore You” will play beautifully under 70 degree sunlight ☀️ #FineLine,i already know new album will sound even better in the spring songs like sunflower vol and adore you will play beautifully under degree sunlight fineline,26,Music,0.0017796673,0.01018777,0.9880326,0.9862529,0.9880326,Positive
1385894428896792578,2021-04-24,2021,2021-04,"Really enjoying Bent Coppers: Crossing the Line of Duty on {@BBC Two@} . Revealing the extent of police corruption in 1970s London and telling the story of A10, the real life AC-12. Ted Hastings would have had his hands full! Great Sweeney-style soundtrack too.","Really enjoying Bent Coppers: Crossing the Line of Duty on @user . Revealing the extent of police corruption in 1970s London and telling the story of A10, the real life AC-12. Ted Hastings would have had his hands full! Great Sweeney-style soundtrack too.",really enjoying bent coppers crossing the line of duty on revealing the extent of police corruption in s london and telling the story of a the real life ac ted hastings would have had his hands full great sweeney style soundtrack too,42,Film Tv & Video|Learning & Educational|News & Social Concern,0.02251863,0.12555702,0.85192436,0.8294057,0.85192436,Positive
1254409508044132352,2020-04-26,2020,2020-04,Chinese human rights defender Wang Quanzhang says he cut all emotional ties with his family so he could survive in prison {{URL}} via {@South China Morning Post@} #china #HumanRights,Chinese human rights defender Wang Quanzhang says he cut all emotional ties with his family so he could survive in prison http via @user #china #HumanRights,chinese human rights defender wang quanzhang says he cut all emotional ties with his family so he could survive in prison via china humanrights,24,News & Social Concern,0.07352866,0.8655658,0.06090559,-0.012623072,0.8655658,Neutral
1258726836923752448,2020-05-08,2020,2020-05,"Happy to report we ve had a bit more press, from a publication that s closer to home this time, for the {{USERNAME}} today in the wonderful {@Cherwell@} . We appreciate the support! {{URL}}","Happy to report we ve had a bit more press, from a publication that s closer to home this time, for the @user today in the wonderful @user . We appreciate the support! http",happy to report we ve had a bit more press from a publication that s closer to home this time for the today in the wonderful we appreciate the support,30,News & Social Concern,0.0017928786,0.010476211,0.9877309,0.985938,0.9877309,Positive
1239098639961776128,2020-03-15,2020,2020-03,Gulf Stream Riders {{USERNAME}} - End Of The Line #kbcountryradio #jukeboxcountry {{URL}},Gulf Stream Riders @user - End Of The Line #kbcountryradio #jukeboxcountry http,gulf stream riders end of the line kbcountryradio jukeboxcountry,9,Music|Travel & Adventure,0.0035130335,0.9180448,0.078442186,0.074929155,0.9180448,Neutral
1368380619059834881,2021-03-07,2021,2021-03,". {@Drizzy@} & {@Yung Rnzl@} Lemon Pepper Freestyle debuts on the UK Spotify Chart at #3 (475,391 Streams). This is Drake s 185th & Rick Ross 15th entries on the chart. This is now Rick Ross highest peaking song on the UK Spotify Chart surpassing Down Like That",". @user & @user Lemon Pepper Freestyle debuts on the UK Spotify Chart at #3 (475,391 Streams). This is Drake s 185th & Rick Ross 15th entries on the chart. This is now Rick Ross highest peaking song on the UK Spotify Chart surpassing Down Like That",lemon pepper freestyle debuts on the uk spotify chart at streams this is drake s th rick ross th entries on the chart this is now rick ross highest peaking song on the uk spotify chart surpassing down like that,40,Music,0.0028605983,0.37137318,0.6257662,0.6229056,0.6257662,Positive
1176646047210377221,2019-09-24,2019,2019-09,Radiohead‘s Thom Yorke Admits He Is a Climate change ‘Hypocrite‘ {{URL}} via {@Breitbart News@},Radiohead‘s Thom Yorke Admits He Is a Climate change ‘Hypocrite‘ http via @user,radiohead s thom yorke admits he is a climate change hypocrite via,12,Music|News & Social Concern|Science & Technology,0.51573575,0.46810666,0.016157571,-0.49957818,0.51573575,Negative
1231638419543068676,2020-02-23,2020,2020-02,Congratulations {@TYSON FURY@} knocks out Deontay Wilder to win WBC heavyweight #crown. #GypsyKing {{URL}},Congratulations @user knocks out Deontay Wilder to win WBC heavyweight #crown. #GypsyKing http,congratulations knocks out deontay wilder to win wbc heavyweight crown gypsyking,11,Sports,0.0016786469,0.054980733,0.94334066,0.941662,0.94334066,Positive
1208896512605876225,2019-12-22,2019,2019-12,Fox News has done as much damage to our country as {{USERNAME}} and the #CorruptGOP. Scary times,Fox News has done as much damage to our country as @user and the #CorruptGOP. Scary times,fox news has done as much damage to our country as and the corruptgop scary times,16,News & Social Concern,0.9372266,0.0543326,0.008440848,-0.92878574,0.9372266,Negative
1206296646348345344,2019-12-15,2019,2019-12,Check out my new single Frozen distributed by {@DistroKid@} and live on Apple Music! {{URL}},Check out my new single Frozen distributed by @user and live on Apple Music! http,check out my new single frozen distributed by and live on apple music,13,Music,0.0030591674,0.4557704,0.5411704,0.53811127,0.5411704,Positive
1183523083887484928,2019-10-13,2019,2019-10,Travis Scott Injures Knee After Epic Fall On Stage At Rolling Loud NYC {{URL}} via {@HollywoodLife@},Travis Scott Injures Knee After Epic Fall On Stage At Rolling Loud NYC http via @user,travis scott injures knee after epic fall on stage at rolling loud nyc via,14,Celebrity & Pop Culture|Music,0.044077367,0.9334168,0.022505878,-0.021571489,0.9334168,Neutral
1210106997191823366,2019-12-26,2019,2019-12,"I want to thank everyone that dropped by today! We experienced Luigi’s Mansion 3 and Star Wars Jedi Fallen Order, and I can’t wait to get back to those games! Shoutout to {{USERNAME}} for the raid! We passed the love over to {{USERNAME}} {{URL}}","I want to thank everyone that dropped by today! We experienced Luigi’s Mansion 3 and Star Wars Jedi Fallen Order, and I can’t wait to get back to those games! Shoutout to @user for the raid! We passed the love over to @user http",i want to thank everyone that dropped by today we experienced luigi s mansion and star wars jedi fallen order and i can t wait to get back to those games shoutout to for the raid we passed the love over to,42,Gaming,0.0017339634,0.006459534,0.9918065,0.99007255,0.9918065,Positive
1196117384056184834,2019-11-17,2019,2019-11,So like ... {@Harry Styles@} are we not going to talk about watermelon sugar & the meaning behind it ?,So like ... @user are we not going to talk about watermelon sugar & the meaning behind it ?,so like are we not going to talk about watermelon sugar the meaning behind it,15,Celebrity & Pop Culture|Music,0.36635682,0.6216667,0.011976392,-0.35438043,0.6216667,Neutral
1295025151927635968,2020-08-16,2020,2020-08,"While I expected {@Hikaru Nakamura@} to come back, I didn’t think it would be due to Magnus miscalculating an endgame transition like that. Should be an exciting finish to the set. #ImpactChess","While I expected @user to come back, I didn’t think it would be due to Magnus miscalculating an endgame transition like that. Should be an exciting finish to the set. #ImpactChess",while i expected to come back i didn t think it would be due to magnus miscalculating an endgame transition like that should be an exciting finish to the set impactchess,31,Gaming|Sports,0.03412159,0.16445982,0.80141866,0.7672971,0.80141866,Positive
1213701409734090752,2020-01-05,2020,2020-01,looking forward to more of JONA on {@ASAP Natin To@} this year ASAPFearlessPasabog JONA,looking forward to more of JONA on @user this year ASAPFearlessPasabog JONA,looking forward to more of jona on this year asapfearlesspasabog jona,11,Celebrity & Pop Culture|Music,0.0019043285,0.016468164,0.9816274,0.9797231,0.9816274,Positive
1180777802133458947,2019-10-06,2019,2019-10,Scream! Our first show just dropped on {{USERNAME}} Originals! Watch & send more work out way :) Watch Firangi AF on Zomato {{URL}},Scream! Our first show just dropped on @user Originals! Watch & send more work out way :) Watch Firangi AF on Zomato http,scream our first show just dropped on originals watch send more work out way watch firangi af on zomato,19,Film Tv & Video|Food & Dining,0.0017892924,0.1296911,0.8685196,0.86673033,0.8685196,Positive
1188575071331409920,2019-10-27,2019,2019-10,"I will stream {@ye@} Jesus is King tomorrow. Tonight, I am all for {@Cigarettes After Sex@} new album Cry . Loveet!","I will stream @user Jesus is King tomorrow. Tonight, I am all for @user new album Cry . Loveet!",i will stream jesus is king tomorrow tonight i am all for new album cry loveet,16,Music,0.0017876377,0.013231233,0.9849812,0.9831935,0.9849812,Positive
1340354578991210502,2020-12-19,2020,2020-12,"Also, if this is how this game is going to go, {{USERNAME}} being out might be the biggest absence for Ohio State.","Also, if this is how this game is going to go, @user being out might be the biggest absence for Ohio State.",also if this is how this game is going to go being out might be the biggest absence for ohio state,21,Sports,0.7589859,0.22839114,0.012622933,-0.7463629,0.7589859,Negative
1424247011088293892,2021-08-08,2021,2021-08,"UFC 265 Bonuses: Dana White Opens Checkbook, Six Fighters Rewarded via {{USERNAME}} #MMA #UFC #UFC265 {{URL}}","UFC 265 Bonuses: Dana White Opens Checkbook, Six Fighters Rewarded via @user #MMA #UFC #UFC265 http",ufc bonuses dana white opens checkbook six fighters rewarded via mma ufc ufc,13,Sports,0.0042622457,0.9546109,0.041126903,0.036864657,0.9546109,Neutral
1358504788443463681,2021-02-07,2021,2021-02,Super Bowl Live Updates: Preparing for the Chiefs to Play the Bucs {{URL}} Via {@The New York Times@},Super Bowl Live Updates: Preparing for the Chiefs to Play the Bucs http Via @user,super bowl live updates preparing for the chiefs to play the bucs via,13,Sports,0.003162358,0.9186883,0.078149386,0.074987024,0.9186883,Neutral
1419170768332619787,2021-07-25,2021,2021-07,New Music - Capitol Cuts {@Black Pumas@} live at the studio: {{URL}} #music,New Music - Capitol Cuts @user live at the studio: http #music,new music capitol cuts live at the studio music,9,Music,0.004070516,0.8645526,0.13137686,0.12730634,0.8645526,Neutral
1284940776410157062,2020-07-19,2020,2020-07,The {{USERNAME}} sideshow episode on Chrono Cross really had my nostalgia going. Time s Scar from Chrono Cross was one of the first VGM tunes I found on the internet and it was so awesome. It opened my eyes to how great VGM could be. {{URL}},The @user sideshow episode on Chrono Cross really had my nostalgia going. Time s Scar from Chrono Cross was one of the first VGM tunes I found on the internet and it was so awesome. It opened my eyes to how great VGM could be. http,the sideshow episode on chrono cross really had my nostalgia going time s scar from chrono cross was one of the first vgm tunes i found on the internet and it was so awesome it opened my eyes to how great vgm could be,44,Diaries & Daily Life|Film Tv & Video|Music,0.0025277855,0.012776885,0.9846954,0.9821676,0.9846954,Positive
1409027068390645761,2021-06-27,2021,2021-06,Roddy Ricch - Can t Express [Official Music Video] {{URL}} {@YouTube@} より,Roddy Ricch - Can t Express [Official Music Video] http @user より,roddy ricch can t express official music video,8,Celebrity & Pop Culture|Music,0.004680194,0.92231286,0.07300691,0.06832672,0.92231286,Neutral
1251988997443813376,2020-04-19,2020,2020-04,Why didn’t The Rolling Stones ask {@Owain Wyn Evans@} to do the drumming if Charlie Watts didn’t have a drum kit for #TogetherAtHome ?,Why didn’t The Rolling Stones ask @user to do the drumming if Charlie Watts didn’t have a drum kit for #TogetherAtHome ?,why didn t the rolling stones ask to do the drumming if charlie watts didn t have a drum kit for togetherathome,22,Celebrity & Pop Culture|Music,0.15235785,0.8226038,0.02503826,-0.12731959,0.8226038,Neutral
1173355377947226112,2019-09-15,2019,2019-09,"Wow...Vito has that goal from Rusnak 10/10 times, he surely lost his footing there. Bad luck. {@Real Salt Lake@} up at {@Allianz Field@} vs {@Minnesota United FC@} 0-1. #MNUFC | #MINvRSL | #COYL","Wow...Vito has that goal from Rusnak 10/10 times, he surely lost his footing there. Bad luck. @user up at @user vs @user 0-1. #MNUFC | #MINvRSL | #COYL",wow vito has that goal from rusnak times he surely lost his footing there bad luck up at vs mnufc minvrsl coyl,22,Sports,0.67812055,0.28462815,0.037251342,-0.6408692,0.67812055,Negative
1368461804649803782,2021-03-07,2021,2021-03,"Great fight Champ {@Israel Adesanya@} , I think you need to practice more take down defence especially against heavier fighters.","Great fight Champ @user , I think you need to practice more take down defence especially against heavier fighters.",great fight champ i think you need to practice more take down defence especially against heavier fighters,17,Fitness & Health|Sports,0.0065929852,0.04873241,0.94467455,0.93808156,0.94467455,Positive
1195875173712498691,2019-11-17,2019,2019-11,"Ep 428- {{USERNAME}} and I spotlight She-Ra and the Princesses of Power s4, plus Last Week Tonight with John Oliver, Rick and Morty, Chihayafuru, The Final Table, Drag Race UK, The Good Place, The Mandalorian, Evil, Supergirl, and Black Lightning. Check it out! {{URL}}","Ep 428- @user and I spotlight She-Ra and the Princesses of Power s4, plus Last Week Tonight with John Oliver, Rick and Morty, Chihayafuru, The Final Table, Drag Race UK, The Good Place, The Mandalorian, Evil, Supergirl, and Black Lightning. Check it out! http",ep and i spotlight she ra and the princesses of power s plus last week tonight with john oliver rick and morty chihayafuru the final table drag race uk the good place the mandalorian evil supergirl and black lightning check it out,42,Film Tv & Video,0.0022191806,0.40630287,0.591478,0.5892588,0.591478,Positive
1343253904813862913,2020-12-27,2020,2020-12,I just called {{USERNAME}} and ordered two copies of Chain of Gold signed by {@Cassandra Clare@} to give away in celebration of my new song coming out in January inspired by the series. I am DETERMINED to get 2021 off to a good start.,I just called @user and ordered two copies of Chain of Gold signed by @user to give away in celebration of my new song coming out in January inspired by the series. I am DETERMINED to get 2021 off to a good start.,i just called and ordered two copies of chain of gold signed by to give away in celebration of my new song coming out in january inspired by the series i am determined to get off to a good start,40,Music,0.0016734137,0.03512579,0.96320075,0.96152735,0.96320075,Positive
1190991112359628803,2019-11-03,2019,2019-11,CROWD ROARS for President Trump at UFC 244 - Winner Masvidal Says He Was Honored to Fight in Front of Trump - a BMF! (VIDEO) {{URL}} via {@Gab com@},CROWD ROARS for President Trump at UFC 244 - Winner Masvidal Says He Was Honored to Fight in Front of Trump - a BMF! (VIDEO) http via @user,crowd roars for president trump at ufc winner masvidal says he was honored to fight in front of trump a bmf video via,23,News & Social Concern|Sports,0.002950558,0.17694652,0.820103,0.81715244,0.820103,Positive
1175830847154528258,2019-09-22,2019,2019-09,I think Harbaugh listened to {@Pardon My Take@} Friday and figured going for it on 4th was his only option to beat the Chiefs.,I think Harbaugh listened to @user Friday and figured going for it on 4th was his only option to beat the Chiefs.,i think harbaugh listened to friday and figured going for it on th was his only option to beat the chiefs,21,Sports,0.091532506,0.82394636,0.08452107,-0.007011436,0.82394636,Neutral
1176283755037777920,2019-09-23,2019,2019-09,"Climate change all day, but not a peep on this! Cue {@Ben Shapiro@} s Good Trump/Bad Trump . Definitely GOOD Trump! Pastors praise Trump for skipping UN panel on imaginary climate crisis for real problem of religious persecution {{URL}} #FoxNews","Climate change all day, but not a peep on this! Cue @user s Good Trump/Bad Trump . Definitely GOOD Trump! Pastors praise Trump for skipping UN panel on imaginary climate crisis for real problem of religious persecution http #FoxNews",climate change all day but not a peep on this cue s good trump bad trump definitely good trump pastors praise trump for skipping un panel on imaginary climate crisis for real problem of religious persecution foxnews,37,News & Social Concern|Science & Technology,0.20109464,0.37515518,0.4237501,0.22265546,0.4237501,Positive
1203486288311140353,2019-12-08,2019,2019-12,"Tyson Fury challenges Anthony Joshua to prove himself on the world stage... {{URL}} via {@YouTube@} I love this guy and totally feel what he is saying, listen to THE whole 7 minutes it may change your life.","Tyson Fury challenges Anthony Joshua to prove himself on the world stage... http via @user I love this guy and totally feel what he is saying, listen to THE whole 7 minutes it may change your life.",tyson fury challenges anthony joshua to prove himself on the world stage via i love this guy and totally feel what he is saying listen to the whole minutes it may change your life,34,Sports,0.0027717906,0.04016345,0.9570647,0.9542929,0.9570647,Positive
1221399809829089281,2020-01-26,2020,2020-01,"Seen that tweet from {@George Osborne@} with the Chinese year of the rat wearing a face mask against the virus? To even tweet it is not only showing a massive lack of empathy, to have come from a former Cabinet member is obscene. I hope {@Twitter Support@} issue a ban for this.","Seen that tweet from @user with the Chinese year of the rat wearing a face mask against the virus? To even tweet it is not only showing a massive lack of empathy, to have come from a former Cabinet member is obscene. I hope @user issue a ban for this.",seen that tweet from with the chinese year of the rat wearing a face mask against the virus to even tweet it is not only showing a massive lack of empathy to have come from a former cabinet member is obscene i hope issue a ban for this,48,Fitness & Health|News & Social Concern,0.91104674,0.083644785,0.0053084306,-0.9057383,0.91104674,Negative
1292578957691432962,2020-08-09,2020,2020-08,So I don’t care if he works for AEW L! In your opinion {@SiriusXM Busted Open@} {@David LaGreca@} {@TheMarkHenry@} {{USERNAME}} Do you think Golddust is a HALL OF FAMER! I mean I can’t argue when I look at the body of work!,So I don’t care if he works for AEW L! In your opinion @user @user @user @user Do you think Golddust is a HALL OF FAMER! I mean I can’t argue when I look at the body of work!,so i don t care if he works for aew l in your opinion do you think golddust is a hall of famer i mean i can t argue when i look at the body of work,37,Celebrity & Pop Culture|Diaries & Daily Life|News & Social Concern,0.18295576,0.656294,0.16075028,-0.022205472,0.656294,Neutral
1368587555214659596,2021-03-07,2021,2021-03,"Moana is a really underrated {@Disney@} movie. It s beautiful to look at, has some really cool ideas, a decent story and some great songs. If you ve not seen it, I recommend checking it out. {{URL}}","Moana is a really underrated @user movie. It s beautiful to look at, has some really cool ideas, a decent story and some great songs. If you ve not seen it, I recommend checking it out. http",moana is a really underrated movie it s beautiful to look at has some really cool ideas a decent story and some great songs if you ve not seen it i recommend checking it out,35,Celebrity & Pop Culture|Film Tv & Video,0.0039492752,0.009915012,0.9861356,0.9821863,0.9861356,Positive
1271985274503954432,2020-06-14,2020,2020-06,"I was 10 when {@Marshall Mathers@} dropped Encore and listened to it on repeat for the next few years. That set the bar for rap in my eyes, and it was set HIGH!","I was 10 when @user dropped Encore and listened to it on repeat for the next few years. That set the bar for rap in my eyes, and it was set HIGH!",i was when dropped encore and listened to it on repeat for the next few years that set the bar for rap in my eyes and it was set high,30,Diaries & Daily Life,0.0039721276,0.03773244,0.95829535,0.95432323,0.95829535,Positive
1272431106772496384,2020-06-15,2020,2020-06,"I just want to say thank you to {@Yeroc@} {@Sam@} {@Colby@} {{USERNAME}} {{USERNAME}} {@Katrina Stuart@} {{USERNAME}} and the rest, when I watch your guys videos they always make me smile,laugh and happy I love youuuu guys so much I hope one day I meet all of you guys","I just want to say thank you to @user @user @user @user @user @user @user and the rest, when I watch your guys videos they always make me smile,laugh and happy I love youuuu guys so much I hope one day I meet all of you guys",i just want to say thank you to and the rest when i watch your guys videos they always make me smile laugh and happy i love youuuu guys so much i hope one day i meet all of you guys,41,Diaries & Daily Life|Film Tv & Video|Relationships,0.00430254,0.011151332,0.9845462,0.9802436,0.9845462,Positive
1358233408099516418,2021-02-07,2021,2021-02,Please sign this petition. Student-Athletes: Bring back Division III National Championships - Sign the Petition! {{URL}} via {@Change org@},Please sign this petition. Student-Athletes: Bring back Division III National Championships - Sign the Petition! http via @user,please sign this petition student athletes bring back division iii national championships sign the petition via,16,News & Social Concern|Sports|Youth & Student Life,0.004908131,0.24149494,0.753597,0.7486889,0.753597,Positive
1320483456942526466,2020-10-25,2020,2020-10,"“Dodgers look to take a command on the series, against the Rays” {@FOX Sports MLB@} {@FOX Sports@} that’s terrible! The Series is tied 2-2!! Clearly someone wants the Dodgers to win tonight.... #RaysUp","“Dodgers look to take a command on the series, against the Rays” @user @user that’s terrible! The Series is tied 2-2!! Clearly someone wants the Dodgers to win tonight.... #RaysUp",dodgers look to take a command on the series against the rays that s terrible the series is tied clearly someone wants the dodgers to win tonight raysup,28,News & Social Concern|Other Hobbies|Sports,0.8829548,0.10674256,0.010302734,-0.87265205,0.8829548,Negative
1180995588789342208,2019-10-06,2019,2019-10,"Despite the refs and Troy Aikman s absolutely shameless homerism, America s team (the {@Green Bay Packers@} ) beats America s team (everyone s least favorite team, the Cowboys) in front of Rupert Murdoch. My God that feels good. Thank you {@Aaron Jones 3 3@} - tonight was your night.","Despite the refs and Troy Aikman s absolutely shameless homerism, America s team (the @user ) beats America s team (everyone s least favorite team, the Cowboys) in front of Rupert Murdoch. My God that feels good. Thank you @user - tonight was your night.",despite the refs and troy aikman s absolutely shameless homerism america s team the beats america s team everyone s least favorite team the cowboys in front of rupert murdoch my god that feels good thank you tonight was your night,41,Sports,0.04073706,0.087152764,0.87211007,0.83137304,0.87211007,Positive
1279595617895895041,2020-07-05,2020,2020-07,Happy Sunday! Start the day right with a smile! Good Morning everyone {{USERNAME}} {{USERNAME}} #KiaraTakahashi #GinoRoque #KiaNo #MYXAwards2020KiaNo #MYXAwards2020 {{USERNAME}},Happy Sunday! Start the day right with a smile! Good Morning everyone @user @user #KiaraTakahashi #GinoRoque #KiaNo #MYXAwards2020KiaNo #MYXAwards2020 @user,happy sunday start the day right with a smile good morning everyone kiaratakahashi ginoroque kiano myxawards kiano myxawards,18,Celebrity & Pop Culture|Diaries & Daily Life|Music,0.0016687918,0.018606573,0.97972465,0.97805583,0.97972465,Positive
1412225708319989763,2021-07-06,2021,2021-07,Im pretty sure {@Whitney Cummings@} got replaced by a robot,Im pretty sure @user got replaced by a robot,im pretty sure got replaced by a robot,8,Celebrity & Pop Culture,0.62134534,0.35943285,0.019221872,-0.6021235,0.62134534,Negative
1251691709731352582,2020-04-19,2020,2020-04,So Gaga and Celine doing their MOST with these mics and John legend is in a stairwell with a single air pod. Love a humble star. {@chrissy teigen@} you won.,So Gaga and Celine doing their MOST with these mics and John legend is in a stairwell with a single air pod. Love a humble star. @user you won.,so gaga and celine doing their most with these mics and john legend is in a stairwell with a single air pod love a humble star you won,28,Celebrity & Pop Culture|Music,0.0055436324,0.058029797,0.93642664,0.930883,0.93642664,Positive
1273582991487438848,2020-06-18,2020,2020-06,Lil Baby - The Bigger Picture (Official Music Video) {{URL}} via {@YouTube@} love you for this one.❤️✊,Lil Baby - The Bigger Picture (Official Music Video) http via @user love you for this one.❤️✊,lil baby the bigger picture official music video via love you for this one,14,Film Tv & Video|Music,0.0021410638,0.012125691,0.9857333,0.9835922,0.9857333,Positive
1269478475976585216,2020-06-07,2020,2020-06,Absolute Freaking Knockout Right @ The Bell Bat To The Face By {@Cody Garbrandt@} #UFC250,Absolute Freaking Knockout Right @ The Bell Bat To The Face By @user #UFC250,absolute freaking knockout right the bell bat to the face by ufc,12,Sports,0.047341608,0.40841994,0.5442385,0.4968969,0.5442385,Positive
1287415473748029440,2020-07-26,2020,2020-07,"Game 162 hits the Premier League. Final game of the season... all 10 games going on at the same time. On the line: relegation and trips to Champions League football. Halftime {@NBC Entertainment@} , {{USERNAME}}","Game 162 hits the Premier League. Final game of the season... all 10 games going on at the same time. On the line: relegation and trips to Champions League football. Halftime @user , @user",game hits the premier league final game of the season all games going on at the same time on the line relegation and trips to champions league football halftime,29,Sports,0.042137906,0.8087142,0.1491479,0.10700999,0.8087142,Neutral
1213851006729162752,2020-01-05,2020,2020-01,Scrap #HS2. We want rinky dink #train lines that are safe to use around the clock. What would the Victorians do? They had common sense. {@UK Prime Minister@} {@Boris Johnson@} #Transportation #transport,Scrap #HS2. We want rinky dink #train lines that are safe to use around the clock. What would the Victorians do? They had common sense. @user @user #Transportation #transport,scrap hs we want rinky dink train lines that are safe to use around the clock what would the victorians do they had common sense transportation transport,27,News & Social Concern|Travel & Adventure,0.30609646,0.59419435,0.09970913,-0.20638734,0.59419435,Neutral
1231426949030932481,2020-02-23,2020,2020-02,"Halftime ⚽️ Clayton Valley- 0 Vintage- 0 Both teams have had some chances, but nothing to show for it... yet! ❤️ {{USERNAME}} {{USERNAME}} {{USERNAME}} {{USERNAME}}","Halftime ⚽️ Clayton Valley- 0 Vintage- 0 Both teams have had some chances, but nothing to show for it... yet! ❤️ @user @user @user @user",halftime clayton valley vintage both teams have had some chances but nothing to show for it yet,17,Sports,0.27370217,0.57429445,0.15200338,-0.1216988,0.57429445,Neutral
1212943378368712705,2020-01-03,2020,2020-01,". {@Akshay Kumar@} tops the 2019 cumulative #Bollywood Box Office with ₹ 700+* Crs Nett in #India All his 2019 movies - #Housefull4 , #MissionMangal , #Kesari and #GoodNewwz* have tasted success at the Box office.. He is on a winning streak for the past few years..",". @user tops the 2019 cumulative #Bollywood Box Office with ₹ 700+* Crs Nett in #India All his 2019 movies - #Housefull4 , #MissionMangal , #Kesari and #GoodNewwz* have tasted success at the Box office.. He is on a winning streak for the past few years..",tops the cumulative bollywood box office with crs nett in india all his movies housefull missionmangal kesari and goodnewwz have tasted success at the box office he is on a winning streak for the past few years,37,Celebrity & Pop Culture|Film Tv & Video,0.0024003033,0.071059614,0.92654,0.92413974,0.92654,Positive
1237406331868450822,2020-03-10,2020,2020-03,The {{USERNAME}} Television Network recently held a press conference after a request from our school nurse. She wanted us to remind our students of preventative measures they can take in the fight against sickness. {{USERNAME}} {{USERNAME}} {{URL}},The @user Television Network recently held a press conference after a request from our school nurse. She wanted us to remind our students of preventative measures they can take in the fight against sickness. @user @user http,the television network recently held a press conference after a request from our school nurse she wanted us to remind our students of preventative measures they can take in the fight against sickness,33,Film Tv & Video|Fitness & Health|Science & Technology,0.0051982026,0.7972611,0.19754064,0.19234245,0.7972611,Neutral
1193407522591383552,2019-11-10,2019,2019-11,Ok monbebe I guess it s time for me to head to bed. Keep trending and I will see you all in the morning! Remember that Monsta X love you! {@MONSTA X@} {@STARSHIP Ent@} #ForWonho #변화를_위해_싸우다,Ok monbebe I guess it s time for me to head to bed. Keep trending and I will see you all in the morning! Remember that Monsta X love you! @user @user #ForWonho #변화를_위해_싸우다,ok monbebe i guess it s time for me to head to bed keep trending and i will see you all in the morning remember that monsta x love you forwonho,31,Music,0.0045980713,0.121012814,0.8743892,0.8697911,0.8743892,Positive
1208777487884398593,2019-12-22,2019,2019-12,The latest The United States Daily! {{URL}} {{USERNAME}} {{USERNAME}} {{USERNAME}} #million #belgium,The latest The United States Daily! http @user @user @user #million #belgium,the latest the united states daily million belgium,8,News & Social Concern,0.0058484394,0.9008859,0.09326563,0.08741719,0.9008859,Neutral
1330510090651070464,2020-11-22,2020,2020-11,"Singer, writer and producer = MORISSETTE AMON. MORISSETTE NEW MUSIC {{USERNAME}} LYS TEASER RELEASE {{URL}}","Singer, writer and producer = MORISSETTE AMON. MORISSETTE NEW MUSIC @user LYS TEASER RELEASE http",singer writer and producer morissette amon morissette new music lys teaser release,12,Music,0.0030056054,0.45118245,0.54581195,0.5428063,0.54581195,Positive
1284814932404510720,2020-07-19,2020,2020-07,"Push the mask up a little further on your nose, then pinch it by pushing your glasses down over the top of it - pinning it in place. This stops your glasses steaming up. #Askcroft {@Sky Sports F1@}","Push the mask up a little further on your nose, then pinch it by pushing your glasses down over the top of it - pinning it in place. This stops your glasses steaming up. #Askcroft @user",push the mask up a little further on your nose then pinch it by pushing your glasses down over the top of it pinning it in place this stops your glasses steaming up askcroft,34,Fitness & Health,0.012975269,0.80796766,0.17905706,0.16608179,0.80796766,Neutral
1277389171934576641,2020-06-28,2020,2020-06,I m sitting in a restaurant in Ohio drinking a Bud Light. I now understand why {@Chad Zumock Find Me On Instagram@} left to be Florida s Greatest Comedian. #PanHANDLE+,I m sitting in a restaurant in Ohio drinking a Bud Light. I now understand why @user left to be Florida s Greatest Comedian. #PanHANDLE+,i m sitting in a restaurant in ohio drinking a bud light i now understand why left to be florida s greatest comedian panhandle,24,Celebrity & Pop Culture|Diaries & Daily Life|Food & Dining,0.098347254,0.60977036,0.29188243,0.19353518,0.60977036,Neutral
1335520407949103105,2020-12-06,2020,2020-12,#DavePMorningShow {{USERNAME}} #NowPlaying #UGNJAMZ - CHRISTMAS MUSIC BED {{URL}},#DavePMorningShow @user #NowPlaying #UGNJAMZ - CHRISTMAS MUSIC BED http,davepmorningshow nowplaying ugnjamz christmas music bed,6,Film Tv & Video|Music,0.003990512,0.867897,0.12811254,0.12412203,0.867897,Neutral
1282401574506176523,2020-07-12,2020,2020-07,Lea Michele Deletes Her Twitter After Naya Rivera’s Disappearance - Follow {{USERNAME}} for more celebrity news! {{URL}},Lea Michele Deletes Her Twitter After Naya Rivera’s Disappearance - Follow @user for more celebrity news! http,lea michele deletes her twitter after naya rivera s disappearance follow for more celebrity news,15,Celebrity & Pop Culture,0.0696401,0.89173234,0.038627587,-0.031012513,0.89173234,Neutral
1236766495276855296,2020-03-08,2020,2020-03,the {@NBA Referees@} are hella whistle happy for the Clippers rn,the @user are hella whistle happy for the Clippers rn,the are hella whistle happy for the clippers rn,9,Sports,0.013945768,0.09851782,0.8875364,0.87359065,0.8875364,Positive
1196059383458869248,2019-11-17,2019,2019-11,i love the : WATERMELON SUGAR high WATERMELON SUGAR high WATERMELON SUGAR high WATERMELON-SUGAR-HIGH {@Harry Styles@} i really hope someone understands what i’m saying,i love the : WATERMELON SUGAR high WATERMELON SUGAR high WATERMELON SUGAR high WATERMELON-SUGAR-HIGH @user i really hope someone understands what i’m saying,i love the watermelon sugar high watermelon sugar high watermelon sugar high watermelon sugar high i really hope someone understands what i m saying,24,Celebrity & Pop Culture|Music,0.00508994,0.0474346,0.9474754,0.94238544,0.9474754,Positive
1181054714986684416,2019-10-07,2019,2019-10,Check out what I just added to my closet on Poshmark: NWT Pink Out! Under Armour Pink Breast Cancer Top. {{URL}} via {@Poshmark@} #shopmycloset,Check out what I just added to my closet on Poshmark: NWT Pink Out! Under Armour Pink Breast Cancer Top. http via @user #shopmycloset,check out what i just added to my closet on poshmark nwt pink out under armour pink breast cancer top via shopmycloset,22,Fashion & Style,0.0032267112,0.4891253,0.507648,0.5044213,0.507648,Positive
1343103623379656705,2020-12-27,2020,2020-12,“I guess today is just one of those days that you really love Jesus” - {{USERNAME}},“I guess today is just one of those days that you really love Jesus” - @user,i guess today is just one of those days that you really love jesus,14,Diaries & Daily Life,0.009404807,0.0892745,0.9013207,0.8919159,0.9013207,Positive
1216389130445303808,2020-01-12,2020,2020-01,The candidate running for President of the United States they don t want you to know about. His name is {@Andrew Yang@} Look him up. #SundayMorning #SundayThoughts #AndrewYang,The candidate running for President of the United States they don t want you to know about. His name is @user Look him up. #SundayMorning #SundayThoughts #AndrewYang,the candidate running for president of the united states they don t want you to know about his name is look him up sundaymorning sundaythoughts andrewyang,26,News & Social Concern,0.113834836,0.81126124,0.07490397,-0.038930863,0.81126124,Neutral
1287263945116409859,2020-07-26,2020,2020-07,"#MaithililnManifesto If you look at the power of expression, Maithili is not far behind in any language. So how long will the government include mithilachar in primary education??? {@PMO India@} {@Nitish Kumar@} {@Sanjay Kumar Jha@} {@Gopal Jee Thakur@} {@Dr Sanjay Jaiswal@} {@Nitish Mishra@} {@Pushpam Priya Choudhary@}","#MaithililnManifesto If you look at the power of expression, Maithili is not far behind in any language. So how long will the government include mithilachar in primary education??? @user @user @user @user @user @user @user",maithililnmanifesto if you look at the power of expression maithili is not far behind in any language so how long will the government include mithilachar in primary education,28,Diaries & Daily Life|Learning & Educational|News & Social Concern|Youth & Student Life,0.16658708,0.75245094,0.080962,-0.08562508,0.75245094,Neutral
1226529267728683016,2020-02-09,2020,2020-02,Variety: Jennifer Lopez Blasts Super Bowl ‘Too Sexy’ Critics: ‘It Was a Celebration of Women and Latino Culture’. {{URL}} via {@Google News@},Variety: Jennifer Lopez Blasts Super Bowl ‘Too Sexy’ Critics: ‘It Was a Celebration of Women and Latino Culture’. http via @user,variety jennifer lopez blasts super bowl too sexy critics it was a celebration of women and latino culture via,19,Celebrity & Pop Culture|Music|Sports,0.005061646,0.19999571,0.7949426,0.789881,0.7949426,Positive
1185735610251776001,2019-10-20,2019,2019-10,{{USERNAME}} great job fam sold out sexy Sweetest Day in Detroit!! @ Aretha s Jazz Café {{URL}},@user great job fam sold out sexy Sweetest Day in Detroit!! @ Aretha s Jazz Café http,great job fam sold out sexy sweetest day in detroit aretha s jazz caf,14,Diaries & Daily Life|Music,0.0015595619,0.011950582,0.9864898,0.9849302,0.9864898,Positive
1208776061342900227,2019-12-22,2019,2019-12,Every time I hear “2020” I think of the news show and {@Geraldo Rivera@} . The 80’s man ...,Every time I hear “2020” I think of the news show and @user . The 80’s man ...,every time i hear i think of the news show and the s man,14,Celebrity & Pop Culture|Film Tv & Video|News & Social Concern,0.36912134,0.5258279,0.105050795,-0.26407054,0.5258279,Neutral
1218983412041748483,2020-01-19,2020,2020-01,Aaron Hernandez documentary is insane. Now everyone gear up for the Antonio Brown Law and Order episode that will drop in 10 years. #AaronHernadez {@AB@},Aaron Hernandez documentary is insane. Now everyone gear up for the Antonio Brown Law and Order episode that will drop in 10 years. #AaronHernadez @user,aaron hernandez documentary is insane now everyone gear up for the antonio brown law and order episode that will drop in years aaronhernadez,23,Celebrity & Pop Culture|Diaries & Daily Life|Film Tv & Video|Sports,0.019437553,0.2570523,0.72351015,0.7040726,0.72351015,Positive
1426964270684704778,2021-08-15,2021,2021-08,Check out my new album Bout Mehh distributed by {@DistroKid@} and live on Deezer! {{URL}},Check out my new album Bout Mehh distributed by @user and live on Deezer! http,check out my new album bout mehh distributed by and live on deezer,13,Music,0.0027811276,0.48957366,0.5076452,0.50486404,0.5076452,Positive
1320271483592187904,2020-10-25,2020,2020-10,The Thanksgiving game between Dallas and Miami where Leon Lett touched the ball after a blocked field goal....only one that comes to mind. {{USERNAME}},The Thanksgiving game between Dallas and Miami where Leon Lett touched the ball after a blocked field goal....only one that comes to mind. @user,the thanksgiving game between dallas and miami where leon lett touched the ball after a blocked field goal only one that comes to mind,24,Gaming|Sports,0.15974562,0.78963387,0.050620563,-0.109125055,0.78963387,Neutral
1236680405262249985,2020-03-08,2020,2020-03,I see Bernie Bro Brownshirts STILL going after {@Elizabeth Warren@} and her peeps days after she dropped out and its irrelevant. Guess they are salty that she didnt endorse their cult leader after all their abuse. But it kind of illustrates EXACTLY what is wrong w/Bernies nonstop toxicity.,I see Bernie Bro Brownshirts STILL going after @user and her peeps days after she dropped out and its irrelevant. Guess they are salty that she didnt endorse their cult leader after all their abuse. But it kind of illustrates EXACTLY what is wrong w/Bernies nonstop toxicity.,i see bernie bro brownshirts still going after and her peeps days after she dropped out and its irrelevant guess they are salty that she didnt endorse their cult leader after all their abuse but it kind of illustrates exactly what is wrong w bernies nonstop toxicity,47,News & Social Concern,0.8810822,0.11109057,0.007827245,-0.87325495,0.8810822,Negative
1269658778535972865,2020-06-07,2020,2020-06,"#WeDemandJudicialReforms In each high court a “cell for the eradication of corruption from judiciary” may be established in the office of the registrar, under the supervision of chief justice of the high court to entertain complaints with credible evidence. {{USERNAME}}","#WeDemandJudicialReforms In each high court a “cell for the eradication of corruption from judiciary” may be established in the office of the registrar, under the supervision of chief justice of the high court to entertain complaints with credible evidence. @user",wedemandjudicialreforms in each high court a cell for the eradication of corruption from judiciary may be established in the office of the registrar under the supervision of chief justice of the high court to entertain complaints with credible evidence,39,News & Social Concern,0.09490055,0.82210493,0.082994536,-0.011906013,0.82210493,Neutral
1228944193491492875,2020-02-16,2020,2020-02,"I really don t understand why #Midsommar was not in the running for an Oscar. A great horror/suspense flick I ve watched in a long time, probably the last I saw was #Tumbbad. It s a beautifully shot movie about loneliness. Thankyou {@Ari Aster@} ! WATCH NOW.","I really don t understand why #Midsommar was not in the running for an Oscar. A great horror/suspense flick I ve watched in a long time, probably the last I saw was #Tumbbad. It s a beautifully shot movie about loneliness. Thankyou @user ! WATCH NOW.",i really don t understand why midsommar was not in the running for an oscar a great horror suspense flick i ve watched in a long time probably the last i saw was tumbbad it s a beautifully shot movie about loneliness thankyou watch now,45,Film Tv & Video,0.05191474,0.09036121,0.857724,0.80580926,0.857724,Positive
1226626554349989888,2020-02-09,2020,2020-02,I wish {@LaMike james@} was playing in the XFL...feel like the dude could still run circles around everybody,I wish @user was playing in the XFL...feel like the dude could still run circles around everybody,i wish was playing in the xfl feel like the dude could still run circles around everybody,17,Sports,0.094717,0.27085006,0.6344329,0.5397159,0.6344329,Positive
1190959579628265472,2019-11-03,2019,2019-11,An interesting page documenting snippets about realities of fieldwork - the difference between conceptualising a research design and implementation of data collection procedures and everything in between - messiness and lessons learned. {{URL}} {{USERNAME}},An interesting page documenting snippets about realities of fieldwork - the difference between conceptualising a research design and implementation of data collection procedures and everything in between - messiness and lessons learned. http @user,an interesting page documenting snippets about realities of fieldwork the difference between conceptualising a research design and implementation of data collection procedures and everything in between messiness and lessons learned,30,Science & Technology,0.015119055,0.39508927,0.5897918,0.5746727,0.5897918,Positive
1254316788038479872,2020-04-26,2020,2020-04,"Excellent message this morning by our visionary Pastor, Ps {{USERNAME}} we need to put feet to our prayers. Let’s be the hands & feet of God family. We are going over & not under in Jesus name! Thank you Ps… {{URL}}","Excellent message this morning by our visionary Pastor, Ps @user we need to put feet to our prayers. Let’s be the hands & feet of God family. We are going over & not under in Jesus name! Thank you Ps… http",excellent message this morning by our visionary pastor ps we need to put feet to our prayers let s be the hands feet of god family we are going over not under in jesus name thank you ps,38,News & Social Concern|Other Hobbies,0.004517817,0.036906134,0.958576,0.95405823,0.958576,Positive
1246948874020950023,2020-04-05,2020,2020-04,watching digital mirage and {@T O K iM O N S T A@} is killing it...she was the first electronic artist i ever saw and started me on this crazy festival journey ♥️♥️♥️,watching digital mirage and @user is killing it...she was the first electronic artist i ever saw and started me on this crazy festival journey ♥️♥️♥️,watching digital mirage and is killing it she was the first electronic artist i ever saw and started me on this crazy festival journey,24,Film Tv & Video|Music,0.0028871943,0.014270992,0.9828418,0.9799546,0.9828418,Positive
1371249511297785857,2021-03-14,2021,2021-03,"Drew Brees Officially Retires from NFL, Kids Help with Announcement {{URL}} via {@TMZ@}","Drew Brees Officially Retires from NFL, Kids Help with Announcement http via @user",drew brees officially retires from nfl kids help with announcement via,11,Sports,0.0071511013,0.93830365,0.054545265,0.047394164,0.93830365,Neutral
1267062733121486850,2020-05-31,2020,2020-05,CNN s Van Jones: Even the most well-intentioned white person has a virus in his or her brain {{URL}} via {{USERNAME}} In turn every black person has a virus in their brains that erupt when in the vicinity of law enforcement. They can’t talk to them rationally.,CNN s Van Jones: Even the most well-intentioned white person has a virus in his or her brain http via @user In turn every black person has a virus in their brains that erupt when in the vicinity of law enforcement. They can’t talk to them rationally.,cnn s van jones even the most well intentioned white person has a virus in his or her brain via in turn every black person has a virus in their brains that erupt when in the vicinity of law enforcement they can t talk to them rationally,47,News & Social Concern,0.79767054,0.19112438,0.011205123,-0.7864654,0.79767054,Negative
1408967373533503490,2021-06-27,2021,2021-06,#amc #amcapes #AMCSqueeze #AMCARMY {{USERNAME}} {{USERNAME}} {@Matt Kohrs@} {{USERNAME}} {{USERNAME}} {{USERNAME}} {{USERNAME}} in the words of Winston S. Churchill We Shall Never Surrender {{URL}},#amc #amcapes #AMCSqueeze #AMCARMY @user @user @user @user @user @user @user in the words of Winston S. Churchill We Shall Never Surrender http,amc amcapes amcsqueeze amcarmy in the words of winston s churchill we shall never surrender,15,Business & Entrepreneurs|News & Social Concern,0.007136523,0.77811337,0.21475011,0.20761359,0.77811337,Neutral
1236803120316870656,2020-03-08,2020,2020-03,#156 Spring Forward &amp; Fall Back {{URL}} via {{USERNAME}},#156 Spring Forward &amp; Fall Back http via @user,spring forward amp fall back via,6,Diaries & Daily Life|News & Social Concern,0.0068166507,0.9306055,0.06257782,0.05576117,0.9306055,Neutral
1424305179965284353,2021-08-08,2021,2021-08,The amount of rats in The Suicide Squad is an amount that {{USERNAME}} would approve of. All of the rats are so cute.,The amount of rats in The Suicide Squad is an amount that @user would approve of. All of the rats are so cute.,the amount of rats in the suicide squad is an amount that would approve of all of the rats are so cute,22,Film Tv & Video,0.027580677,0.07173826,0.90068114,0.87310046,0.90068114,Positive
1229182804837249024,2020-02-16,2020,2020-02,Lewis Hamilton: Joaquin Phoenix Has ‘Led the Way’ to a Vegan World {{URL}} via {{USERNAME}},Lewis Hamilton: Joaquin Phoenix Has ‘Led the Way’ to a Vegan World http via @user,lewis hamilton joaquin phoenix has led the way to a vegan world via,13,Celebrity & Pop Culture|Food & Dining|News & Social Concern,0.0032004528,0.6548167,0.34198287,0.33878243,0.6548167,Neutral
1226475801442430977,2020-02-09,2020,2020-02,Box Office: ‘Birds Of Prey’ Disappoints With Mediocre $13M Friday via {@Forbes@} {{URL}},Box Office: ‘Birds Of Prey’ Disappoints With Mediocre $13M Friday via @user http,box office birds of prey disappoints with mediocre m friday via,11,Film Tv & Video,0.62193394,0.35975713,0.018308952,-0.603625,0.62193394,Negative
1208808086250631168,2019-12-22,2019,2019-12,"Poet News: On this, the shortest day, here is a blowy Crosby Beach, suggested by {{USERNAME}} as a place to recite my winter solstice poem at sunrise. ‘Sun’s eye opens, breaches horizon, slumbers are bleached and wonders are woken:’ #Poet #shortestday #CrosbyBeach","Poet News: On this, the shortest day, here is a blowy Crosby Beach, suggested by @user as a place to recite my winter solstice poem at sunrise. ‘Sun’s eye opens, breaches horizon, slumbers are bleached and wonders are woken:’ #Poet #shortestday #CrosbyBeach",poet news on this the shortest day here is a blowy crosby beach suggested by as a place to recite my winter solstice poem at sunrise sun s eye opens breaches horizon slumbers are bleached and wonders are woken poet shortestday crosbybeach,42,Arts & Culture,0.015464002,0.5999605,0.3845755,0.36911148,0.5999605,Neutral
1360890292157640709,2021-02-14,2021,2021-02,"So far the only survivors are the wicket-keepers from both teams, probably both read the pitch very closely. Courtesy {@Cricbuzz@} #IndvsEng","So far the only survivors are the wicket-keepers from both teams, probably both read the pitch very closely. Courtesy @user #IndvsEng",so far the only survivors are the wicket keepers from both teams probably both read the pitch very closely courtesy indvseng,21,Sports,0.027002262,0.85586005,0.11713763,0.09013537,0.85586005,Neutral
1284665740268834816,2020-07-19,2020,2020-07,"Made it home just in time for the start of the {{USERNAME}} Jackbox panel, and I had a whole lot of FUF in the panel! Many thanks to {{USERNAME}} {{USERNAME}} {{USERNAME}} {{USERNAME}} {{USERNAME}} {{USERNAME}} {{USERNAME}} {{USERNAME}} for all the FUF! #TrotConOnline","Made it home just in time for the start of the @user Jackbox panel, and I had a whole lot of FUF in the panel! Many thanks to @user @user @user @user @user @user @user @user for all the FUF! #TrotConOnline",made it home just in time for the start of the jackbox panel and i had a whole lot of fuf in the panel many thanks to for all the fuf trotcononline,32,Other Hobbies,0.0016863619,0.010622117,0.98769146,0.9860051,0.98769146,Positive
1183306380297547776,2019-10-13,2019,2019-10,"Breaking Bad , un western modern per {{USERNAME}} {{URL}}","Breaking Bad , un western modern per @user http",breaking bad un western modern per,6,Film Tv & Video,0.13698554,0.817156,0.045858443,-0.0911271,0.817156,Neutral
1295083302806786051,2020-08-16,2020,2020-08,I ll find my own way back Back to the past tense That hits hard... {@CHVRCHES@} #TimsTwitterListeningParty,I ll find my own way back Back to the past tense That hits hard... @user #TimsTwitterListeningParty,i ll find my own way back back to the past tense that hits hard timstwitterlisteningparty,16,Music,0.14302927,0.5887168,0.26825395,0.12522468,0.5887168,Neutral
1221522805583273985,2020-01-26,2020,2020-01,"Very sad to hear the news of the passing of Kobe Bryant! Kobe was not only one of the greatest NBA players of all-time, he was one of the greatest athletes EVER! My heart and prayers go out to his family! #RIPKobe {@NBA@}","Very sad to hear the news of the passing of Kobe Bryant! Kobe was not only one of the greatest NBA players of all-time, he was one of the greatest athletes EVER! My heart and prayers go out to his family! #RIPKobe @user",very sad to hear the news of the passing of kobe bryant kobe was not only one of the greatest nba players of all time he was one of the greatest athletes ever my heart and prayers go out to his family ripkobe,43,Celebrity & Pop Culture|Sports,0.09100931,0.12413649,0.7848541,0.6938448,0.7848541,Positive
1239310207504826375,2020-03-15,2020,2020-03,Working on piece abt hospital & staff safety. Heard {{USERNAME}} in Missouri told accountants (including w/ very compromised immune system) if they missed a day they d be fired. Interested to hear from hospital leadership in & out of system what s being done to protect staff health.,Working on piece abt hospital & staff safety. Heard @user in Missouri told accountants (including w/ very compromised immune system) if they missed a day they d be fired. Interested to hear from hospital leadership in & out of system what s being done to protect staff health.,working on piece abt hospital staff safety heard in missouri told accountants including w very compromised immune system if they missed a day they d be fired interested to hear from hospital leadership in out of system what s being done to protect staff health,45,Fitness & Health|Learning & Educational|News & Social Concern,0.19184917,0.7448323,0.06331859,-0.12853059,0.7448323,Neutral
1251807612934316033,2020-04-19,2020,2020-04,Bighit release the full Korean version of I like it pt. 2 {{USERNAME}},Bighit release the full Korean version of I like it pt. 2 @user,bighit release the full korean version of i like it pt,11,Music,0.010112975,0.7436051,0.24628198,0.23616901,0.7436051,Neutral
1173081667461885955,2019-09-15,2019,2019-09,I know it’s only preseason but who takes tomorrow’s {@NHL@} preseason game between {@Vegas Golden Knights@} vs {@Arizona Coyotes@} {@T Mobile Arena@},I know it’s only preseason but who takes tomorrow’s @user preseason game between @user vs @user @user,i know it s only preseason but who takes tomorrow s preseason game between vs,15,Sports,0.021748938,0.9299479,0.048303183,0.026554246,0.9299479,Neutral
1348117317117468673,2021-01-10,2021,2021-01,Drivers license on repeat! {@Olivia Rodrigo@} ! #olivia #driverslicense #oliviarodrigo #love,Drivers license on repeat! @user ! #olivia #driverslicense #oliviarodrigo #love,drivers license on repeat olivia driverslicense oliviarodrigo love,8,Music,0.0036668177,0.074485675,0.9218475,0.9181807,0.9218475,Positive
1249426156908154881,2020-04-12,2020,2020-04,Easter dinner! Thanks to {{USERNAME}} ! One of the best bar b que around! Can t wait for his food truck to be up & running! @ The Blea Casa {{URL}},Easter dinner! Thanks to @user ! One of the best bar b que around! Can t wait for his food truck to be up & running! @ The Blea Casa http,easter dinner thanks to one of the best bar b que around can t wait for his food truck to be up running the blea casa,26,Food & Dining|News & Social Concern,0.0016745818,0.007135934,0.9911895,0.9895149,0.9911895,Positive
1193374328445792258,2019-11-10,2019,2019-11,Oh my god. David bought the Logan Paul vs KSI fight thingy and is making me watch it.... {{USERNAME}} I thought you loved me Might as well stream! I SUFFER YOU SUFFER!!! {{URL}},Oh my god. David bought the Logan Paul vs KSI fight thingy and is making me watch it.... @user I thought you loved me Might as well stream! I SUFFER YOU SUFFER!!! http,oh my god david bought the logan paul vs ksi fight thingy and is making me watch it i thought you loved me might as well stream i suffer you suffer,31,Sports,0.7701813,0.17541797,0.054400794,-0.7157805,0.7701813,Negative
1282250321411092481,2020-07-12,2020,2020-07,"Take me higher Lord beyond where the eagles fly, beyond where the clouds are formed, far beyond the stars of light, through the open door into Your Holy Place, right into Your Throne Room, where mysteries abound, to behold the One Who sits upon the Throne {@Dunamis Gospel@}","Take me higher Lord beyond where the eagles fly, beyond where the clouds are formed, far beyond the stars of light, through the open door into Your Holy Place, right into Your Throne Room, where mysteries abound, to behold the One Who sits upon the Throne @user",take me higher lord beyond where the eagles fly beyond where the clouds are formed far beyond the stars of light through the open door into your holy place right into your throne room where mysteries abound to behold the one who sits upon the throne,46,Arts & Culture|Diaries & Daily Life|Film Tv & Video|Other Hobbies,0.004748408,0.16702127,0.8282303,0.8234819,0.8282303,Positive
1332834593079169029,2020-11-28,2020,2020-11,"U_Music video wami wokqala lo bafethu...... . Please Watch, Subscribe, Comment and Share the link of my new Music Video with your friends, . MBzet #NdifunaWena (Official Music Video) Feat. {{USERNAME}} . Link - {{URL}} . Thank you #BLACKCOFFEE","U_Music video wami wokqala lo bafethu...... . Please Watch, Subscribe, Comment and Share the link of my new Music Video with your friends, . MBzet #NdifunaWena (Official Music Video) Feat. @user . Link - http . Thank you #BLACKCOFFEE",u music video wami wokqala lo bafethu please watch subscribe comment and share the link of my new music video with your friends mbzet ndifunawena official music video feat link thank you blackcoffee,33,Music,0.0050747027,0.6000391,0.39488614,0.38981143,0.6000391,Neutral
1365843607836590087,2021-02-28,2021,2021-02,the con was super fun and I loved so much. the fact that the girls on staff went out of their way to keep us entertained while we waited for Matt If there are others in the future I will definitely participate. You guys made me super happy thanks {{USERNAME}},the con was super fun and I loved so much. the fact that the girls on staff went out of their way to keep us entertained while we waited for Matt If there are others in the future I will definitely participate. You guys made me super happy thanks @user,the con was super fun and i loved so much the fact that the girls on staff went out of their way to keep us entertained while we waited for matt if there are others in the future i will definitely participate you guys made me super happy thanks,49,Diaries & Daily Life|Travel & Adventure,0.0025773835,0.007982851,0.9894398,0.9868624,0.9894398,Positive
1374781306152816648,2021-03-24,2021,2021-03,I’m digging this new {@All Time Low@} song! Definitely going to vibe with it driving home after work with the windows down,I’m digging this new @user song! Definitely going to vibe with it driving home after work with the windows down,i m digging this new song definitely going to vibe with it driving home after work with the windows down,20,Music,0.002130995,0.007908506,0.98996055,0.98782957,0.98996055,Positive
1183191263459323907,2019-10-13,2019,2019-10,"BREAKING BAD fans!!!! Kyle and I just watching El Camino, which follows one of the main characters after the ending of season five to Breaking Bad!! {@Netflix@} did a phenomenal job It is a must watch!!! — watching Breaking Bad","BREAKING BAD fans!!!! Kyle and I just watching El Camino, which follows one of the main characters after the ending of season five to Breaking Bad!! @user did a phenomenal job It is a must watch!!! — watching Breaking Bad",breaking bad fans kyle and i just watching el camino which follows one of the main characters after the ending of season five to breaking bad did a phenomenal job it is a must watch watching breaking bad,38,Film Tv & Video,0.0041820216,0.026730277,0.9690878,0.96490574,0.9690878,Positive
1338027616335405058,2020-12-13,2020,2020-12,"The reason why I like WHO by LV, JK & JM is because I see a story. I like the story and I identify with it {@BTS_twt@}","The reason why I like WHO by LV, JK & JM is because I see a story. I like the story and I identify with it @user",the reason why i like who by lv jk jm is because i see a story i like the story and i identify with it,25,Celebrity & Pop Culture|Music,0.005230138,0.097449966,0.8973199,0.8920898,0.8973199,Positive
1274702645983211520,2020-06-21,2020,2020-06,Summer solstice 2020: Sensual traditions on the longest day of the year {{URL}} via {@CNN Travel@} Feliz Verano a todos! Happy Summer to all!,Summer solstice 2020: Sensual traditions on the longest day of the year http via @user Feliz Verano a todos! Happy Summer to all!,summer solstice sensual traditions on the longest day of the year via feliz verano a todos happy summer to all,20,Diaries & Daily Life,0.0014416439,0.010649798,0.98790866,0.986467,0.98790866,Positive
1221250500894396418,2020-01-26,2020,2020-01,"#PadmaAwards Congratulations to all winners, you deserve it. However, I don’t understand why {{USERNAME}} , despite of doing very strong roles, didn’t get any such award so far. She truly deserves it {@Yash Raj Films@}","#PadmaAwards Congratulations to all winners, you deserve it. However, I don’t understand why @user , despite of doing very strong roles, didn’t get any such award so far. She truly deserves it @user",padmaawards congratulations to all winners you deserve it however i don t understand why despite of doing very strong roles didn t get any such award so far she truly deserves it,32,Film Tv & Video,0.02191378,0.07187119,0.9062151,0.8843013,0.9062151,Positive
1373604992121147408,2021-03-21,2021,2021-03,The fundraising foundation for the Baptist Health of S. Florida hospital system told donors who could afford at least six-figure financial contributions on New Year’s Day that they were eligible for the Covid-19 vaccine. {@Ron DeSantis@} is a crook! {{URL}},The fundraising foundation for the Baptist Health of S. Florida hospital system told donors who could afford at least six-figure financial contributions on New Year’s Day that they were eligible for the Covid-19 vaccine. @user is a crook! http,the fundraising foundation for the baptist health of s florida hospital system told donors who could afford at least six figure financial contributions on new year s day that they were eligible for the covid vaccine is a crook,39,Fitness & Health|News & Social Concern|Science & Technology,0.45893675,0.4761653,0.06489792,-0.39403883,0.4761653,Neutral
1190869072151556096,2019-11-03,2019,2019-11,"1 of 2 | Opinion | Steve Bannon has set up shop in DC again, reportedly to save Trump from himself. The perfect time for AMERICAN DHARMA the new doc by Oscar®-winner {@errolmorris@} that lays bare the Bannon Darkness. Trailer in 2 of 2 {{URL}}","1 of 2 | Opinion | Steve Bannon has set up shop in DC again, reportedly to save Trump from himself. The perfect time for AMERICAN DHARMA the new doc by Oscar®-winner @user that lays bare the Bannon Darkness. Trailer in 2 of 2 http",of opinion steve bannon has set up shop in dc again reportedly to save trump from himself the perfect time for american dharma the new doc by oscar winner that lays bare the bannon darkness trailer in of,38,Celebrity & Pop Culture|News & Social Concern,0.016062997,0.5499188,0.43401822,0.41795522,0.5499188,Neutral
1211103386835152896,2019-12-29,2019,2019-12,tell taehyung he did amazing for kbs gayo also is there a new album on the way #MostRequestedLive {@BTS_twt@},tell taehyung he did amazing for kbs gayo also is there a new album on the way #MostRequestedLive @user,tell taehyung he did amazing for kbs gayo also is there a new album on the way mostrequestedlive,18,Music,0.0015819619,0.021573732,0.9768444,0.9752624,0.9768444,Positive
1421741549092704257,2021-08-01,2021,2021-08,"I just waited over half an hour in a 16 car deep {@Jack in the Box@} drive thru line which is literally the only open business in town right now and they closed right behind me, and I wanna feel bad for the other people in line but I m not feeling particularly sympathetic.","I just waited over half an hour in a 16 car deep @user drive thru line which is literally the only open business in town right now and they closed right behind me, and I wanna feel bad for the other people in line but I m not feeling particularly sympathetic.",i just waited over half an hour in a car deep drive thru line which is literally the only open business in town right now and they closed right behind me and i wanna feel bad for the other people in line but i m not feeling particularly sympathetic,49,Diaries & Daily Life,0.9278818,0.0664122,0.005706034,-0.92217577,0.9278818,Negative
1277388645427810304,2020-06-28,2020,2020-06,"New Podcast! Episode 206 | The Antics of Shane Dawson, Jeffrey Star, and Jenna Marbles Is Nothing New, and Yet They Prosper!! on {@Spreaker@} #commentary #commentator #contentcreators #jakepaul #jamescharles #jeffreystar #jennamarbles #loganpaul {{URL}}","New Podcast! Episode 206 | The Antics of Shane Dawson, Jeffrey Star, and Jenna Marbles Is Nothing New, and Yet They Prosper!! on @user #commentary #commentator #contentcreators #jakepaul #jamescharles #jeffreystar #jennamarbles #loganpaul http",new podcast episode the antics of shane dawson jeffrey star and jenna marbles is nothing new and yet they prosper on commentary commentator contentcreators jakepaul jamescharles jeffreystar jennamarbles loganpaul,29,Celebrity & Pop Culture|Film Tv & Video|News & Social Concern,0.0038887865,0.20401517,0.7920961,0.7882073,0.7920961,Positive
1274850723713482754,2020-06-21,2020,2020-06,"Father s day set done for {{USERNAME}} s family. Glad he loved the shirts. Happy Fathers Day to all the Amazing Fathers out there. @ Tampa, Florida {{URL}}","Father s day set done for @user s family. Glad he loved the shirts. Happy Fathers Day to all the Amazing Fathers out there. @ Tampa, Florida http",father s day set done for s family glad he loved the shirts happy fathers day to all the amazing fathers out there tampa florida,25,Diaries & Daily Life|Family,0.0019048799,0.008267429,0.98982763,0.9879227,0.98982763,Positive
1410929803600011268,2021-07-02,2021,2021-07,{{URL}} BM’s new Song Music Video. Thanks to {@KARD@} ’s {@YouTube@} Channel for the Video.,http BM’s new Song Music Video. Thanks to @user ’s @user Channel for the Video.,bm s new song music video thanks to s channel for the video,13,Film Tv & Video|Music,0.0021924989,0.20374113,0.7940664,0.79187393,0.7940664,Positive
1255253764472295425,2020-04-28,2020,2020-04,"Brent Harvey s ( {@Brent Harvey@} ) daily workouts have now surpassed 100,000 views. Thanks so much for all the support! Join in the fun with the family every weekday at 8am AEST, or check out all the previous episodes . Presented by {@Mazda Australia@} . #HuddleUp","Brent Harvey s ( @user ) daily workouts have now surpassed 100,000 views. Thanks so much for all the support! Join in the fun with the family every weekday at 8am AEST, or check out all the previous episodes . Presented by @user . #HuddleUp",brent harvey s daily workouts have now surpassed views thanks so much for all the support join in the fun with the family every weekday at am aest or check out all the previous episodes presented by huddleup,38,Film Tv & Video|Fitness & Health|Sports,0.0013074017,0.027847106,0.9708455,0.9695381,0.9708455,Positive
1299978965797548034,2020-08-30,2020,2020-08,Massive thanks to {{USERNAME}} for hosting us yesterday. Dominant first half performance did the damage with us trailing 3-0 at HT. A mini come back was on with us grabbing 2 back in the second half but Boro stood strong and sealed the win late on with the game ending 4-2.,Massive thanks to @user for hosting us yesterday. Dominant first half performance did the damage with us trailing 3-0 at HT. A mini come back was on with us grabbing 2 back in the second half but Boro stood strong and sealed the win late on with the game ending 4-2.,massive thanks to for hosting us yesterday dominant first half performance did the damage with us trailing at ht a mini come back was on with us grabbing back in the second half but boro stood strong and sealed the win late on with the game ending,47,Diaries & Daily Life|Sports,0.0039715758,0.026096271,0.9699321,0.9659605,0.9699321,Positive
1216508218802868229,2020-01-12,2020,2020-01,#SEAvsGB A 20-yd TD pass from {@Aaron Rodgers@} to Devante Adams has given the {@Green Bay Packers@} a 7-0 lead over the {@Seattle Seahawks@} w 10:37 left in the first quarter in Green Bay. #NFLPlayoffs,#SEAvsGB A 20-yd TD pass from @user to Devante Adams has given the @user a 7-0 lead over the @user w 10:37 left in the first quarter in Green Bay. #NFLPlayoffs,seavsgb a yd td pass from to devante adams has given the a lead over the w left in the first quarter in green bay nflplayoffs,26,Sports,0.0039007897,0.67823946,0.31785977,0.31395897,0.67823946,Neutral
1201167816151437312,2019-12-01,2019,2019-12,"The funding we receive from our Patrons helps to fuel some amazing content, like this article by {{USERNAME}} that takes a look back at RPG classic LUNAR: The Silver Star. See why he calls it the best anime we never got. ⬇️ {{URL}}","The funding we receive from our Patrons helps to fuel some amazing content, like this article by @user that takes a look back at RPG classic LUNAR: The Silver Star. See why he calls it the best anime we never got. ⬇️ http",the funding we receive from our patrons helps to fuel some amazing content like this article by that takes a look back at rpg classic lunar the silver star see why he calls it the best anime we never got,40,Gaming,0.002293472,0.021030197,0.9766764,0.97438294,0.9766764,Positive
1203663186836303872,2019-12-08,2019,2019-12,"So sad to hear. Condolences to {@WFSB Channel 3@} and family. Longtime WFSB family member and friend, Denise D Ascenzo, has passed away | | {{URL}} {{URL}}","So sad to hear. Condolences to @user and family. Longtime WFSB family member and friend, Denise D Ascenzo, has passed away | | http http",so sad to hear condolences to and family longtime wfsb family member and friend denise d ascenzo has passed away,20,Diaries & Daily Life|News & Social Concern,0.71946824,0.25560096,0.024930853,-0.6945374,0.71946824,Negative
1363548118730465281,2021-02-21,2021,2021-02,"Daniel James, Martial and Rashford are the front three for #mufc tonight. Matic also starts. [ {@Brad Cox@} ]","Daniel James, Martial and Rashford are the front three for #mufc tonight. Matic also starts. [ @user ]",daniel james martial and rashford are the front three for mufc tonight matic also starts,15,Sports,0.003224358,0.9170042,0.07977138,0.07654702,0.9170042,Neutral
1279653704010887168,2020-07-05,2020,2020-07,"I m sorry if I say, I need you But I don t care, I m not scared of love Cause when I m not with you I m weaker Is that so wrong? Is it so wrong That you make me strong - {@One Direction@} #TBMidnightMemories {@Harry Styles@} {@Louis Tomlinson@} {@Niall Horan@} {@Liam@}","I m sorry if I say, I need you But I don t care, I m not scared of love Cause when I m not with you I m weaker Is that so wrong? Is it so wrong That you make me strong - @user #TBMidnightMemories @user @user @user @user",i m sorry if i say i need you but i don t care i m not scared of love cause when i m not with you i m weaker is that so wrong is it so wrong that you make me strong tbmidnightmemories,44,Music,0.44193786,0.43157554,0.12648664,-0.3154512,0.44193786,Negative
1289742227816685568,2020-08-02,2020,2020-08,kayaks and concerts - Social distancing...Cupsaw Lake style. Thanks Drew and {@Jesse Malin@} - great show! #socialdistancing @ Cupsaw Lake {{URL}},kayaks and concerts - Social distancing...Cupsaw Lake style. Thanks Drew and @user - great show! #socialdistancing @ Cupsaw Lake http,kayaks and concerts social distancing cupsaw lake style thanks drew and great show socialdistancing cupsaw lake,16,Celebrity & Pop Culture|Fitness & Health|Music|News & Social Concern,0.0016716112,0.019964017,0.9783643,0.9766927,0.9783643,Positive
1208777495388020738,2019-12-22,2019,2019-12,Winter solstice 2019: A short day that s long on ancient traditions {{URL}} via {@CNN Travel@},Winter solstice 2019: A short day that s long on ancient traditions http via @user,winter solstice a short day that s long on ancient traditions via,12,Diaries & Daily Life|News & Social Concern,0.008265775,0.85166913,0.1400651,0.13179933,0.85166913,Neutral
1277208836231831552,2020-06-28,2020,2020-06,New Mexico tribes play catch up in census count {{URL}} vai {{USERNAME}},New Mexico tribes play catch up in census count http vai @user,new mexico tribes play catch up in census count vai,10,News & Social Concern,0.013838418,0.9436194,0.042542215,0.028703798,0.9436194,Neutral
1193617874973184000,2019-11-10,2019,2019-11,Remember when {@Cleveland Browns@} fans thought Baker Mayfield was gonna be the Browns savior????,Remember when @user fans thought Baker Mayfield was gonna be the Browns savior????,remember when fans thought baker mayfield was gonna be the browns savior,12,Sports,0.14622997,0.67739946,0.17637059,0.030140623,0.67739946,Neutral
1223966481182003200,2020-02-02,2020,2020-02,"Man, I really hope the {@Kansas City Chiefs@} win the #SuperBowl2020 tonight!! #Mahomies 4 today! #NFL","Man, I really hope the @user win the #SuperBowl2020 tonight!! #Mahomies 4 today! #NFL",man i really hope the win the superbowl tonight mahomies today nfl,12,Sports,0.0039465344,0.017948398,0.9781051,0.9741586,0.9781051,Positive
1241514388059836417,2020-03-21,2020,2020-03,"Popped in {@Smyths Toys UK@} earlier to stock up on board games for the next few months. Sign on the door saying 1 child per adult, no touching stuff. Tape on the floor, 2 metres apart. Regular announcements about distancing. Well played.","Popped in @user earlier to stock up on board games for the next few months. Sign on the door saying 1 child per adult, no touching stuff. Tape on the floor, 2 metres apart. Regular announcements about distancing. Well played.",popped in earlier to stock up on board games for the next few months sign on the door saying child per adult no touching stuff tape on the floor metres apart regular announcements about distancing well played,37,Diaries & Daily Life|Gaming|News & Social Concern,0.007356152,0.14943856,0.8432053,0.8358491,0.8432053,Positive
1198419988425478146,2019-11-24,2019,2019-11,The Chargers lead the Lobos 10-7 at halftime! We should have an exciting second half ahead of us! {@NFHS@} #AZPreps365,The Chargers lead the Lobos 10-7 at halftime! We should have an exciting second half ahead of us! @user #AZPreps365,the chargers lead the lobos at halftime we should have an exciting second half ahead of us azpreps,18,Sports,0.0013433843,0.034826938,0.9638297,0.9624863,0.9638297,Positive
1297470518166257665,2020-08-23,2020,2020-08,Every new aleka’s attic song comes out and i’m like OMG THIS IS MY NEW FAV SONG i’m in love thank you Rain you’re the best {{USERNAME}} {{URL}},Every new aleka’s attic song comes out and i’m like OMG THIS IS MY NEW FAV SONG i’m in love thank you Rain you’re the best @user http,every new aleka s attic song comes out and i m like omg this is my new fav song i m in love thank you rain you re the best,30,Celebrity & Pop Culture|Music,0.004068724,0.0070158583,0.98891544,0.9848467,0.98891544,Positive
1176373775652098048,2019-09-24,2019,2019-09,Greta Thunberg: ‘You have stolen my childhood’ {{URL}} via {@news com au@},Greta Thunberg: ‘You have stolen my childhood’ http via @user,greta thunberg you have stolen my childhood via,8,News & Social Concern|Relationships,0.72515744,0.25312218,0.021720361,-0.7034371,0.72515744,Negative
1378705357392994307,2021-04-04,2021,2021-04,"Happy Easter, {@Governor Eric Holcomb@} . We are so close to reaching the end of this pandemic. Ending Indiana s mask mandate before we re sufficiently vaccinated will kill Hoosiers. Please hear {@Governor Andy Beshear@} s reasoned request, & reconsider.","Happy Easter, @user . We are so close to reaching the end of this pandemic. Ending Indiana s mask mandate before we re sufficiently vaccinated will kill Hoosiers. Please hear @user s reasoned request, & reconsider.",happy easter we are so close to reaching the end of this pandemic ending indiana s mask mandate before we re sufficiently vaccinated will kill hoosiers please hear s reasoned request reconsider,32,Celebrity & Pop Culture|Fitness & Health|News & Social Concern,0.546319,0.35593936,0.09774169,-0.4485773,0.546319,Negative
1186067309426642944,2019-10-20,2019,2019-10,Australia’s #retirement system has been rated the world’s 3rd best in a new report by the Melbourne {@Mercer@} Global Pension Index. Read the summary and full report - {{URL}} {@Monash University@} {@Victorian Government@},Australia’s #retirement system has been rated the world’s 3rd best in a new report by the Melbourne @user Global Pension Index. Read the summary and full report - http @user @user,australia s retirement system has been rated the world s rd best in a new report by the melbourne global pension index read the summary and full report,28,News & Social Concern,0.0041205194,0.10591636,0.8899631,0.88584256,0.8899631,Positive
1269444562109546496,2020-06-07,2020,2020-06,"TRANS WOMEN ARE WOMEN! TRANS MEN ARE MEN! Yes biologically they re still the gender they were assigned at birth, but that s not the person they are inside. I will never understand what they feel, all cis people won t, but we can have compassion. It isn t hard {@J K Rowling@}","TRANS WOMEN ARE WOMEN! TRANS MEN ARE MEN! Yes biologically they re still the gender they were assigned at birth, but that s not the person they are inside. I will never understand what they feel, all cis people won t, but we can have compassion. It isn t hard @user",trans women are women trans men are men yes biologically they re still the gender they were assigned at birth but that s not the person they are inside i will never understand what they feel all cis people won t but we can have compassion it isn t hard,50,Arts & Culture|Diaries & Daily Life|News & Social Concern,0.40086138,0.56245375,0.03668491,-0.36417648,0.56245375,Neutral
1252023300881973248,2020-04-19,2020,2020-04,Watching Hesh B2B B&B got me Reminiscing on Lost Lands with my homies:(( {{USERNAME}} {{USERNAME}} {{USERNAME}} {{USERNAME}},Watching Hesh B2B B&B got me Reminiscing on Lost Lands with my homies:(( @user @user @user @user,watching hesh b b b b got me reminiscing on lost lands with my homies,15,Film Tv & Video,0.29479954,0.5619947,0.14320579,-0.15159374,0.5619947,Neutral
1221582242658603010,2020-01-26,2020,2020-01,live kobe update part 2 {{URL}} via {@YouTube@} CHECK OUT MY LIVE I HAVE IT ON THE NEWS ABOUT KOBE BRYANT AND HIS DAUGHTER GG WHO PASSED AWAY TODAY IN A HORRIBLE HELICOPTER CRASH. FEEL FREE TO LEAVE YOUR FAVORITE KOBE MOMENT OR WHAT YOU LOVED ABOUT HIM,live kobe update part 2 http via @user CHECK OUT MY LIVE I HAVE IT ON THE NEWS ABOUT KOBE BRYANT AND HIS DAUGHTER GG WHO PASSED AWAY TODAY IN A HORRIBLE HELICOPTER CRASH. FEEL FREE TO LEAVE YOUR FAVORITE KOBE MOMENT OR WHAT YOU LOVED ABOUT HIM,live kobe update part via check out my live i have it on the news about kobe bryant and his daughter gg who passed away today in a horrible helicopter crash feel free to leave your favorite kobe moment or what you loved about him,45,Celebrity & Pop Culture|Family|Sports,0.09713601,0.8215257,0.08133828,-0.015797734,0.8215257,Neutral
1347269426240884736,2021-01-07,2021,2021-01,The story behind the music of Death in Paradise – and the new version of the theme song {@Radio Times@} {{URL}},The story behind the music of Death in Paradise – and the new version of the theme song @user http,the story behind the music of death in paradise and the new version of the theme song,17,Music,0.010928328,0.9426959,0.046375748,0.03544742,0.9426959,Neutral
1195969425188409344,2019-11-17,2019,2019-11,TVMusic Network: Watch: Harry Styles Perform Lights Up and Watermelon Sugar on Saturday Night Live : {{URL}} . {@Harry Styles@} #HarryStyles #harryonsnl,TVMusic Network: Watch: Harry Styles Perform Lights Up and Watermelon Sugar on Saturday Night Live : http . @user #HarryStyles #harryonsnl,tvmusic network watch harry styles perform lights up and watermelon sugar on saturday night live harrystyles harryonsnl,17,Celebrity & Pop Culture|Film Tv & Video|Music,0.002519803,0.76752096,0.22995925,0.22743945,0.76752096,Neutral
1431887484011569152,2021-08-29,2021,2021-08,The issue that we have in our game at the moment is there is no clear officiating of the rules.” Former {@All Blacks@} coach Steve Hansen,The issue that we have in our game at the moment is there is no clear officiating of the rules.” Former @user coach Steve Hansen,the issue that we have in our game at the moment is there is no clear officiating of the rules former coach steve hansen,24,Sports,0.5786545,0.4067429,0.014602538,-0.564052,0.5786545,Negative
1413346769644101636,2021-07-09,2021,2021-07,"I can’t frkn wait to see {@Metallica@} live again, it’s been way too fkn long, almost longer than it takes to get to the top if ya “Wanna R’nF’nR’ I’m pretty sure I haven’t had this long of an inter-mission since I first started going to their shows in 1988. 〽️","I can’t frkn wait to see @user live again, it’s been way too fkn long, almost longer than it takes to get to the top if ya “Wanna R’nF’nR’ I’m pretty sure I haven’t had this long of an inter-mission since I first started going to their shows in 1988. 〽️",i can t frkn wait to see live again it s been way too fkn long almost longer than it takes to get to the top if ya wanna r nf nr i m pretty sure i haven t had this long of an inter mission since i first started going to their shows in,55,Music,0.011332188,0.02866088,0.96000695,0.94867474,0.96000695,Positive
1241696090077810688,2020-03-22,2020,2020-03,"Neither #5baje5minute Nor #JantaCurfew Was forced by PM {@Narendra Modi@} on Indians , but the result has been amazing... Keep up the positive spirit, maintain #Social_Distancing and let s get over the #CoronavirusPandemic India","Neither #5baje5minute Nor #JantaCurfew Was forced by PM @user on Indians , but the result has been amazing... Keep up the positive spirit, maintain #Social_Distancing and let s get over the #CoronavirusPandemic India",neither baje minute nor jantacurfew was forced by pm on indians but the result has been amazing keep up the positive spirit maintain social distancing and let s get over the coronaviruspandemic india,33,Fitness & Health|News & Social Concern,0.1006526,0.28499398,0.6143534,0.51370084,0.6143534,Positive
1195944628207251458,2019-11-17,2019,2019-11,I just watched {@Harry Styles@} sing watermelon sugar on SNL and I’m now certain that nothing in my life will be as great as his voice was.,I just watched @user sing watermelon sugar on SNL and I’m now certain that nothing in my life will be as great as his voice was.,i just watched sing watermelon sugar on snl and i m now certain that nothing in my life will be as great as his voice was,26,Celebrity & Pop Culture|Film Tv & Video|Music,0.032100763,0.102699436,0.8651998,0.83309907,0.8651998,Positive
1292338915165319169,2020-08-09,2020,2020-08,#NP #NowPlaying on {{USERNAME}} #radio Ambition by Dalek I Love You {{URL}} ♬,#NP #NowPlaying on @user #radio Ambition by Dalek I Love You http ♬,np nowplaying on radio ambition by dalek i love you,10,Film Tv & Video|Music,0.0025656018,0.28976676,0.70766765,0.705102,0.70766765,Positive
1254257906947678208,2020-04-26,2020,2020-04,I love these zoom sessions with my family! {{USERNAME}} #drinkanddrown,I love these zoom sessions with my family! @user #drinkanddrown,i love these zoom sessions with my family drinkanddrown,9,Family,0.0016985101,0.008701959,0.9895996,0.9879011,0.9895996,Positive
1254528788651806720,2020-04-26,2020,2020-04,I miss {{USERNAME}} & {{USERNAME}} ’s crazy family ❤️ I literally do not stop laughing w them,I miss @user & @user ’s crazy family ❤️ I literally do not stop laughing w them,i miss s crazy family i literally do not stop laughing w them,13,Diaries & Daily Life|Family|Relationships,0.007723867,0.01853183,0.9737442,0.96602035,0.9737442,Positive
1236680352132788225,2020-03-08,2020,2020-03,The Ninth Circuit effectively affirmed the validity of the Trump administration s new Title X regulations which reduce access to low-income and uninsured people who rely on these Title X-funded services. Support {@Essential Access Health@} in continuing the fight to #SaveTitleX.,The Ninth Circuit effectively affirmed the validity of the Trump administration s new Title X regulations which reduce access to low-income and uninsured people who rely on these Title X-funded services. Support @user in continuing the fight to #SaveTitleX.,the ninth circuit effectively affirmed the validity of the trump administration s new title x regulations which reduce access to low income and uninsured people who rely on these title x funded services support in continuing the fight to savetitlex,40,News & Social Concern,0.12693352,0.7118971,0.16116938,0.034235865,0.7118971,Neutral
1241604785226342401,2020-03-22,2020,2020-03,I HAVE ANIMAL CROSSING THANKS TO {{USERNAME}} AND IM SO THANKFUL I LOVE YOU POPS,I HAVE ANIMAL CROSSING THANKS TO @user AND IM SO THANKFUL I LOVE YOU POPS,i have animal crossing thanks to and im so thankful i love you pops,14,Diaries & Daily Life|Gaming,0.006890939,0.011645568,0.98146355,0.9745726,0.98146355,Positive
1190326989036625941,2019-11-01,2019,2019-11,. {@PECO@} is worse than the airlines. Over 12 hours into a power outage and still refusing to share information with its customers. Will not provide an ETA. Have a sick child with me too and no heat.,. @user is worse than the airlines. Over 12 hours into a power outage and still refusing to share information with its customers. Will not provide an ETA. Have a sick child with me too and no heat.,is worse than the airlines over hours into a power outage and still refusing to share information with its customers will not provide an eta have a sick child with me too and no heat,35,Diaries & Daily Life|News & Social Concern,0.95043296,0.045430075,0.004136889,-0.9462961,0.95043296,Negative
1273614733019615235,2020-06-18,2020,2020-06,"At 10am ET the Supreme Court releases decisions, if any are ready. Many are watching for a possible Court ruling on President Trump s effort to end DACA, with the legal status of hundreds of thousands of immigrants on the line. If there s a ruling we ll be live soon after. {@NPR@}","At 10am ET the Supreme Court releases decisions, if any are ready. Many are watching for a possible Court ruling on President Trump s effort to end DACA, with the legal status of hundreds of thousands of immigrants on the line. If there s a ruling we ll be live soon after. @user",at am et the supreme court releases decisions if any are ready many are watching for a possible court ruling on president trump s effort to end daca with the legal status of hundreds of thousands of immigrants on the line if there s a ruling we ll be live soon after,52,News & Social Concern,0.013085155,0.8361428,0.1507721,0.13768694,0.8361428,Neutral
1239249877915373570,2020-03-15,2020,2020-03,"South African President Cyril Ramaphosa has declared a national state Disaster due to the Corona Virus.Imposed travel ban on Italy, Iran, Germany,Spain, South Korea, China, US, UK & has revoked visas issued from 18th of March. {@Laolu Akande@} {@Ministry of Interior@} {@Fed Min of Info Cu@} {@Presidency South Africa@}","South African President Cyril Ramaphosa has declared a national state Disaster due to the Corona Virus.Imposed travel ban on Italy, Iran, Germany,Spain, South Korea, China, US, UK & has revoked visas issued from 18th of March. @user @user @user @user",south african president cyril ramaphosa has declared a national state disaster due to the corona virus imposed travel ban on italy iran germany spain south korea china us uk has revoked visas issued from th of march,37,Fitness & Health|News & Social Concern,0.80255467,0.18997833,0.007467054,-0.79508764,0.80255467,Negative
1398729048386260994,2021-05-29,2021,2021-05,Chelsea kai havertz put the blues in the front we moveth {@Kai Havertz@} {@Chelsea FC@} {@UEFA Champions League@},Chelsea kai havertz put the blues in the front we moveth @user @user @user,chelsea kai havertz put the blues in the front we moveth,11,Sports,0.012722015,0.81037897,0.17689902,0.164177,0.81037897,Neutral
1206272562503794688,2019-12-15,2019,2019-12,Irene Aldana Knocks Out Ketlen Vieira With Brutal Punch At UFC 245 via {@Daily Caller@},Irene Aldana Knocks Out Ketlen Vieira With Brutal Punch At UFC 245 via @user,irene aldana knocks out ketlen vieira with brutal punch at ufc via,12,Sports,0.016471952,0.9317866,0.05174149,0.035269536,0.9317866,Neutral
1216294246870847489,2020-01-12,2020,2020-01,The situation in the Middle East is muddying one of investors’ favourite indicators: the yield curve. {{USERNAME}} tells us what to expect {{URL}},The situation in the Middle East is muddying one of investors’ favourite indicators: the yield curve. @user tells us what to expect http,the situation in the middle east is muddying one of investors favourite indicators the yield curve tells us what to expect,21,Business & Entrepreneurs|News & Social Concern,0.559044,0.42529088,0.015665064,-0.54337895,0.559044,Negative
1249453672943280129,2020-04-12,2020,2020-04,First Easter dinner I cooked with the help of by bestie {{USERNAME}} ❤️,First Easter dinner I cooked with the help of by bestie @user ❤️,first easter dinner i cooked with the help of by bestie,11,Family|Food & Dining,0.00129993,0.01529811,0.9834019,0.982102,0.9834019,Positive
1348448025379655681,2021-01-11,2021,2021-01,"So Doug Williams and Co. didn’t score 28 in a quarter in the Super Bowl. Jan 26, 1992! What I miss? {@Sunday Night Football on NBC@}","So Doug Williams and Co. didn’t score 28 in a quarter in the Super Bowl. Jan 26, 1992! What I miss? @user",so doug williams and co didn t score in a quarter in the super bowl jan what i miss,19,Sports,0.73205805,0.24766935,0.020272529,-0.7117855,0.73205805,Negative
1203644422057086976,2019-12-08,2019,2019-12,"Anthony Joshua looked amazing last night, he is definitely the strictly come dancing winner of 2019. #Humble fight by trade coward at heart {{USERNAME}}","Anthony Joshua looked amazing last night, he is definitely the strictly come dancing winner of 2019. #Humble fight by trade coward at heart @user",anthony joshua looked amazing last night he is definitely the strictly come dancing winner of humble fight by trade coward at heart,22,Sports,0.010106413,0.053642847,0.93625075,0.92614436,0.93625075,Positive
1261825360330719232,2020-05-17,2020,2020-05,Live sports on tonight with {@UFC@} !! Still weird watching without fans BUT... it’s a live sporting event Overeem vs Harris... who ya got?!,Live sports on tonight with @user !! Still weird watching without fans BUT... it’s a live sporting event Overeem vs Harris... who ya got?!,live sports on tonight with still weird watching without fans but it s a live sporting event overeem vs harris who ya got,23,Film Tv & Video|Sports,0.019568024,0.5553296,0.42510238,0.40553436,0.5553296,Neutral
1219009857627529216,2020-01-19,2020,2020-01,Akron SVSM 100 Trotwood-Madison 78 Final Malaki Branham with 42 for the Irish Ramar Pryor and Marcus Johnson each chipped in with 13 Sammy Anderson led the Rams with 29 @NEOhsAthletics {{USERNAME}} {@Matt Goul@} {{USERNAME}},Akron SVSM 100 Trotwood-Madison 78 Final Malaki Branham with 42 for the Irish Ramar Pryor and Marcus Johnson each chipped in with 13 Sammy Anderson led the Rams with 29 @user @user @user @user,akron svsm trotwood madison final malaki branham with for the irish ramar pryor and marcus johnson each chipped in with sammy anderson led the rams with,26,Sports,0.0054685217,0.9346308,0.05990067,0.05443215,0.9346308,Neutral
1279594388608425984,2020-07-05,2020,2020-07,Enjoy the stream tonight and loved the support! Can t believe {{USERNAME}} dropped in and is following! So happy and appreciate it massively! Not the best fifa I ve played but what a stream! Thanks all who have shown the support! #twitchcommunity #TwitchStreamers #TwitchTVGaming,Enjoy the stream tonight and loved the support! Can t believe @user dropped in and is following! So happy and appreciate it massively! Not the best fifa I ve played but what a stream! Thanks all who have shown the support! #twitchcommunity #TwitchStreamers #TwitchTVGaming,enjoy the stream tonight and loved the support can t believe dropped in and is following so happy and appreciate it massively not the best fifa i ve played but what a stream thanks all who have shown the support twitchcommunity twitchstreamers twitchtvgaming,43,Gaming,0.0039744247,0.0088802,0.9871453,0.98317087,0.9871453,Positive
1411893195869503488,2021-07-05,2021,2021-07,Pretty sure {@City of Aurora CO@} could fund their municipal budget for the next decade just by having {@Aurora Police Dept@} camp out and write illegal fireworks tickets in 80016. So many dumbasses shooting off mortars right now it s not even funny.,Pretty sure @user could fund their municipal budget for the next decade just by having @user camp out and write illegal fireworks tickets in 80016. So many dumbasses shooting off mortars right now it s not even funny.,pretty sure could fund their municipal budget for the next decade just by having camp out and write illegal fireworks tickets in so many dumbasses shooting off mortars right now it s not even funny,35,Diaries & Daily Life|News & Social Concern,0.85620975,0.12568648,0.018103724,-0.83810604,0.85620975,Negative
1188545693431894016,2019-10-27,2019,2019-10,OMG {@Los Angeles Chargers@} WIN ⚡️⚡️⚡️ on another missed field goal.,OMG @user WIN ⚡️⚡️⚡️ on another missed field goal.,omg win on another missed field goal,7,Sports,0.0052761366,0.04667337,0.94805044,0.9427743,0.94805044,Positive
1251871470478938117,2020-04-19,2020,2020-04,"Contest! Your chance to win #trx & 100 engraved #ledger Nano X! You can now manage & earn Tron on Ledger Live. To celebrate, join our contest to be one of the 100 winners. Don t pass this up: {{URL}} {{USERNAME}} airdrop 500000 VYA 50","Contest! Your chance to win #trx & 100 engraved #ledger Nano X! You can now manage & earn Tron on Ledger Live. To celebrate, join our contest to be one of the 100 winners. Don t pass this up: http @user airdrop 500000 VYA 50",contest your chance to win trx engraved ledger nano x you can now manage earn tron on ledger live to celebrate join our contest to be one of the winners don t pass this up airdrop vya,37,Business & Entrepreneurs,0.0018970276,0.06985229,0.9282507,0.92635363,0.9282507,Positive
1269598812240109570,2020-06-07,2020,2020-06,Elderly Man Tied To Madhya Pradesh Hospital Bed Allegedly Over Non-Payment Of Bills {{URL}} via {@NDTV@},Elderly Man Tied To Madhya Pradesh Hospital Bed Allegedly Over Non-Payment Of Bills http via @user,elderly man tied to madhya pradesh hospital bed allegedly over non payment of bills via,15,News & Social Concern,0.32719514,0.66352695,0.009277932,-0.3179172,0.66352695,Neutral
1223905172168069120,2020-02-02,2020,2020-02,Any spares for spurs today need 2 if possible can meet at the ground {{USERNAME}} {{USERNAME}},Any spares for spurs today need 2 if possible can meet at the ground @user @user,any spares for spurs today need if possible can meet at the ground,13,Sports,0.009649301,0.84511125,0.14523947,0.13559017,0.84511125,Neutral
1426755079084945408,2021-08-15,2021,2021-08,"MLB *Game 2 of 3 (1-1) Yankees 7 White Sox 5 Final/10 innings {@Chicago White Sox@} 68-49 (L1 streak) 1st in AL Central {@New York Yankees@} 64-52 (W1 streak) 3rd in AL East Series: 1,086-853, Yankees W1 streak, Yankees 2021 season: 4-1, Yankees","MLB *Game 2 of 3 (1-1) Yankees 7 White Sox 5 Final/10 innings @user 68-49 (L1 streak) 1st in AL Central @user 64-52 (W1 streak) 3rd in AL East Series: 1,086-853, Yankees W1 streak, Yankees 2021 season: 4-1, Yankees",mlb game of yankees white sox final innings l streak st in al central w streak rd in al east series yankees w streak yankees season yankees,27,Sports,0.006672043,0.92858976,0.06473814,0.058066096,0.92858976,Neutral
1203575889952292864,2019-12-08,2019,2019-12,Anthony Joshua beats Andy Ruiz Jnr by unanimous points decision {{URL}} {@MailOnline Sport@},Anthony Joshua beats Andy Ruiz Jnr by unanimous points decision http @user,anthony joshua beats andy ruiz jnr by unanimous points decision,10,Sports,0.0036633762,0.75238603,0.24395059,0.24028721,0.75238603,Neutral
1391319558212841472,2021-05-09,2021,2021-05,"Name a pretty fandom I hereby present to you, the prettiest, the kindest, the most peaceful bad*ss fandom... MOMENTS OF ALWAYSNESS!! istg you re all pretty aaa {@TOMORROW X TOGETHER@}","Name a pretty fandom I hereby present to you, the prettiest, the kindest, the most peaceful bad*ss fandom... MOMENTS OF ALWAYSNESS!! istg you re all pretty aaa @user",name a pretty fandom i hereby present to you the prettiest the kindest the most peaceful bad ss fandom moments of alwaysness istg you re all pretty aaa,28,Celebrity & Pop Culture|Other Hobbies,0.008444943,0.017543267,0.97401184,0.9655669,0.97401184,Positive
1292609313832349697,2020-08-09,2020,2020-08,"A6. {{USERNAME}} and {{USERNAME}} have been on my heart these days! Ensuring people have a place to connect, find purpose, feel loved and food on the table, those things matter to humanity. #HRSocialHour","A6. @user and @user have been on my heart these days! Ensuring people have a place to connect, find purpose, feel loved and food on the table, those things matter to humanity. #HRSocialHour",a and have been on my heart these days ensuring people have a place to connect find purpose feel loved and food on the table those things matter to humanity hrsocialhour,31,Diaries & Daily Life|Food & Dining|Relationships,0.0037276016,0.026551597,0.9697207,0.9659931,0.9697207,Positive
1296774801441337345,2020-08-21,2020,2020-08,French sides have impressed in the Champions League so it s well worth following Ligue 1. As the new season gets underway this weekend {@InfogolJake@} uses expected goals to make predictions...,French sides have impressed in the Champions League so it s well worth following Ligue 1. As the new season gets underway this weekend @user uses expected goals to make predictions...,french sides have impressed in the champions league so it s well worth following ligue as the new season gets underway this weekend uses expected goals to make predictions,29,Sports,0.0026511096,0.07227617,0.9250728,0.9224217,0.9250728,Positive
1279776910197903360,2020-07-05,2020,2020-07,"Hi friends, I’ve just come to Twitter after being up early and out all morning and I am sorry to have alarmed {{USERNAME}} {{USERNAME}} {{USERNAME}} There is next to no reception on the wilds of Hankley common and I turned notifications off too because I feel so absolutely frazzled.","Hi friends, I’ve just come to Twitter after being up early and out all morning and I am sorry to have alarmed @user @user @user There is next to no reception on the wilds of Hankley common and I turned notifications off too because I feel so absolutely frazzled.",hi friends i ve just come to twitter after being up early and out all morning and i am sorry to have alarmed there is next to no reception on the wilds of hankley common and i turned notifications off too because i feel so absolutely frazzled,47,Diaries & Daily Life,0.8493779,0.13927032,0.011351806,-0.83802605,0.8493779,Negative
1244111954756530176,2020-03-29,2020,2020-03,"Hi airtel, I had already one recharge pack 399 in my account but I need more data so I recharged with 449 again but second recharge is in queue it s not activated I am unable to activate via airtel app. Please help ASAP. {@Airtel Cares@} {{USERNAME}} {@airtel India@}","Hi airtel, I had already one recharge pack 399 in my account but I need more data so I recharged with 449 again but second recharge is in queue it s not activated I am unable to activate via airtel app. Please help ASAP. @user @user @user",hi airtel i had already one recharge pack in my account but i need more data so i recharged with again but second recharge is in queue it s not activated i am unable to activate via airtel app please help asap,42,Business & Entrepreneurs,0.53753847,0.42896625,0.033495307,-0.50404316,0.53753847,Negative
1241632739536842752,2020-03-22,2020,2020-03,"#COVIDー19 British borders still open, at a time when border closures are essential, taking back control promoters!! Are doing the opposite. Britain never needed a Churchill more.! Pity {@Boris Johnson@} wasn’t still in that DITCH,","#COVIDー19 British borders still open, at a time when border closures are essential, taking back control promoters!! Are doing the opposite. Britain never needed a Churchill more.! Pity @user wasn’t still in that DITCH,",covid british borders still open at a time when border closures are essential taking back control promoters are doing the opposite britain never needed a churchill more pity wasn t still in that ditch,34,Diaries & Daily Life|News & Social Concern,0.8709443,0.118869424,0.010186245,-0.86075807,0.8709443,Negative
1193649390436659200,2019-11-10,2019,2019-11,Looks like this {@Major League Soccer@} cup is for {@Seattle Sounders FC@} ! You are killing it in the last minutes #MLSCupFinal,Looks like this @user cup is for @user ! You are killing it in the last minutes #MLSCupFinal,looks like this cup is for you are killing it in the last minutes mlscupfinal,15,Sports,0.0028398365,0.01854503,0.97861516,0.9757753,0.97861516,Positive
1198594266613854208,2019-11-24,2019,2019-11,"Check out my new album Above the Rain distributed by {@DistroKid@} and live on iHeartRadio! {{URL}} Enjoy, retweet, like, follow, download. Thank you Popsd","Check out my new album Above the Rain distributed by @user and live on iHeartRadio! http Enjoy, retweet, like, follow, download. Thank you Popsd",check out my new album above the rain distributed by and live on iheartradio enjoy retweet like follow download thank you popsd,22,Music,0.0011967657,0.024818754,0.9739845,0.97278774,0.9739845,Positive
1388733946767151105,2021-05-02,2021,2021-05,‼️REMINDER‼️ Please do not post #Taemin’s new song after #TAEMIN_BeyondLive please!! It will spoil his comeback and this is the last before he goes on hiatus. So let’s not sabotage it! #SHINee #onew #jonghyun #key #minho {@SHINee@},‼️REMINDER‼️ Please do not post #Taemin’s new song after #TAEMIN_BeyondLive please!! It will spoil his comeback and this is the last before he goes on hiatus. So let’s not sabotage it! #SHINee #onew #jonghyun #key #minho @user,reminder please do not post taemin s new song after taemin beyondlive please it will spoil his comeback and this is the last before he goes on hiatus so let s not sabotage it shinee onew jonghyun key minho,39,Music,0.4763951,0.48465502,0.038949884,-0.43744522,0.48465502,Neutral
1258033662555086850,2020-05-06,2020,2020-05,Still waiting for {{USERNAME}} and my other friend to play ACNH. So far I have two friends who I personally asked to visit my island,Still waiting for @user and my other friend to play ACNH. So far I have two friends who I personally asked to visit my island,still waiting for and my other friend to play acnh so far i have two friends who i personally asked to visit my island,24,Gaming|Relationships,0.07226395,0.832593,0.095142975,0.022879027,0.832593,Neutral
1203545463703650305,2019-12-08,2019,2019-12,Spotify wrapped 1) {@Stray Kids@} 2) {@BTS_twt@} 3) Blackpink 4) {@MONTERO@} 5) {@Red Velvet@} I love how it’s all kpop then you got Lil Nas X just there lmaooo,Spotify wrapped 1) @user 2) @user 3) Blackpink 4) @user 5) @user I love how it’s all kpop then you got Lil Nas X just there lmaooo,spotify wrapped blackpink i love how it s all kpop then you got lil nas x just there lmaooo,19,Celebrity & Pop Culture|Music,0.003102136,0.086922295,0.9099756,0.90687346,0.9099756,Positive
1251932741274341376,2020-04-19,2020,2020-04,"Newsletter 87 drops tmrw! We have a guard post set ( {{USERNAME}} ) passing drill ( {{USERNAME}} ) PJ Fleck article, and a beautifully written article on redemption + Kobe by {{USERNAME}} Join our 245+ subscribers! (+ you get free stuff - see pinned tweet) {{URL}}","Newsletter 87 drops tmrw! We have a guard post set ( @user ) passing drill ( @user ) PJ Fleck article, and a beautifully written article on redemption + Kobe by @user Join our 245+ subscribers! (+ you get free stuff - see pinned tweet) http",newsletter drops tmrw we have a guard post set passing drill pj fleck article and a beautifully written article on redemption kobe by join our subscribers you get free stuff see pinned tweet,33,Celebrity & Pop Culture|Sports,0.0020594064,0.14291412,0.8550264,0.852967,0.8550264,Positive
1229002936564342787,2020-02-16,2020,2020-02,BOMBSHELL Video Of How White LIBERALS Honestly View Black People Is BLOWING UP The Internet... {{URL}} via {{USERNAME}},BOMBSHELL Video Of How White LIBERALS Honestly View Black People Is BLOWING UP The Internet... http via @user,bombshell video of how white liberals honestly view black people is blowing up the internet via,16,News & Social Concern,0.11159947,0.75228703,0.13611354,0.024514072,0.75228703,Neutral
1251688624376217602,2020-04-19,2020,2020-04,Ok sorry I’m DONE now y’all I just gotta say {@DION TIMMER@} REALLY did NOT let us BREATHE that whole lost lands 2019 set and I AM HERE FOR IT UGH,Ok sorry I’m DONE now y’all I just gotta say @user REALLY did NOT let us BREATHE that whole lost lands 2019 set and I AM HERE FOR IT UGH,ok sorry i m done now y all i just gotta say really did not let us breathe that whole lost lands set and i am here for it ugh,30,Celebrity & Pop Culture|Music,0.090424985,0.1344656,0.77510935,0.6846844,0.77510935,Positive
1396555964418043906,2021-05-23,2021,2021-05,Crazy amount years later and still waiting for temptation and shock the world unreleased songs from {@J Cole@} and {@Kendrick Lamar@} ❤️‍,Crazy amount years later and still waiting for temptation and shock the world unreleased songs from @user and @user ❤️‍,crazy amount years later and still waiting for temptation and shock the world unreleased songs from and,17,Music,0.011016065,0.16386527,0.8251187,0.81410265,0.8251187,Positive
1267032418286014465,2020-05-31,2020,2020-05,"Colour is not the problem now for the world.This is what the western world should know. {{USERNAME}} , {{USERNAME}} , {{USERNAME}}","Colour is not the problem now for the world.This is what the western world should know. @user , @user , @user",colour is not the problem now for the world this is what the western world should know,17,News & Social Concern,0.0789046,0.6681046,0.25299075,0.17408615,0.6681046,Neutral
1189056286073053186,2019-10-29,2019,2019-10,I don’t think {@Lonzo Ball@} should have worn 2 for the lakers. I will always think D. Fish ... sorry Lonzo,I don’t think @user should have worn 2 for the lakers. I will always think D. Fish ... sorry Lonzo,i don t think should have worn for the lakers i will always think d fish sorry lonzo,18,Sports,0.8054768,0.18615036,0.0083728535,-0.79710394,0.8054768,Negative
1346331761203150853,2021-01-05,2021,2021-01,. {{USERNAME}} Playlist: Nick Cave & The Bad Seeds—Spinning Song. Streaming at {{URL}},. @user Playlist: Nick Cave & The Bad Seeds—Spinning Song. Streaming at http,playlist nick cave the bad seeds spinning song streaming at,10,Music,0.0031514317,0.9237432,0.07310533,0.069953896,0.9237432,Neutral
1398760977458470915,2021-05-29,2021,2021-05,Everywhere I go all I see is {@Chelsea FC@} Congratulations The Blues life Joy Full ground ✅,Everywhere I go all I see is @user Congratulations The Blues life Joy Full ground ✅,everywhere i go all i see is congratulations the blues life joy full ground,14,Sports,0.0024242464,0.016290404,0.98128533,0.9788611,0.98128533,Positive
1231396340447535104,2020-02-23,2020,2020-02,Lavanderboyz chillcast feat {{USERNAME}} {{USERNAME}} coming out next weekend jus got done recording,Lavanderboyz chillcast feat @user @user coming out next weekend jus got done recording,lavanderboyz chillcast feat coming out next weekend jus got done recording,11,Music,0.0033813075,0.76213264,0.234486,0.23110469,0.76213264,Neutral
1292428355086757889,2020-08-09,2020,2020-08,Eight teams remain in this season s #ChampionsLeague but it is Manchester City who are favourites to win the trophy following their comfortable win over Real Madrid. {{USERNAME}} updates the latest odds...,Eight teams remain in this season s #ChampionsLeague but it is Manchester City who are favourites to win the trophy following their comfortable win over Real Madrid. @user updates the latest odds...,eight teams remain in this season s championsleague but it is manchester city who are favourites to win the trophy following their comfortable win over real madrid updates the latest odds,31,Sports,0.0032462808,0.47287223,0.5238815,0.5206352,0.5238815,Positive
1246730103142281216,2020-04-05,2020,2020-04,Star Wars Battlefront 2- Take 2 XD |Thanks for 1.5k Subs Guys | Come Cel... {{URL}} via {@YouTube@} Take 2,Star Wars Battlefront 2- Take 2 XD |Thanks for 1.5k Subs Guys | Come Cel... http via @user Take 2,star wars battlefront take xd thanks for k subs guys come cel via take,14,Film Tv & Video|Gaming,0.0016767614,0.05253502,0.9457882,0.94411147,0.9457882,Positive
1305042974733029377,2020-09-13,2020,2020-09,Y all! I m back on twitter just to say the {@Los Angeles Lakers@} are going to the Western Conference Finals! That is all...,Y all! I m back on twitter just to say the @user are going to the Western Conference Finals! That is all...,y all i m back on twitter just to say the are going to the western conference finals that is all,21,News & Social Concern|Sports,0.0038259747,0.13418451,0.86198956,0.8581636,0.86198956,Positive
1226654921400832000,2020-02-09,2020,2020-02,"Patrick Mahomes, Travis Kelce & Chiefs Keep Partying in Vegas {{URL}} via {@TMZ@}","Patrick Mahomes, Travis Kelce & Chiefs Keep Partying in Vegas http via @user",patrick mahomes travis kelce chiefs keep partying in vegas via,10,Celebrity & Pop Culture|Sports,0.00402944,0.9352621,0.060708456,0.056679014,0.9352621,Neutral
1230998747422871555,2020-02-21,2020,2020-02,"I’ll vote for {@Bernie Sanders@} if he’s the nominee, but to all those “Bernie or Bust” voters, PLEASE read this article and recognize that Bernie could be this generation’s Barry Goldwater of the Left, resulting in an historic loss and 4 more yrs of Trump. {{URL}}","I’ll vote for @user if he’s the nominee, but to all those “Bernie or Bust” voters, PLEASE read this article and recognize that Bernie could be this generation’s Barry Goldwater of the Left, resulting in an historic loss and 4 more yrs of Trump. http",i ll vote for if he s the nominee but to all those bernie or bust voters please read this article and recognize that bernie could be this generation s barry goldwater of the left resulting in an historic loss and more yrs of trump,45,News & Social Concern,0.13801798,0.5389554,0.32302663,0.18500865,0.5389554,Neutral
1188424440335474688,2019-10-27,2019,2019-10,So {@EDEN@} just released a new song last Friday called projector and it s fricking amazing and you should all.l go listen to it right now And he s going to release a new album and I haven t been to hyped for quite some time His music is just SOOO goop tbh,So @user just released a new song last Friday called projector and it s fricking amazing and you should all.l go listen to it right now And he s going to release a new album and I haven t been to hyped for quite some time His music is just SOOO goop tbh,so just released a new song last friday called projector and it s fricking amazing and you should all l go listen to it right now and he s going to release a new album and i haven t been to hyped for quite some time his music is just sooo goop tbh,53,Music,0.0036699271,0.008134449,0.98819566,0.98452574,0.98819566,Positive
1254227430782500867,2020-04-26,2020,2020-04,"Death-Dead: Obituary, Cause of Death :Our thoughts and prayers are with the family, friends and colleagues of {{USERNAME}} Police Officer Gary Walker: PBA delegate, firefighter and 20 year veteran. May God grant him eternal… {{URL}}","Death-Dead: Obituary, Cause of Death :Our thoughts and prayers are with the family, friends and colleagues of @user Police Officer Gary Walker: PBA delegate, firefighter and 20 year veteran. May God grant him eternal… http",death dead obituary cause of death our thoughts and prayers are with the family friends and colleagues of police officer gary walker pba delegate firefighter and year veteran may god grant him eternal,33,News & Social Concern,0.22298783,0.6569381,0.120074086,-0.102913745,0.6569381,Neutral
1177221065329795073,2019-09-26,2019,2019-09,Lime is stretching beyond its own operations to improve sustainability. Our new partnership with {{USERNAME}} will incentivize Lime Juicers in DC to switch to renewable energy to both charge scooters and to use in their daily lives! {{URL}},Lime is stretching beyond its own operations to improve sustainability. Our new partnership with @user will incentivize Lime Juicers in DC to switch to renewable energy to both charge scooters and to use in their daily lives! http,lime is stretching beyond its own operations to improve sustainability our new partnership with will incentivize lime juicers in dc to switch to renewable energy to both charge scooters and to use in their daily lives,36,Business & Entrepreneurs|News & Social Concern|Science & Technology,0.0037794868,0.16167529,0.83454525,0.8307658,0.83454525,Positive
1234206574186520577,2020-03-01,2020,2020-03,Strong first half for the {@Saint Louis MBB@} against Rhode Island. Billikens dominate in the paint and their defense was stifling. Need to keep up the intensity as RI will come out for the second half fired up. Let’s go SLU- take them down!!,Strong first half for the @user against Rhode Island. Billikens dominate in the paint and their defense was stifling. Need to keep up the intensity as RI will come out for the second half fired up. Let’s go SLU- take them down!!,strong first half for the against rhode island billikens dominate in the paint and their defense was stifling need to keep up the intensity as ri will come out for the second half fired up let s go slu take them down,42,Sports,0.0041808733,0.054914,0.94090515,0.9367243,0.94090515,Positive
1319277051342274563,2020-10-22,2020,2020-10,"The COVID-19 pandemic is threatening hard-won gains in the fight to #EndTB and setting the world off track for meeting our global UN targets by 2022. We must continue to provide TB care, treatment, and prevention. #preventionispowerful {{USERNAME}} {{USERNAME}} {@TAG Team@}","The COVID-19 pandemic is threatening hard-won gains in the fight to #EndTB and setting the world off track for meeting our global UN targets by 2022. We must continue to provide TB care, treatment, and prevention. #preventionispowerful @user @user @user",the covid pandemic is threatening hard won gains in the fight to endtb and setting the world off track for meeting our global un targets by we must continue to provide tb care treatment and prevention preventionispowerful,37,Fitness & Health|News & Social Concern|Science & Technology,0.33864096,0.5647916,0.09656743,-0.24207354,0.5647916,Neutral
1195875018401603585,2019-11-17,2019,2019-11,"I really really really have to go to bed now. {@Harry Styles@} Wishing you best of luck for hosting, Lights Up performance and Watermelon Sugar release #HarryOnSNL","I really really really have to go to bed now. @user Wishing you best of luck for hosting, Lights Up performance and Watermelon Sugar release #HarryOnSNL",i really really really have to go to bed now wishing you best of luck for hosting lights up performance and watermelon sugar release harryonsnl,25,Celebrity & Pop Culture|Film Tv & Video|Music,0.0075329496,0.052141868,0.9403252,0.93279225,0.9403252,Positive
1234235761794387974,2020-03-01,2020,2020-03,Landry Jones is the coldest Houston Roughneck on the field {{USERNAME}},Landry Jones is the coldest Houston Roughneck on the field @user,landry jones is the coldest houston roughneck on the field,10,Sports,0.78164405,0.20371303,0.014642892,-0.76700115,0.78164405,Negative
1170818570986479616,2019-09-08,2019,2019-09,Game night is here. 8:00 @ Confed vs {{USERNAME}} #royalsrule #winning #groab,Game night is here. 8:00 @ Confed vs @user #royalsrule #winning #groab,game night is here confed vs royalsrule winning groab,9,Sports,0.0039533204,0.3516156,0.64443105,0.6404777,0.64443105,Positive
1212823803174117377,2020-01-02,2020,2020-01,first game of the decade #LFC {@Liverpool FC@} its gonna be massive 10 years for us #LFC ❤❤❤❤❤❤,first game of the decade #LFC @user its gonna be massive 10 years for us #LFC ❤❤❤❤❤❤,first game of the decade lfc its gonna be massive years for us lfc,14,Sports,0.0016087039,0.008902457,0.9894888,0.98788005,0.9894888,Positive
1226566409284673536,2020-02-09,2020,2020-02,Box Office: ‘Birds of Prey’ Disappoints With $33 Million Debut {{URL}} via {@Variety@} #BoxOffice #BirdsOfPreyMovie #BirdsOfPrey,Box Office: ‘Birds of Prey’ Disappoints With $33 Million Debut http via @user #BoxOffice #BirdsOfPreyMovie #BirdsOfPrey,box office birds of prey disappoints with million debut via boxoffice birdsofpreymovie birdsofprey,13,Film Tv & Video,0.5158685,0.45167264,0.032458782,-0.4834097,0.5158685,Negative
1246829785709510658,2020-04-05,2020,2020-04,Reading Harry Potter and the Deathly Hallows puts my inability to find toilet paper in perspective. At least Voldemort isn’t around. {@J K Rowling@} #quarantinereading,Reading Harry Potter and the Deathly Hallows puts my inability to find toilet paper in perspective. At least Voldemort isn’t around. @user #quarantinereading,reading harry potter and the deathly hallows puts my inability to find toilet paper in perspective at least voldemort isn t around quarantinereading,23,Diaries & Daily Life|Film Tv & Video,0.43125072,0.40136752,0.16738176,-0.26386896,0.43125072,Negative
1236560558159085569,2020-03-08,2020,2020-03,Girl power on a show as {@KATY PERRY@} belts out two of her most famous numbers in front of packed #MCG. #Cricket #T20WorldCupFinal #ICCT20WorldCup #KatyPerry #INDvAUS #AUSvIND #WomensDay #Melbourne {{URL}},Girl power on a show as @user belts out two of her most famous numbers in front of packed #MCG. #Cricket #T20WorldCupFinal #ICCT20WorldCup #KatyPerry #INDvAUS #AUSvIND #WomensDay #Melbourne http,girl power on a show as belts out two of her most famous numbers in front of packed mcg cricket t worldcupfinal icct worldcup katyperry indvaus ausvind womensday melbourne,29,Sports,0.0027576245,0.11759121,0.8796511,0.8768935,0.8796511,Positive
1282372174607769604,2020-07-12,2020,2020-07,‼️Usman defeated Masvidal at UFC 251‼️ He won via unanimous decision! . Follow us on {{USERNAME}} .high.lights SUBSCRIBE TO OUR YOUTUBE LINK IN BIO . #mma #mmafighter #mmamemes #mmatraining #mmafights… {{URL}},‼️Usman defeated Masvidal at UFC 251‼️ He won via unanimous decision! . Follow us on @user .high.lights SUBSCRIBE TO OUR YOUTUBE LINK IN BIO . #mma #mmafighter #mmamemes #mmatraining #mmafights… http,usman defeated masvidal at ufc he won via unanimous decision follow us on high lights subscribe to our youtube link in bio mma mmafighter mmamemes mmatraining mmafights,27,Sports,0.0024480238,0.33083993,0.66671205,0.664264,0.66671205,Positive
1231668230944587777,2020-02-23,2020,2020-02,2/2 rRyan Finnerty on next weekend s big games v {@Glasgow Clan@} & {@Dundee Stars@} - Hope it is decided on the ice and nothing else - all you can ask for is a fairly reffed games. Put the right guys in charge. I ll leave you to decipher his meaning... #EIHL,2/2 rRyan Finnerty on next weekend s big games v @user & @user - Hope it is decided on the ice and nothing else - all you can ask for is a fairly reffed games. Put the right guys in charge. I ll leave you to decipher his meaning... #EIHL,rryan finnerty on next weekend s big games v hope it is decided on the ice and nothing else all you can ask for is a fairly reffed games put the right guys in charge i ll leave you to decipher his meaning eihl,44,Sports,0.15269934,0.6756591,0.17164153,0.018942192,0.6756591,Neutral
1236649848297922560,2020-03-08,2020,2020-03,Happy #InternationalWomensDay To all the inspirational women out there {{USERNAME}} {{USERNAME}} {@Kelly Klein@} {@Rosemary The Demon Assassin@} {{USERNAME}} {{USERNAME}} {@Floor Jansen@} {{USERNAME}} {@Jessicka Havok@} {@Julie Benz@} {@Kris Statlander@} {@Jennifer Paige@} {{USERNAME}} {{USERNAME}},Happy #InternationalWomensDay To all the inspirational women out there @user @user @user @user @user @user @user @user @user @user @user @user @user @user,happy internationalwomensday to all the inspirational women out there,9,Diaries & Daily Life,0.0030510747,0.010340776,0.98660815,0.98355705,0.98660815,Positive
1218823945538940929,2020-01-19,2020,2020-01,Lmao so many questions I have for {@Tyler Perry@} about a fall from grace.,Lmao so many questions I have for @user about a fall from grace.,lmao so many questions i have for about a fall from grace,12,Celebrity & Pop Culture|Film Tv & Video,0.5029529,0.44014236,0.056904815,-0.44604805,0.5029529,Negative
1251993907451346950,2020-04-19,2020,2020-04,Igor Moiseyev Ballet. Suite Greek dance «Sirtaki» {{URL}} via {@YouTube@} HAPPY GREEK EASTER,Igor Moiseyev Ballet. Suite Greek dance «Sirtaki» http via @user HAPPY GREEK EASTER,igor moiseyev ballet suite greek dance sirtaki via happy greek easter,11,Arts & Culture|News & Social Concern,0.0017648173,0.062269736,0.9359654,0.9342006,0.9359654,Positive
1315226591216066560,2020-10-11,2020,2020-10,Wow my heart si so full Thank you {@BTS_twt@} for working so hard to make us happy all the time and for your constant undying love. Borahae! #MapOfTheSoulOne,Wow my heart si so full Thank you @user for working so hard to make us happy all the time and for your constant undying love. Borahae! #MapOfTheSoulOne,wow my heart si so full thank you for working so hard to make us happy all the time and for your constant undying love borahae mapofthesoulone,27,Celebrity & Pop Culture|Fashion & Style|Music,0.0033791813,0.006965591,0.98965526,0.9862761,0.98965526,Positive
1221582112815341569,2020-01-26,2020,2020-01,Gianna Maria is my oldest daughter’s name so it is such sad news to hear Kobe’s daughter was on the Helicopter Hug your family more because you just never know! A very sad day {{USERNAME}} {{USERNAME}} {@Tessa Brooks@} {{USERNAME}} {{USERNAME}},Gianna Maria is my oldest daughter’s name so it is such sad news to hear Kobe’s daughter was on the Helicopter Hug your family more because you just never know! A very sad day @user @user @user @user @user,gianna maria is my oldest daughter s name so it is such sad news to hear kobe s daughter was on the helicopter hug your family more because you just never know a very sad day,36,Celebrity & Pop Culture|Family|Sports,0.8267799,0.15432014,0.018899893,-0.80788,0.8267799,Negative
1314744268322336768,2020-10-10,2020,2020-10,"Calling it now - Will you shut up man and/or Mr. Vice President, I m speaking are gonna be right before drops in {@Two Friends@} s BBM 18","Calling it now - Will you shut up man and/or Mr. Vice President, I m speaking are gonna be right before drops in @user s BBM 18",calling it now will you shut up man and or mr vice president i m speaking are gonna be right before drops in s bbm,25,Music|News & Social Concern,0.39358428,0.55931926,0.047096457,-0.34648782,0.55931926,Neutral
1190325860752142346,2019-11-01,2019,2019-11,"“The place where I grew up, Sonoma County, is burning. Again.” {{USERNAME}} , author of THE ENSEMBLE, wrote about the California fires for {{USERNAME}} . {{URL}}","“The place where I grew up, Sonoma County, is burning. Again.” @user , author of THE ENSEMBLE, wrote about the California fires for @user . http",the place where i grew up sonoma county is burning again author of the ensemble wrote about the california fires for,21,Diaries & Daily Life|News & Social Concern,0.6636025,0.3228156,0.013581889,-0.6500206,0.6636025,Negative
1391324894126776326,2021-05-09,2021,2021-05,Feeling sorry to hear about that Chetan s father lost the battle against Covid this morning! He already lost his brother few months ago! Stay Strong {@Chetan Sakariya@} My Heart goes out to you! Condolences! A Big hug and love to you❤️,Feeling sorry to hear about that Chetan s father lost the battle against Covid this morning! He already lost his brother few months ago! Stay Strong @user My Heart goes out to you! Condolences! A Big hug and love to you❤️,feeling sorry to hear about that chetan s father lost the battle against covid this morning he already lost his brother few months ago stay strong my heart goes out to you condolences a big hug and love to you,40,Diaries & Daily Life|Family|News & Social Concern|Relationships,0.30652308,0.32655424,0.36692265,0.060399562,0.36692265,Positive
1277149417678819329,2020-06-28,2020,2020-06,"I don t understand why some people are totally against doing a streaming party with a rapper s fandom Nowadays rappers have many songs with different genre rock, rnb, pop, dancehall, house, edm, reggaeton... There are many who can blend in GOT7 s songs #GOT7 {@GOT7@}","I don t understand why some people are totally against doing a streaming party with a rapper s fandom Nowadays rappers have many songs with different genre rock, rnb, pop, dancehall, house, edm, reggaeton... There are many who can blend in GOT7 s songs #GOT7 @user",i don t understand why some people are totally against doing a streaming party with a rapper s fandom nowadays rappers have many songs with different genre rock rnb pop dancehall house edm reggaeton there are many who can blend in got s songs got,45,Music,0.09168596,0.7362124,0.17210165,0.08041569,0.7362124,Neutral
1198591092205260800,2019-11-24,2019,2019-11,"Check out my new album Above the Rain distributed by {@DistroKid@} and live on Apple Music! {{URL}} Each song tells a story That may resonate with you Please follow and retweet Oh, and download, thank you. Popsd","Check out my new album Above the Rain distributed by @user and live on Apple Music! http Each song tells a story That may resonate with you Please follow and retweet Oh, and download, thank you. Popsd",check out my new album above the rain distributed by and live on apple music each song tells a story that may resonate with you please follow and retweet oh and download thank you popsd,35,Music,0.0014031038,0.10079546,0.89780146,0.89639837,0.89780146,Positive
1178124723244474369,2019-09-29,2019,2019-09,Another awesome {@Roblox@} live stream with {{USERNAME}} too!! Catch up on all the Bee Swarm hype! {{URL}} #Roblox #BeeSwarm {{USERNAME}},Another awesome @user live stream with @user too!! Catch up on all the Bee Swarm hype! http #Roblox #BeeSwarm @user,another awesome live stream with too catch up on all the bee swarm hype roblox beeswarm,16,Diaries & Daily Life|Film Tv & Video|Gaming,0.0012616283,0.0078821285,0.9908563,0.98959464,0.9908563,Positive
1298317726675611649,2020-08-25,2020,2020-08,"SPHS Zoom Parent Meeting 8/25/2020 {{USERNAME}} :00am 1. Welcome - Good morning, Mr. Smalley discusses expectations for zoom meeting. 2. Mr. Moore introduces himself 3. Packets- All packets need to be dropped off on… {{URL}}","SPHS Zoom Parent Meeting 8/25/2020 @user :00am 1. Welcome - Good morning, Mr. Smalley discusses expectations for zoom meeting. 2. Mr. Moore introduces himself 3. Packets- All packets need to be dropped off on… http",sphs zoom parent meeting am welcome good morning mr smalley discusses expectations for zoom meeting mr moore introduces himself packets all packets need to be dropped off on,28,Learning & Educational|Youth & Student Life,0.0026245618,0.3357248,0.66165066,0.6590261,0.66165066,Positive
1173808094356414464,2019-09-17,2019,2019-09,lost 1-2 vs {@NRG@} in ECS. Fun playing with the boys looking forward to our future matches,lost 1-2 vs @user in ECS. Fun playing with the boys looking forward to our future matches,lost vs in ecs fun playing with the boys looking forward to our future matches,15,Gaming|Sports,0.0045580156,0.061054576,0.93438745,0.9298294,0.93438745,Positive
1396402654490726402,2021-05-23,2021,2021-05,Check out this listing I just added to my #Poshmark closet: adidas Originals Star Wars C3PO Sneakers Size 10. {{URL}} #shopmycloset {@Poshmark@},Check out this listing I just added to my #Poshmark closet: adidas Originals Star Wars C3PO Sneakers Size 10. http #shopmycloset @user,check out this listing i just added to my poshmark closet adidas originals star wars c po sneakers size shopmycloset,20,Celebrity & Pop Culture|Fashion & Style,0.0034083792,0.56699973,0.4295919,0.42618352,0.56699973,Neutral
1191564185584504833,2019-11-05,2019,2019-11,"#DWTS anyone remember on {@Jerry Springer@} season, he pleaded for viewers to stop voting for him and to stop sending good dancers home?! {@Sean Spicer@} take a lesson here. Resign from the show... or actually do some dancing!","#DWTS anyone remember on @user season, he pleaded for viewers to stop voting for him and to stop sending good dancers home?! @user take a lesson here. Resign from the show... or actually do some dancing!",dwts anyone remember on season he pleaded for viewers to stop voting for him and to stop sending good dancers home take a lesson here resign from the show or actually do some dancing,34,Arts & Culture|Film Tv & Video,0.8298271,0.15465167,0.0155212805,-0.8143058,0.8298271,Negative
1264645245536473088,2020-05-24,2020,2020-05,Everyone go follo {{USERNAME}} Now or else DD will show up in your house when your asleep,Everyone go follo @user Now or else DD will show up in your house when your asleep,everyone go follo now or else dd will show up in your house when your asleep,16,Diaries & Daily Life|Other Hobbies,0.09610184,0.75576794,0.14813021,0.052028365,0.75576794,Neutral
1279323110445989889,2020-07-04,2020,2020-07,CONGRATSS FOR THE 4TH WIN ❤ #LeftnRight4thWin #Left_n_Right {@SEVENTEEN@},CONGRATSS FOR THE 4TH WIN ❤ #LeftnRight4thWin #Left_n_Right @user,congratss for the th win leftnright thwin left n right,10,Sports,0.0023133021,0.014853472,0.9828333,0.98052,0.9828333,Positive
1180814192171012107,2019-10-06,2019,2019-10,Receive advice every winter - watch out for new crop of drivers with zero winter experience. This article is way past that & mentions the Maritimes. Curious on NS issued licenses & Atlantic Provinces Trucking... {@CTV Atlantic@} {@The Chronicle Herald@} {@CBC Nova Scotia@} {{URL}},Receive advice every winter - watch out for new crop of drivers with zero winter experience. This article is way past that & mentions the Maritimes. Curious on NS issued licenses & Atlantic Provinces Trucking... @user @user @user http,receive advice every winter watch out for new crop of drivers with zero winter experience this article is way past that mentions the maritimes curious on ns issued licenses atlantic provinces trucking,32,News & Social Concern|Other Hobbies|Travel & Adventure,0.04714222,0.86066073,0.09219703,0.045054812,0.86066073,Neutral
1197568448865419265,2019-11-21,2019,2019-11,Check out Watermelon Sugar by Harry Styles {{URL}} via {@Amazon@} #NewMusicFriday #NewMusic #NewMusicAlert #HarryStyles #WatermelonSugar #FineLine,Check out Watermelon Sugar by Harry Styles http via @user #NewMusicFriday #NewMusic #NewMusicAlert #HarryStyles #WatermelonSugar #FineLine,check out watermelon sugar by harry styles via newmusicfriday newmusic newmusicalert harrystyles watermelonsugar fineline,14,Music,0.0018143306,0.3512254,0.64696026,0.64514595,0.64696026,Positive
1302485820268478465,2020-09-06,2020,2020-09,POWER BOOK 2 EPISODE 1 REVIEW!! (MY THOUGHTS) {{URL}} via {@YouTube@} #PowerGhost #PowerBook2 #PowerNeverEnds #PowerStarz,POWER BOOK 2 EPISODE 1 REVIEW!! (MY THOUGHTS) http via @user #PowerGhost #PowerBook2 #PowerNeverEnds #PowerStarz,power book episode review my thoughts via powerghost powerbook powerneverends powerstarz,11,Film Tv & Video,0.005757179,0.6987222,0.29552063,0.28976345,0.6987222,Neutral
1284786769548976137,2020-07-19,2020,2020-07,MIRROR . {@Mirror Politics@} : Kanye West to hold campaign rally in South Carolina as he pushes presidency bid {{URL}},MIRROR . @user : Kanye West to hold campaign rally in South Carolina as he pushes presidency bid http,mirror kanye west to hold campaign rally in south carolina as he pushes presidency bid,15,News & Social Concern,0.0060478314,0.9469784,0.04697386,0.04092603,0.9469784,Neutral
1272316888840720385,2020-06-14,2020,2020-06,Happy Barack Obama day! A symbol of hope thanks for everything Mr. President {@Barack Obama@},Happy Barack Obama day! A symbol of hope thanks for everything Mr. President @user,happy barack obama day a symbol of hope thanks for everything mr president,13,News & Social Concern,0.0032306283,0.008053823,0.9887156,0.98548496,0.9887156,Positive
1229098455437582339,2020-02-16,2020,2020-02,The latest from Charles Skamser and The Internet of things (IoT) Daily! {{URL}} Thanks to {{USERNAME}} {@Tata Consultancy Services North America@} #ai #mortgage,The latest from Charles Skamser and The Internet of things (IoT) Daily! http Thanks to @user @user #ai #mortgage,the latest from charles skamser and the internet of things iot daily thanks to ai mortgage,16,Science & Technology,0.0021643788,0.3010911,0.69674444,0.6945801,0.69674444,Positive
1239219779581419521,2020-03-15,2020,2020-03,Tell the Government to do the right thing - requisition private hospital beds to boost NHS capacity to deal with #COVID_19UK. Get on it {@Simon Jupp MP@} Sign the {@GMB Union@} petition below: {{URL}},Tell the Government to do the right thing - requisition private hospital beds to boost NHS capacity to deal with #COVID_19UK. Get on it @user Sign the @user petition below: http,tell the government to do the right thing requisition private hospital beds to boost nhs capacity to deal with covid uk get on it sign the petition below,28,Fitness & Health|News & Social Concern,0.037397,0.54495275,0.4176502,0.3802532,0.54495275,Neutral
1178248025258561543,2019-09-29,2019,2019-09,I’m watching {@BBC Strictly@} on catch up. Is {@James Cracknell@} a male version of {@judy murray@} ? Both great athletes in their field but can’t feel the music or find rhythm. #keepdancing,I’m watching @user on catch up. Is @user a male version of @user ? Both great athletes in their field but can’t feel the music or find rhythm. #keepdancing,i m watching on catch up is a male version of both great athletes in their field but can t feel the music or find rhythm keepdancing,27,Music|Sports,0.42743012,0.45370284,0.11886698,-0.30856314,0.45370284,Neutral
1416789433655902215,2021-07-18,2021,2021-07,I have had a crush on John Travolta since the days of Welcome Back Kotter & the Boy in the Plastic Bubble. I would be thrilled if John dropped me a HELLO! {{USERNAME}},I have had a crush on John Travolta since the days of Welcome Back Kotter & the Boy in the Plastic Bubble. I would be thrilled if John dropped me a HELLO! @user,i have had a crush on john travolta since the days of welcome back kotter the boy in the plastic bubble i would be thrilled if john dropped me a hello,31,Celebrity & Pop Culture|Film Tv & Video,0.0051851636,0.043256663,0.9515581,0.9463729,0.9515581,Positive
1264404110670835712,2020-05-24,2020,2020-05,Eid Mubarak {{USERNAME}} Hope you are having a beautiful time AT HOME with YOUR FAMILY.,Eid Mubarak @user Hope you are having a beautiful time AT HOME with YOUR FAMILY.,eid mubarak hope you are having a beautiful time at home with your family,14,Arts & Culture|Family|Relationships,0.0019304379,0.008151969,0.9899176,0.98798716,0.9899176,Positive
1391420700532125699,2021-05-09,2021,2021-05,"“We meet God in the storm.... We need mercy, not just justice.” {{URL}} {{USERNAME}}","“We meet God in the storm.... We need mercy, not just justice.” http @user",we meet god in the storm we need mercy not just justice,12,Arts & Culture|News & Social Concern,0.04018051,0.6146718,0.34514764,0.30496714,0.6146718,Neutral
1287807972354273282,2020-07-27,2020,2020-07,NEW {{USERNAME}} w/ {{USERNAME}} ✅The in’s and outs of the Jamal Adams trade ✅The #Browns first dealings with Covid at camp ✅QB Preview ahead of training camp {{URL}},NEW @user w/ @user ✅The in’s and outs of the Jamal Adams trade ✅The #Browns first dealings with Covid at camp ✅QB Preview ahead of training camp http,new w the in s and outs of the jamal adams trade the browns first dealings with covid at camp qb preview ahead of training camp,26,Sports,0.014033535,0.96225655,0.023709984,0.00967645,0.96225655,Neutral
1246706543850139649,2020-04-05,2020,2020-04,"Gashi Feat. Dj Snake, Afro B & Chris Brown - Safety 2020 #Gashi#DjSnake#AfroB#ChrisBrown #DaHubRadio #NowPlaying : {{USERNAME}} If Ur # d Above So We Can {{USERNAME}} You In Future ...Update Tune Tags {{URL}}","Gashi Feat. Dj Snake, Afro B & Chris Brown - Safety 2020 #Gashi#DjSnake#AfroB#ChrisBrown #DaHubRadio #NowPlaying : @user If Ur # d Above So We Can @user You In Future ...Update Tune Tags http",gashi feat dj snake afro b chris brown safety gashi djsnake afrob chrisbrown dahubradio nowplaying if ur d above so we can you in future update tune tags,28,Celebrity & Pop Culture|Music,0.0055676936,0.93537194,0.059060425,0.053492732,0.93537194,Neutral
1178213078317449216,2019-09-29,2019,2019-09,Hi all! I m back in California! Home sweet home! But definitely missing {{USERNAME}} I m behind on messages! I ll catch up tomorrow!,Hi all! I m back in California! Home sweet home! But definitely missing @user I m behind on messages! I ll catch up tomorrow!,hi all i m back in california home sweet home but definitely missing i m behind on messages i ll catch up tomorrow,23,Diaries & Daily Life|News & Social Concern,0.33302763,0.30152097,0.36545137,0.032423735,0.36545137,Positive
1284969589693018112,2020-07-19,2020,2020-07,Kanye West is having a true town hall. NO MODERATORS Directly talking and listening to the audience. {@ye@},Kanye West is having a true town hall. NO MODERATORS Directly talking and listening to the audience. @user,kanye west is having a true town hall no moderators directly talking and listening to the audience,17,Celebrity & Pop Culture|Music|News & Social Concern,0.017871425,0.58154875,0.40057987,0.38270843,0.58154875,Neutral
1315225639926988805,2020-10-11,2020,2020-10,Wow post concert depression is real but post BTS concert depression is a whole other level Thank you {@BTS_twt@} #MapOfTheSoulOne_D2 #MAP_OF_THE_SOUL_ONE,Wow post concert depression is real but post BTS concert depression is a whole other level Thank you @user #MapOfTheSoulOne_D2 #MAP_OF_THE_SOUL_ONE,wow post concert depression is real but post bts concert depression is a whole other level thank you mapofthesoulone d map of the soul one,25,Celebrity & Pop Culture|Music,0.21052183,0.23392352,0.5555546,0.3450328,0.5555546,Positive
1266912093082714112,2020-05-31,2020,2020-05,Turned on {@MSNBC@} and all of the sudden the peaceful protest got broken up by the police and {@Ali Velshi@} got hit because it came out of nowhere. Is he okay?! Are the protesters okay?! They looked like they were in distress.,Turned on @user and all of the sudden the peaceful protest got broken up by the police and @user got hit because it came out of nowhere. Is he okay?! Are the protesters okay?! They looked like they were in distress.,turned on and all of the sudden the peaceful protest got broken up by the police and got hit because it came out of nowhere is he okay are the protesters okay they looked like they were in distress,39,News & Social Concern,0.88556635,0.10805695,0.006376716,-0.8791896,0.88556635,Negative
1236743313539112960,2020-03-08,2020,2020-03,Happy International Women s Day to all the strong women who made me who I am. Especially {{USERNAME}} {{USERNAME}} {{USERNAME}} {{USERNAME}} {{USERNAME}} {{USERNAME}} {{USERNAME}} {{USERNAME}},Happy International Women s Day to all the strong women who made me who I am. Especially @user @user @user @user @user @user @user @user,happy international women s day to all the strong women who made me who i am especially,17,Diaries & Daily Life|News & Social Concern,0.0030213697,0.010433393,0.98654526,0.9835239,0.98654526,Positive
1328125216543936513,2020-11-15,2020,2020-11,"Big sport day here. {@Lewis Hamilton@} & {@Mercedes AMG PETRONAS F1 Team@} winning his 7th title, then The Masters, then the Giants American football on the main TV & ATP Finals with Rafa at the O2 - all today. {{URL}}","Big sport day here. @user & @user winning his 7th title, then The Masters, then the Giants American football on the main TV & ATP Finals with Rafa at the O2 - all today. http",big sport day here winning his th title then the masters then the giants american football on the main tv atp finals with rafa at the o all today,29,Sports,0.0013430208,0.14032824,0.8583287,0.8569857,0.8583287,Positive
1170637889320968192,2019-09-08,2019,2019-09,"Tunisia won their second Classification game, 86-84 against Angola. This means #Dtigers will have to win the Host China at the Classification game by 1pm today to get the ball running for {@Tokyo2020@} we Believe in you guys! {{USERNAME}} {{USERNAME}} {@Colin NOT Collins@} {{USERNAME}}","Tunisia won their second Classification game, 86-84 against Angola. This means #Dtigers will have to win the Host China at the Classification game by 1pm today to get the ball running for @user we Believe in you guys! @user @user @user @user",tunisia won their second classification game against angola this means dtigers will have to win the host china at the classification game by pm today to get the ball running for we believe in you guys,36,Sports,0.001960514,0.115837924,0.8822016,0.8802411,0.8822016,Positive
1424187687049875459,2021-08-08,2021,2021-08,"Fun fact ✨ - When the Women’s {@Team USA@} basketball team plays #japan for the gold medal tonight, it will be a rematch of the 1st women’s Olympic #basketball game in history, which took place in Montreal in 1976. #Olympics #TeamUSA","Fun fact ✨ - When the Women’s @user basketball team plays #japan for the gold medal tonight, it will be a rematch of the 1st women’s Olympic #basketball game in history, which took place in Montreal in 1976. #Olympics #TeamUSA",fun fact when the women s basketball team plays japan for the gold medal tonight it will be a rematch of the st women s olympic basketball game in history which took place in montreal in olympics teamusa,38,Sports,0.0023444456,0.470447,0.5272086,0.5248642,0.5272086,Positive
1206266316623142912,2019-12-15,2019,2019-12,#CapeTown7s Final Results South Africa 5 - 7 New Zealand #NB: {@All Blacks Sevens@} beat hosts {@Springbok Sevens@} 7-5 to take their second title at the #CapeTown7s. They are joint top of the #HSBC7s standings with South Africa after two rounds. {{USERNAME}},#CapeTown7s Final Results South Africa 5 - 7 New Zealand #NB: @user beat hosts @user 7-5 to take their second title at the #CapeTown7s. They are joint top of the #HSBC7s standings with South Africa after two rounds. @user,capetown s final results south africa new zealand nb beat hosts to take their second title at the capetown s they are joint top of the hsbc s standings with south africa after two rounds,35,Sports,0.0029309874,0.7416881,0.25538096,0.25244996,0.7416881,Neutral
1183520022485975051,2019-10-13,2019,2019-10,"I m at Coolidge Corner Theatre - {@Coolidge Corner Theatre@} for El Camino: A Breaking Bad Movie in Brookline, MA {{URL}}","I m at Coolidge Corner Theatre - @user for El Camino: A Breaking Bad Movie in Brookline, MA http",i m at coolidge corner theatre for el camino a breaking bad movie in brookline ma,16,Diaries & Daily Life|Film Tv & Video,0.0059899613,0.9386266,0.055383455,0.049393494,0.9386266,Neutral
1351529811576037376,2021-01-19,2021,2021-01,"Vietnam has shown an astonishing ability to increase rooftop capacity by 9.3GW in just the second half of 2020. Exactly the same demand exists in SA, writes Peter Attard Montalto, head of capital markets research at Intellidex, in his {@Business Day@} column. {{URL}}","Vietnam has shown an astonishing ability to increase rooftop capacity by 9.3GW in just the second half of 2020. Exactly the same demand exists in SA, writes Peter Attard Montalto, head of capital markets research at Intellidex, in his @user column. http",vietnam has shown an astonishing ability to increase rooftop capacity by gw in just the second half of exactly the same demand exists in sa writes peter attard montalto head of capital markets research at intellidex in his column,39,Business & Entrepreneurs|News & Social Concern,0.0045732376,0.22521779,0.770209,0.7656358,0.770209,Positive
1218888587636244481,2020-01-19,2020,2020-01,"Australia’s Fires: Caused by Bad Forestry and Arson, Not Global Warming {{URL}} via {{USERNAME}}","Australia’s Fires: Caused by Bad Forestry and Arson, Not Global Warming http via @user",australia s fires caused by bad forestry and arson not global warming via,13,News & Social Concern|Science & Technology,0.5799499,0.40926865,0.010781451,-0.56916845,0.5799499,Negative
1290072599058239489,2020-08-02,2020,2020-08,"PHOTOS: Island Mercantile Reopens at Disney’s Animal Kingdom with One Entrance, Social Distancing, and Other Health and Safety Measures - {{URL}} via {{USERNAME}}","PHOTOS: Island Mercantile Reopens at Disney’s Animal Kingdom with One Entrance, Social Distancing, and Other Health and Safety Measures - http via @user",photos island mercantile reopens at disney s animal kingdom with one entrance social distancing and other health and safety measures via,21,Diaries & Daily Life|Fitness & Health|News & Social Concern,0.005663266,0.88563174,0.10870497,0.1030417,0.88563174,Neutral
1213700625378136064,2020-01-05,2020,2020-01,OK I’ll say this now the ravens are the best team in the NFL right now. If we can get past them I say the {@Tennessee Titans@} have a legitimate chance to make it to the Super Bowl!,OK I’ll say this now the ravens are the best team in the NFL right now. If we can get past them I say the @user have a legitimate chance to make it to the Super Bowl!,ok i ll say this now the ravens are the best team in the nfl right now if we can get past them i say the have a legitimate chance to make it to the super bowl,37,Sports,0.0059646866,0.047807787,0.94622755,0.94026285,0.94622755,Positive
1221334238689218567,2020-01-26,2020,2020-01,"#OurHeroAsim I don t understand why everytime they make asim to say sorry to shukla, paras zariwalla and ..... {@ColorsTV@} have some respect of your own show. Even callers of the week always called to clear shukla, is it a co accident? I don t think so. #StopTargetingAsim","#OurHeroAsim I don t understand why everytime they make asim to say sorry to shukla, paras zariwalla and ..... @user have some respect of your own show. Even callers of the week always called to clear shukla, is it a co accident? I don t think so. #StopTargetingAsim",ourheroasim i don t understand why everytime they make asim to say sorry to shukla paras zariwalla and have some respect of your own show even callers of the week always called to clear shukla is it a co accident i don t think so stoptargetingasim,46,Film Tv & Video,0.7537901,0.2310544,0.015155529,-0.7386345,0.7537901,Negative
1189208446668660736,2019-10-29,2019,2019-10,Excited to watch Ja and the Lakers on analog tonight {@NBA Canada@} {@Shaw Communications@} .,Excited to watch Ja and the Lakers on analog tonight @user @user .,excited to watch ja and the lakers on analog tonight,10,Sports,0.0013167806,0.017292008,0.9813913,0.9800745,0.9813913,Positive
1198563616460554243,2019-11-24,2019,2019-11,"Rohas make #ASTRO WIN VOTE FOR #아스트로 on Mwave and starplay and stream the new Album #블루플레임. LET S GET IT, ROHAS! {@ASTRO@}","Rohas make #ASTRO WIN VOTE FOR #아스트로 on Mwave and starplay and stream the new Album #블루플레임. LET S GET IT, ROHAS! @user",rohas make astro win vote for on mwave and starplay and stream the new album let s get it rohas,20,Celebrity & Pop Culture|Music,0.004315439,0.1340043,0.86168027,0.85736483,0.86168027,Positive
1197288486824546304,2019-11-20,2019,2019-11,Austin Hooper the Browns back up! he’s on the falcons and the number 2 TE in the league! {{USERNAME}},Austin Hooper the Browns back up! he’s on the falcons and the number 2 TE in the league! @user,austin hooper the browns back up he s on the falcons and the number te in the league,18,Sports,0.002645771,0.3095372,0.68781704,0.68517125,0.68781704,Positive
1414343377898835970,2021-07-11,2021,2021-07,"Never mind, its #GTFC vs {@Cleethorpes Town FC@} next weekend. Back to football that matters!","Never mind, its #GTFC vs @user next weekend. Back to football that matters!",never mind its gtfc vs next weekend back to football that matters,12,Sports,0.007614618,0.22791189,0.7644735,0.7568589,0.7644735,Positive
1363517374754938880,2021-02-21,2021,2021-02,Seeing some Jackson State car flags on the road this morning.. Go get em Coach Prime!! {@COACH PRIME@},Seeing some Jackson State car flags on the road this morning.. Go get em Coach Prime!! @user,seeing some jackson state car flags on the road this morning go get em coach prime,16,Sports,0.006796004,0.17159101,0.821613,0.814817,0.821613,Positive
1211344372123475968,2019-12-29,2019,2019-12,Wow what a way to end the decade and 2019 with a win against the league leaders and most importantly we have denied Eoin Doyle from scoring that would give {@colin murray@} to shout about on tonight’s {@Quest@} #PVFC (1/2),Wow what a way to end the decade and 2019 with a win against the league leaders and most importantly we have denied Eoin Doyle from scoring that would give @user to shout about on tonight’s @user #PVFC (1/2),wow what a way to end the decade and with a win against the league leaders and most importantly we have denied eoin doyle from scoring that would give to shout about on tonight s pvfc,36,Sports,0.0032121306,0.03163717,0.9651508,0.9619386,0.9651508,Positive
1264526027621048320,2020-05-24,2020,2020-05,WAR... Keep in mind that even Mexico demands election integrity. Voters in Mexico must physically show up to vote. They must have federal government-issued photo identification (with thumbprint). They can t vote in English. Voting in Mexico is only done in Spanish. {{USERNAME}},WAR... Keep in mind that even Mexico demands election integrity. Voters in Mexico must physically show up to vote. They must have federal government-issued photo identification (with thumbprint). They can t vote in English. Voting in Mexico is only done in Spanish. @user,war keep in mind that even mexico demands election integrity voters in mexico must physically show up to vote they must have federal government issued photo identification with thumbprint they can t vote in english voting in mexico is only done in spanish,43,News & Social Concern,0.4431653,0.5356836,0.021151079,-0.42201424,0.5356836,Neutral
1186008755059773440,2019-10-20,2019,2019-10,"An excellent, a beautiful person not only with her great voice but also with her humble personality. Love your existence in the world {@Joss Stone@} The Love We Had (Stays On My Mind) (Official Video) Joss Stone {{URL}}","An excellent, a beautiful person not only with her great voice but also with her humble personality. Love your existence in the world @user The Love We Had (Stays On My Mind) (Official Video) Joss Stone http",an excellent a beautiful person not only with her great voice but also with her humble personality love your existence in the world the love we had stays on my mind official video joss stone,35,Celebrity & Pop Culture|Music,0.0029667264,0.016298117,0.9807351,0.9777684,0.9807351,Positive
1302635881921159170,2020-09-06,2020,2020-09,I’m on {@975TheFanatic@} 12-4. Last Sunday without NFL. How many games do the Eagles win? How far can they go? What do the Flyers have to do to take the next step? Are you rooting for/against Jimmy Butler? Do you agree with me the Phillies will make noise in October?,I’m on @user 12-4. Last Sunday without NFL. How many games do the Eagles win? How far can they go? What do the Flyers have to do to take the next step? Are you rooting for/against Jimmy Butler? Do you agree with me the Phillies will make noise in October?,i m on last sunday without nfl how many games do the eagles win how far can they go what do the flyers have to do to take the next step are you rooting for against jimmy butler do you agree with me the phillies will make noise in october,50,Sports,0.023678089,0.8315464,0.14477548,0.12109739,0.8315464,Neutral
1340748061346164742,2020-12-20,2020,2020-12,"Openers for several other CFB bowl games from {{USERNAME}} : Orange: UNC vs. Texas A&M (-5, 70.5) Fiesta: Oregon vs. Iowa State (-3, 53.5) Cotton: Oklahoma vs. Florida (-3, 67.5) Peach: Cincinnati vs. Georgia (-8, 53.5)","Openers for several other CFB bowl games from @user : Orange: UNC vs. Texas A&M (-5, 70.5) Fiesta: Oregon vs. Iowa State (-3, 53.5) Cotton: Oklahoma vs. Florida (-3, 67.5) Peach: Cincinnati vs. Georgia (-8, 53.5)",openers for several other cfb bowl games from orange unc vs texas a m fiesta oregon vs iowa state cotton oklahoma vs florida peach cincinnati vs georgia,27,Sports,0.008184588,0.922866,0.068949424,0.060764834,0.922866,Neutral
1199113255152766976,2019-11-25,2019,2019-11,"Everyone should go listen to {@Northbound@} new album, its bombbb","Everyone should go listen to @user new album, its bombbb",everyone should go listen to new album its bombbb,9,Music,0.0027533616,0.015696203,0.98155046,0.9787971,0.98155046,Positive
1267031980769718272,2020-05-31,2020,2020-05,Cities endure another night of rioting as Trump declares Guard deployments mean no games Protests over the death of George Floyd spread nationwide while police and mayors up the response. By {{USERNAME}} Via Just The News ⁦ {{USERNAME}} ⁩ {{URL}},Cities endure another night of rioting as Trump declares Guard deployments mean no games Protests over the death of George Floyd spread nationwide while police and mayors up the response. By @user Via Just The News ⁦ @user ⁩ http,cities endure another night of rioting as trump declares guard deployments mean no games protests over the death of george floyd spread nationwide while police and mayors up the response by via just the news,35,News & Social Concern,0.7385752,0.25262558,0.008799216,-0.729776,0.7385752,Negative
1371246808651993089,2021-03-14,2021,2021-03,"Boris, you must tell the Queen to sack Harry and Meghan {{URL}} via {{USERNAME}}","Boris, you must tell the Queen to sack Harry and Meghan http via @user",boris you must tell the queen to sack harry and meghan via,12,Celebrity & Pop Culture|News & Social Concern,0.15450037,0.8054493,0.04005028,-0.11445008,0.8054493,Neutral
1170576490452459520,2019-09-08,2019,2019-09,Refreshing twitter so hard right now on the gopher game. #atawedding {{USERNAME}},Refreshing twitter so hard right now on the gopher game. #atawedding @user,refreshing twitter so hard right now on the gopher game atawedding,11,Sports,0.04885733,0.5038969,0.44724584,0.3983885,0.5038969,Neutral
1221365174759804928,2020-01-26,2020,2020-01,"Happy Chinese New Year everyone! May the Rat year be prosperous, abundant and successful for you! Photos taken by {{USERNAME}} <<Swipe Left for more<< Lapis Lazuli Pendant (S$22) From Italy! Lapis Lazuli is… {{URL}}","Happy Chinese New Year everyone! May the Rat year be prosperous, abundant and successful for you! Photos taken by @user <<Swipe Left for more<< Lapis Lazuli Pendant (S$22) From Italy! Lapis Lazuli is… http",happy chinese new year everyone may the rat year be prosperous abundant and successful for you photos taken by swipe left for more lapis lazuli pendant s from italy lapis lazuli is,32,Diaries & Daily Life,0.0011488637,0.02446019,0.97439086,0.973242,0.97439086,Positive
1340443923861430274,2020-12-19,2020,2020-12,Idk why they keep showing us the Ohio State fan club and telling us it’s the #CFBPlayoff Committee. ‍♀️ #CLEMvsND {@ESPN College Football@},Idk why they keep showing us the Ohio State fan club and telling us it’s the #CFBPlayoff Committee. ‍♀️ #CLEMvsND @user,idk why they keep showing us the ohio state fan club and telling us it s the cfbplayoff committee clemvsnd,20,Sports,0.69829863,0.29016137,0.011539979,-0.68675864,0.69829863,Negative
1300039425934716928,2020-08-30,2020,2020-08,Pathetic from {@PTCL@} . No internet and phone services since morning. Happening every day since a week now.,Pathetic from @user . No internet and phone services since morning. Happening every day since a week now.,pathetic from no internet and phone services since morning happening every day since a week now,16,Diaries & Daily Life|Other Hobbies|Science & Technology,0.9467475,0.04686921,0.006383285,-0.9403642,0.9467475,Negative
1264525156833206272,2020-05-24,2020,2020-05,Happy Eid to all our Muslim brothers but lets observe physical distance and wear your masks. Let s stop the spread of #Covid_19 {@UNDP South Sudan@} {{USERNAME}} {{USERNAME}},Happy Eid to all our Muslim brothers but lets observe physical distance and wear your masks. Let s stop the spread of #Covid_19 @user @user @user,happy eid to all our muslim brothers but lets observe physical distance and wear your masks let s stop the spread of covid,23,Arts & Culture|Diaries & Daily Life|Family|Fitness & Health|News & Social Concern|Relationships,0.048502956,0.363871,0.58762604,0.53912306,0.58762604,Positive
1404043570865115136,2021-06-13,2021,2021-06,"Tracing Your Irish Family History on the Internet (2nd edition) is available online from {@Pen Sword Books@} at {{URL}} #genealogy #familyhistory #Ireland. And for extra help, coming soon from P&S is my next book, Tracing Your Irish Ancestors Through Land Records...!","Tracing Your Irish Family History on the Internet (2nd edition) is available online from @user at http #genealogy #familyhistory #Ireland. And for extra help, coming soon from P&S is my next book, Tracing Your Irish Ancestors Through Land Records...!",tracing your irish family history on the internet nd edition is available online from at genealogy familyhistory ireland and for extra help coming soon from p s is my next book tracing your irish ancestors through land records,38,Family|Relationships,0.0029629245,0.4692769,0.52776015,0.5247972,0.52776015,Positive
1300220478716547072,2020-08-30,2020,2020-08,TheRealDimmak is live on YouTube (Call of Duty Black Ops 4) Follow us {{USERNAME}} {{USERNAME}} live at {{URL}},TheRealDimmak is live on YouTube (Call of Duty Black Ops 4) Follow us @user @user live at http,therealdimmak is live on youtube call of duty black ops follow us live at,14,Gaming,0.0035541237,0.6571776,0.33926827,0.33571413,0.6571776,Neutral
1176254050465173505,2019-09-23,2019,2019-09,New video OP Feat. ABG Neal “Come Get You” (WSHH Exclusive – Official Music Video) on {@YouTube@} {{URL}},New video OP Feat. ABG Neal “Come Get You” (WSHH Exclusive – Official Music Video) on @user http,new video op feat abg neal come get you wshh exclusive official music video on,15,Celebrity & Pop Culture|Film Tv & Video|Music,0.0033550202,0.9008604,0.09578449,0.092429474,0.9008604,Neutral
1284998884326924290,2020-07-19,2020,2020-07,Happy National Ice Cream Day! Celebrated by going to {{USERNAME}} for the very first time! Definitely the place to check out! @ Two Roosters Ice Cream {{URL}},Happy National Ice Cream Day! Celebrated by going to @user for the very first time! Definitely the place to check out! @ Two Roosters Ice Cream http,happy national ice cream day celebrated by going to for the very first time definitely the place to check out two roosters ice cream,24,Arts & Culture|Food & Dining,0.0014165537,0.006889072,0.9916944,0.9902778,0.9916944,Positive
1287476981496504324,2020-07-26,2020,2020-07,"Repost from {@Nyheim Hines@} • With training camp around the corner, I want give a shout-out to the best footwork guy in the 919 {{USERNAME}} for that work We’ve been grinding all off season.. now it’s time to collect… {{URL}}","Repost from @user • With training camp around the corner, I want give a shout-out to the best footwork guy in the 919 @user for that work We’ve been grinding all off season.. now it’s time to collect… http",repost from with training camp around the corner i want give a shout out to the best footwork guy in the for that work we ve been grinding all off season now it s time to collect,37,Sports,0.002880223,0.043851,0.95326877,0.95038855,0.95326877,Positive
1324048427806826497,2020-11-04,2020,2020-11,"Pearl Jam - Just Breathe To all the souls, South of the Canadian border, all of us Canadians, thoughts are with you. Remember to have happy thoughts, spend time with loved ones and breathe. Please stay safe, hydrate and wear a mask in public! {@Pearl Jam@} {{URL}}","Pearl Jam - Just Breathe To all the souls, South of the Canadian border, all of us Canadians, thoughts are with you. Remember to have happy thoughts, spend time with loved ones and breathe. Please stay safe, hydrate and wear a mask in public! @user http",pearl jam just breathe to all the souls south of the canadian border all of us canadians thoughts are with you remember to have happy thoughts spend time with loved ones and breathe please stay safe hydrate and wear a mask in public,43,Fitness & Health|Music,0.009653725,0.13365404,0.85669225,0.8470385,0.85669225,Positive
1366055516464644096,2021-02-28,2021,2021-02,"I like how {@Signal@} periodically asks you to re enter your PIN every 2 weeks so you start to memorize it. (Pretty sure you’d lose all your messages without it, so it’s a key part of their UX)","I like how @user periodically asks you to re enter your PIN every 2 weeks so you start to memorize it. (Pretty sure you’d lose all your messages without it, so it’s a key part of their UX)",i like how periodically asks you to re enter your pin every weeks so you start to memorize it pretty sure you d lose all your messages without it so it s a key part of their ux,38,Science & Technology,0.010498645,0.15315545,0.8363459,0.82584727,0.8363459,Positive
1279110999392518144,2020-07-03,2020,2020-07,Descendants of Frederick Douglass on the 4th of July {{URL}} via {{USERNAME}},Descendants of Frederick Douglass on the 4th of July http via @user,descendants of frederick douglass on the th of july via,10,News & Social Concern|Relationships,0.004849607,0.9386714,0.056478944,0.051629335,0.9386714,Neutral
1226504387759136773,2020-02-09,2020,2020-02,Big lies from #potus at State of the Union address about education and government school. {@AFT@} {{URL}},Big lies from #potus at State of the Union address about education and government school. @user http,big lies from potus at state of the union address about education and government school,15,News & Social Concern,0.74907243,0.23316674,0.017760895,-0.73131156,0.74907243,Negative
1249394420434206721,2020-04-12,2020,2020-04,Happy Easter! Hope everyone has a safe and enjoyable day! {{USERNAME}} {{USERNAME}} {{USERNAME}} {{USERNAME}} {{USERNAME}} {{USERNAME}} {{USERNAME}} {{USERNAME}} {{USERNAME}} {{USERNAME}} {{USERNAME}} {{USERNAME}} {{USERNAME}} {{USERNAME}},Happy Easter! Hope everyone has a safe and enjoyable day! @user @user @user @user @user @user @user @user @user @user @user @user @user @user,happy easter hope everyone has a safe and enjoyable day,10,Family|Other Hobbies,0.002638703,0.012448124,0.9849132,0.9822745,0.9849132,Positive
1233933748694999041,2020-03-01,2020,2020-03,Coming up next I hope is #BTS x {{USERNAME}} s #ON!! {@Most Requested Live@} #MostRequestedLive. Please play this song Thank you 정국 #BTSArmy #BestFanArmy #iHeartAwards {@BTS_twt@},Coming up next I hope is #BTS x @user s #ON!! @user #MostRequestedLive. Please play this song Thank you 정국 #BTSArmy #BestFanArmy #iHeartAwards @user,coming up next i hope is bts x s on mostrequestedlive please play this song thank you btsarmy bestfanarmy iheartawards,20,Celebrity & Pop Culture|Music,0.0013733016,0.026665986,0.9719607,0.97058743,0.9719607,Positive
1246950706281623552,2020-04-05,2020,2020-04,{{URL}} {{USERNAME}} {{USERNAME}} {{USERNAME}} My final Star Wars related review is live on my channel. What do you guys think?,http @user @user @user My final Star Wars related review is live on my channel. What do you guys think?,my final star wars related review is live on my channel what do you guys think,16,Diaries & Daily Life|Film Tv & Video,0.0044521857,0.7888694,0.20667845,0.20222627,0.7888694,Neutral
1175347311733628930,2019-09-21,2019,2019-09,⚽️ EBFL Division 2: Match Highlights ⚽️ {{USERNAME}} vs. {{USERNAME}} Watch extended highlights from our first two games of the {{USERNAME}} against Sandhurst and Townmead. Match footage was filmed via {{USERNAME}} #AllAboard #HTFC Watch Now ⤵️ {{URL}},⚽️ EBFL Division 2: Match Highlights ⚽️ @user vs. @user Watch extended highlights from our first two games of the @user against Sandhurst and Townmead. Match footage was filmed via @user #AllAboard #HTFC Watch Now ⤵️ http,ebfl division match highlights vs watch extended highlights from our first two games of the against sandhurst and townmead match footage was filmed via allaboard htfc watch now,28,Sports,0.0036737572,0.93190455,0.06442161,0.06074785,0.93190455,Neutral
1289922875009323008,2020-08-02,2020,2020-08,Thinking of you {{USERNAME}} as I sit down to watch {@Harrogate Town AFC@} . #ProudToBeTown,Thinking of you @user as I sit down to watch @user . #ProudToBeTown,thinking of you as i sit down to watch proudtobetown,10,Relationships|Sports,0.003249908,0.040745072,0.956005,0.9527551,0.956005,Positive
1305015176630923265,2020-09-13,2020,2020-09,‘After 10 years: Lakers back in Western Conference finals’ {{URL}} via {{USERNAME}},‘After 10 years: Lakers back in Western Conference finals’ http via @user,after years lakers back in western conference finals via,9,Sports,0.0031886469,0.8241596,0.17265177,0.16946313,0.8241596,Neutral
1189417479606603776,2019-10-30,2019,2019-10,The latest The Fire-Climate-Media Daily! {{URL}} Thanks to {@NASA Climate@} {@NOAA Climate gov@} #under2coalition #kincadefire,The latest The Fire-Climate-Media Daily! http Thanks to @user @user #under2coalition #kincadefire,the latest the fire climate media daily thanks to under coalition kincadefire,12,News & Social Concern|Science & Technology,0.004387272,0.49011275,0.50549996,0.5011127,0.50549996,Positive
1211314832743362560,2019-12-29,2019,2019-12,TAMMY ABRAHAM LETS GOOOOO. This is why I wake up early on Saturdays! #CHEARS {@NBC Sports Soccer@} {@Chelsea FC@},TAMMY ABRAHAM LETS GOOOOO. This is why I wake up early on Saturdays! #CHEARS @user @user,tammy abraham lets gooooo this is why i wake up early on saturdays chears,14,Sports,0.0036384875,0.039726265,0.95663536,0.95299685,0.95663536,Positive
1186488296454737920,2019-10-22,2019,2019-10,Add my new album &#34;F&#39; the World on Spotify: {{URL}} (powered by {@DistroKid@} ),Add my new album &#34;F&#39; the World on Spotify: http (powered by @user ),add my new album f the world on spotify powered by,11,Music,0.003089763,0.58115005,0.41576025,0.4126705,0.58115005,Neutral
1360825315702960129,2021-02-14,2021,2021-02,I miss my teddy bear. Would you sleep with me? {{USERNAME}} BeMyValentine JEREMY #ASAPisLOVE,I miss my teddy bear. Would you sleep with me? @user BeMyValentine JEREMY #ASAPisLOVE,i miss my teddy bear would you sleep with me bemyvalentine jeremy asapislove,13,Diaries & Daily Life|Relationships,0.038150672,0.53934896,0.42250034,0.38434967,0.53934896,Neutral
1252021317886455808,2020-04-19,2020,2020-04,‘Jaws’ 45th Anniversary 4K Ultra HD: Sink Your Teeth Into the Full Details! : {@JDfromNY@} {{URL}},‘Jaws’ 45th Anniversary 4K Ultra HD: Sink Your Teeth Into the Full Details! : @user http,jaws th anniversary k ultra hd sink your teeth into the full details,13,Film Tv & Video,0.0048184353,0.78919077,0.20599075,0.2011723,0.78919077,Neutral
1231609048509952005,2020-02-23,2020,2020-02,Halftime 0-0 Very nice display of football from both teams Hope we see a better game at the second half {{USERNAME}} Vs B. A United {@MTN Ghana@} {{USERNAME}},Halftime 0-0 Very nice display of football from both teams Hope we see a better game at the second half @user Vs B. A United @user @user,halftime very nice display of football from both teams hope we see a better game at the second half vs b a united,23,Sports,0.0020043578,0.03797893,0.9600167,0.95801234,0.9600167,Positive
1198843606833848320,2019-11-25,2019,2019-11,Winning tickets from {@NOW 100 5 FM@} to see {@Harry Styles@} in August has been the highlight of my year Forever thankful #liveinthenow #tpwk,Winning tickets from @user to see @user in August has been the highlight of my year Forever thankful #liveinthenow #tpwk,winning tickets from to see in august has been the highlight of my year forever thankful liveinthenow tpwk,18,Celebrity & Pop Culture|Music,0.0020887132,0.0084008025,0.98951054,0.9874218,0.98951054,Positive
1282217155426058240,2020-07-12,2020,2020-07,Kamaru Usman rolls through Jorge Masvidal to retain title at UFC 251 {{URL}} via {@Yahoo@} that was what he had to do to will step on feet grab hold on he didn’t do that with Colby. No snap in masvidals punch but Usman is a bigger man maybe that’s why run it back.,Kamaru Usman rolls through Jorge Masvidal to retain title at UFC 251 http via @user that was what he had to do to will step on feet grab hold on he didn’t do that with Colby. No snap in masvidals punch but Usman is a bigger man maybe that’s why run it back.,kamaru usman rolls through jorge masvidal to retain title at ufc via that was what he had to do to will step on feet grab hold on he didn t do that with colby no snap in masvidals punch but usman is a bigger man maybe that s why run it back,52,Sports,0.016788159,0.88322556,0.099986285,0.08319813,0.88322556,Neutral
1254439255486545920,2020-04-26,2020,2020-04,"Opposites attract but trying to push two positives or two negative ends together—or in your case, two mind readers—doesn t work. Pain is a warning, a way to protect yourself… A #bookbubble {{USERNAME}} {{URL}} #ya #teens #amreading","Opposites attract but trying to push two positives or two negative ends together—or in your case, two mind readers—doesn t work. Pain is a warning, a way to protect yourself… A #bookbubble @user http #ya #teens #amreading",opposites attract but trying to push two positives or two negative ends together or in your case two mind readers doesn t work pain is a warning a way to protect yourself a bookbubble ya teens amreading,37,Arts & Culture|Relationships|Youth & Student Life,0.4935909,0.4708055,0.035603598,-0.4579873,0.4935909,Negative
1193585668292694016,2019-11-10,2019,2019-11,Common friends ni {{USERNAME}} and Victor Basa kay present sa wedding ni V! Hahahaha gosh i still remember the D+V days LOOOL but atleast now kay both happily married na sila sa laing mga tawo. Hehehehehe char,Common friends ni @user and Victor Basa kay present sa wedding ni V! Hahahaha gosh i still remember the D+V days LOOOL but atleast now kay both happily married na sila sa laing mga tawo. Hehehehehe char,common friends ni and victor basa kay present sa wedding ni v hahahaha gosh i still remember the d v days loool but atleast now kay both happily married na sila sa laing mga tawo hehehehehe char,37,Diaries & Daily Life|Relationships,0.0031351119,0.052809943,0.94405496,0.9409199,0.94405496,Positive
1340385563552169985,2020-12-19,2020,2020-12,I wonder what {{USERNAME}} thinking about seeing former Sooner Trey Serman being reason Ohio State makes the playoffs and possibly keeps Oklahoma out at end?,I wonder what @user thinking about seeing former Sooner Trey Serman being reason Ohio State makes the playoffs and possibly keeps Oklahoma out at end?,i wonder what thinking about seeing former sooner trey serman being reason ohio state makes the playoffs and possibly keeps oklahoma out at end,24,Sports,0.040982965,0.9064586,0.052558422,0.011575457,0.9064586,Neutral
1213849610965245958,2020-01-05,2020,2020-01,I was smiling the whole time while watching Kathryn’s vlog because it’s freakin’ wonderful to witness a love like theirs since from the start. Like what did we do to deserve this I love you {@KATH@},I was smiling the whole time while watching Kathryn’s vlog because it’s freakin’ wonderful to witness a love like theirs since from the start. Like what did we do to deserve this I love you @user,i was smiling the whole time while watching kathryn s vlog because it s freakin wonderful to witness a love like theirs since from the start like what did we do to deserve this i love you,37,Film Tv & Video|News & Social Concern|Other Hobbies,0.0041872812,0.007964697,0.9878479,0.98366064,0.9878479,Positive
1226431239055380480,2020-02-09,2020,2020-02,"I m sorry. I tried the {{USERNAME}} today and I m just not feeling it. It is very obvious to me that the talent level is nowhere near the NFL & for some strange reason NCAA College football looks like better athletes, more action & skill than what I witnessed today. I ll pass.","I m sorry. I tried the @user today and I m just not feeling it. It is very obvious to me that the talent level is nowhere near the NFL & for some strange reason NCAA College football looks like better athletes, more action & skill than what I witnessed today. I ll pass.",i m sorry i tried the today and i m just not feeling it it is very obvious to me that the talent level is nowhere near the nfl for some strange reason ncaa college football looks like better athletes more action skill than what i witnessed today i ll pass,51,Sports,0.8909285,0.09788382,0.01118765,-0.87974083,0.8909285,Negative
1272042665111162883,2020-06-14,2020,2020-06,"LIVE: Bannon WarRoom - Citizens of the American Republic | NTD {{URL}} via {@YouTube@} The President should see this video, as well as all Americans. President Trump and Sec.Pompeo should start at the 1 hr.44 sec.mark. It is also very important for all. Watch. Rt,rt.","LIVE: Bannon WarRoom - Citizens of the American Republic | NTD http via @user The President should see this video, as well as all Americans. President Trump and Sec.Pompeo should start at the 1 hr.44 sec.mark. It is also very important for all. Watch. Rt,rt.",live bannon warroom citizens of the american republic ntd via the president should see this video as well as all americans president trump and sec pompeo should start at the hr sec mark it is also very important for all watch rt rt,43,News & Social Concern,0.009800368,0.6469286,0.34327108,0.3334707,0.6469286,Neutral
1300070203246616576,2020-08-30,2020,2020-08,"BTS will be performing Spring Day on iHeart to spread their message; The morning will come again. No darkness, no season is eternal . Through these lines they re giving us hope that one day everything will be alright. They chose it to comfort us. #BTS #방탄소년단 {@BTS_twt@}","BTS will be performing Spring Day on iHeart to spread their message; The morning will come again. No darkness, no season is eternal . Through these lines they re giving us hope that one day everything will be alright. They chose it to comfort us. #BTS #방탄소년단 @user",bts will be performing spring day on iheart to spread their message the morning will come again no darkness no season is eternal through these lines they re giving us hope that one day everything will be alright they chose it to comfort us bts,45,Music,0.0031409345,0.082411714,0.91444737,0.91130644,0.91444737,Positive
1426722775826407426,2021-08-15,2021,2021-08,Someone fax Mike Brown and let him know this isn’t the Super Bowl. {@Cincinnati Bengals@},Someone fax Mike Brown and let him know this isn’t the Super Bowl. @user,someone fax mike brown and let him know this isn t the super bowl,14,Sports,0.6864783,0.2915328,0.02198885,-0.66448945,0.6864783,Negative
1297472447508369408,2020-08-23,2020,2020-08,"Shining through the city with a little funk and soul So I ma light it up like dynamite, woah-oh-oh {@SB19 Official@} #SB19 #SB19onWishNotesOfHope","Shining through the city with a little funk and soul So I ma light it up like dynamite, woah-oh-oh @user #SB19 #SB19onWishNotesOfHope",shining through the city with a little funk and soul so i ma light it up like dynamite woah oh oh sb sb onwishnotesofhope,24,Celebrity & Pop Culture|Music,0.0054842546,0.16599256,0.82852316,0.8230389,0.82852316,Positive
1231609033582239744,2020-02-23,2020,2020-02,Fire up Fly high high high-er Fire up Fly high high high-er #RebootX1_2020 Hwangholgyeonge ppajin deusi #BraveForX1 Jeongsini ontong neoppunya Uh hanchameul hemaedeon sungan {{USERNAME}} Beonjjeogin You re like thunder My lightsaber Yeah,Fire up Fly high high high-er Fire up Fly high high high-er #RebootX1_2020 Hwangholgyeonge ppajin deusi #BraveForX1 Jeongsini ontong neoppunya Uh hanchameul hemaedeon sungan @user Beonjjeogin You re like thunder My lightsaber Yeah,fire up fly high high high er fire up fly high high high er rebootx hwangholgyeonge ppajin deusi braveforx jeongsini ontong neoppunya uh hanchameul hemaedeon sungan beonjjeogin you re like thunder my lightsaber yeah,34,Music,0.009723282,0.40687475,0.58340204,0.57367873,0.58340204,Positive
1424369071852818433,2021-08-08,2021,2021-08,"UFC 265: Francis Ngannou, Jon Jones, Conor McGregor react to Ciryl Gane s interim championship win - via {@ESPN@} App {{URL}}","UFC 265: Francis Ngannou, Jon Jones, Conor McGregor react to Ciryl Gane s interim championship win - via @user App http",ufc francis ngannou jon jones conor mcgregor react to ciryl gane s interim championship win via app,17,Sports,0.0050115734,0.9348827,0.06010578,0.055094205,0.9348827,Neutral
1287384780821147649,2020-07-26,2020,2020-07,Come on #avfc we must get a positive result today. We need to establish ourselves as a premier league club again today s game is massive {@Aston Villa@} {@Paul McGrath@},Come on #avfc we must get a positive result today. We need to establish ourselves as a premier league club again today s game is massive @user @user,come on avfc we must get a positive result today we need to establish ourselves as a premier league club again today s game is massive,26,Sports,0.0046188384,0.04660302,0.94877815,0.9441593,0.94877815,Positive
1269656067811749891,2020-06-07,2020,2020-06,Please VOTE on this improvement idea raised for Twitter on {{USERNAME}} . Provide other options to verify the users #Twitter_ProvideOtherVerificationOptions Link {{URL}},Please VOTE on this improvement idea raised for Twitter on @user . Provide other options to verify the users #Twitter_ProvideOtherVerificationOptions Link http,please vote on this improvement idea raised for twitter on provide other options to verify the users twitter provideotherverificationoptions link,20,News & Social Concern,0.013219921,0.47966006,0.5071201,0.49390015,0.5071201,Positive
1277146721651355648,2020-06-28,2020,2020-06,Crossfaith - None of Your Business (feat. Jin Dogg) Official Music Video {{URL}} {@YouTube@} より,Crossfaith - None of Your Business (feat. Jin Dogg) Official Music Video http @user より,crossfaith none of your business feat jin dogg official music video,11,Celebrity & Pop Culture|Film Tv & Video|Music,0.0071514025,0.9181629,0.07468565,0.067534246,0.9181629,Neutral
1223574415570624512,2020-02-01,2020,2020-02,KC CHIEFS TO WIN LETS GO {@Patrick Mahomes II@} BEST THE 49ers AND KYLE,KC CHIEFS TO WIN LETS GO @user BEST THE 49ers AND KYLE,kc chiefs to win lets go best the ers and kyle,11,Sports,0.0023843446,0.040887013,0.95672864,0.9543443,0.95672864,Positive
1414158266901356544,2021-07-11,2021,2021-07,#BTSGreekArmy Permission to Dance is #10 in our yt trends! Let s trend it higher ✌️ #PermissiontoDance100M {@BTS_twt@} {{URL}},#BTSGreekArmy Permission to Dance is #10 in our yt trends! Let s trend it higher ✌️ #PermissiontoDance100M @user http,btsgreekarmy permission to dance is in our yt trends let s trend it higher permissiontodance m,16,Celebrity & Pop Culture|Music,0.0030913663,0.097435616,0.89947295,0.89638156,0.89947295,Positive
1212823969306251264,2020-01-02,2020,2020-01,"Starting My New Year off with Dual Citizenship! AFRICA IM OFFICIAL!! Momma & Kids Too. The Best Gift of the Decade Award goes to {{USERNAME}} ✊ #thebridges @ Libreville, Gabon {{URL}}","Starting My New Year off with Dual Citizenship! AFRICA IM OFFICIAL!! Momma & Kids Too. The Best Gift of the Decade Award goes to @user ✊ #thebridges @ Libreville, Gabon http",starting my new year off with dual citizenship africa im official momma kids too the best gift of the decade award goes to thebridges libreville gabon,26,Diaries & Daily Life|Family,0.0018179719,0.019717123,0.97846484,0.97664684,0.97846484,Positive
1277602621549838336,2020-06-29,2020,2020-06,Festing on the 4th details in Bucktown... {{USERNAME}} {{USERNAME}} #FleursTruly #Podcast #NOLA #Food #Music #Festivals #Fun {{URL}},Festing on the 4th details in Bucktown... @user @user #FleursTruly #Podcast #NOLA #Food #Music #Festivals #Fun http,festing on the th details in bucktown fleurstruly podcast nola food music festivals fun,14,Arts & Culture|Food & Dining|Music|News & Social Concern|Other Hobbies,0.0025159065,0.34937683,0.6481073,0.6455914,0.6481073,Positive
1404165431250898952,2021-06-13,2021,2021-06,"Oh FFS, just realised {@ITV Football@} have got Peter Walton for the Euro s ‍♂️","Oh FFS, just realised @user have got Peter Walton for the Euro s ‍♂️",oh ffs just realised have got peter walton for the euro s,12,Sports,0.3702408,0.54148614,0.08827307,-0.28196773,0.54148614,Neutral
1173263799949889544,2019-09-15,2019,2019-09,Sooooo.. it s {@PROGRESS Wrestling@} #StillChasing.. it s {@Pete Dunne@} vs {{USERNAME}} !!!!! YESSSSSSS,Sooooo.. it s @user #StillChasing.. it s @user vs @user !!!!! YESSSSSSS,sooooo it s stillchasing it s vs yesssssss,8,Sports,0.0017826917,0.059104666,0.93911254,0.9373298,0.93911254,Positive
1211314900657676288,2019-12-29,2019,2019-12,"I don t think Hong Sang-soo is the director of the decade. I m not a fan of Pedro Costa, Tarantino or Scorsese. But {{USERNAME}} s truly internationalist La Internacional Cinéfila is the best poll of critics, programmers, and filmmakers you can find online: {{URL}}","I don t think Hong Sang-soo is the director of the decade. I m not a fan of Pedro Costa, Tarantino or Scorsese. But @user s truly internationalist La Internacional Cinéfila is the best poll of critics, programmers, and filmmakers you can find online: http",i don t think hong sang soo is the director of the decade i m not a fan of pedro costa tarantino or scorsese but s truly internationalist la internacional cin fila is the best poll of critics programmers and filmmakers you can find online,45,Arts & Culture|Film Tv & Video,0.4936776,0.43778566,0.06853676,-0.42514083,0.4936776,Negative
1218977060514934785,2020-01-19,2020,2020-01,Im dumb for thinking that {@Marshall Mathers@} album drop wasnt only going to be decent. its fire,Im dumb for thinking that @user album drop wasnt only going to be decent. its fire,im dumb for thinking that album drop wasnt only going to be decent its fire,15,Arts & Culture|Celebrity & Pop Culture|Diaries & Daily Life|Music,0.30164045,0.2576499,0.44070962,0.13906917,0.44070962,Positive
1323805913078288384,2020-11-04,2020,2020-11,Celebrating dia de muertos day of the dead {{USERNAME}} {{URL}},Celebrating dia de muertos day of the dead @user http,celebrating dia de muertos day of the dead,8,Arts & Culture,0.007899173,0.31263018,0.6794706,0.67157143,0.6794706,Positive
1212553130195476481,2020-01-02,2020,2020-01,Some people ask me why I do some off the stuff I do....I DON’T KNOW!!!! But I do love it. And love doin it with you babe! {{USERNAME}} Happy and Healthy New Year and decade to you and yours!,Some people ask me why I do some off the stuff I do....I DON’T KNOW!!!! But I do love it. And love doin it with you babe! @user Happy and Healthy New Year and decade to you and yours!,some people ask me why i do some off the stuff i do i don t know but i do love it and love doin it with you babe happy and healthy new year and decade to you and yours,40,Diaries & Daily Life|Relationships,0.005293086,0.015991,0.978716,0.97342294,0.978716,Positive
1241845727556521987,2020-03-22,2020,2020-03,. {@NI Executive@} {{USERNAME}} {{USERNAME}} {@Michelle O Neill@} {{USERNAME}} {@DUP@} {@Sinn Fin@} We need all resources available to be directed at testing. Everything else is a waste of time and effort at this stage. #Covid_19,. @user @user @user @user @user @user @user We need all resources available to be directed at testing. Everything else is a waste of time and effort at this stage. #Covid_19,we need all resources available to be directed at testing everything else is a waste of time and effort at this stage covid,23,Fitness & Health|News & Social Concern|Science & Technology,0.40818948,0.54638624,0.045424264,-0.36276522,0.54638624,Neutral
1273488253862191104,2020-06-18,2020,2020-06,"LLEGAMOS A 5 MILLONES I AM HAPPY!!! {@Stray Kids@} Guys thank you so much for the album, I will do my best to give you a win #StrayKids #스트레이키즈 #GO生 #GOLIVE #神메뉴 #GodsMenu #YouMakeStrayKidsStay","LLEGAMOS A 5 MILLONES I AM HAPPY!!! @user Guys thank you so much for the album, I will do my best to give you a win #StrayKids #스트레이키즈 #GO生 #GOLIVE #神메뉴 #GodsMenu #YouMakeStrayKidsStay",llegamos a millones i am happy guys thank you so much for the album i will do my best to give you a win straykids go golive godsmenu youmakestraykidsstay,29,Music,0.0024935773,0.0085823685,0.9889241,0.9864305,0.9889241,Positive
1213910589694717953,2020-01-05,2020,2020-01,"Really looking forward to SAS who dares wins. Loved {@Ant Middleton@} book and Everest tv show, looking forward to reading {@Jason Fox@} next.","Really looking forward to SAS who dares wins. Loved @user book and Everest tv show, looking forward to reading @user next.",really looking forward to sas who dares wins loved book and everest tv show looking forward to reading next,19,Arts & Culture|Film Tv & Video,0.0018421815,0.013551855,0.9846059,0.9827637,0.9846059,Positive
1224027808344621056,2020-02-02,2020,2020-02,So serious question for {{USERNAME}} . When do you plan on stepping down from your position {@Blizzard Entertainment@} . Since your tenure as president you have run the company into the ground so I m just curious. #pcgaming #blizzard,So serious question for @user . When do you plan on stepping down from your position @user . Since your tenure as president you have run the company into the ground so I m just curious. #pcgaming #blizzard,so serious question for when do you plan on stepping down from your position since your tenure as president you have run the company into the ground so i m just curious pcgaming blizzard,34,Gaming|News & Social Concern,0.31915665,0.63341403,0.047429346,-0.2717273,0.63341403,Neutral
1284966718725652480,2020-07-19,2020,2020-07,Watch what happened at 26:15 in {@FOX26 News@} s broadcast: Kanye West holds first Presidential Campaign rally in South Carolina {{URL}},Watch what happened at 26:15 in @user s broadcast: Kanye West holds first Presidential Campaign rally in South Carolina http,watch what happened at in s broadcast kanye west holds first presidential campaign rally in south carolina,17,Celebrity & Pop Culture|News & Social Concern,0.0044475426,0.9531488,0.042403728,0.037956186,0.9531488,Neutral
1340687255103520768,2020-12-20,2020,2020-12,Three competitive semi-final games over the first six years and two of them involved The Ohio State Buckeyes {@Tom Luginbill@} and {@Barrett Sallee@} Ohio State has a better chance to make the semi-final competitive than anyone else in the discussion.,Three competitive semi-final games over the first six years and two of them involved The Ohio State Buckeyes @user and @user Ohio State has a better chance to make the semi-final competitive than anyone else in the discussion.,three competitive semi final games over the first six years and two of them involved the ohio state buckeyes and ohio state has a better chance to make the semi final competitive than anyone else in the discussion,38,Sports,0.006825922,0.20001009,0.79316396,0.78633803,0.79316396,Positive
1256975483247435779,2020-05-03,2020,2020-05,I m going to watch Halftime report Monday just so I can hear {@Scott Wapner@} explain how he realized on the weekend the economy is in bad shape.,I m going to watch Halftime report Monday just so I can hear @user explain how he realized on the weekend the economy is in bad shape.,i m going to watch halftime report monday just so i can hear explain how he realized on the weekend the economy is in bad shape,26,Business & Entrepreneurs|News & Social Concern,0.61249125,0.34320238,0.044306416,-0.56818485,0.61249125,Negative
1310335687401635846,2020-09-27,2020,2020-09,"Dan Quinn%27s Falcons blow another double-digit lead in loss to Nick Foles, Bears {{URL}} via {@Yahoo Sports@}","Dan Quinn%27s Falcons blow another double-digit lead in loss to Nick Foles, Bears http via @user",dan quinn s falcons blow another double digit lead in loss to nick foles bears via,16,Sports,0.37815043,0.60670507,0.015144465,-0.36300597,0.60670507,Neutral
1274673273855508481,2020-06-21,2020,2020-06,"Happy Father’s Day to all the amazing fathers and father figures! • : renaldo0921 / {{USERNAME}} @ Lagos, Nigeria {{URL}}","Happy Father’s Day to all the amazing fathers and father figures! • : renaldo0921 / @user @ Lagos, Nigeria http",happy father s day to all the amazing fathers and father figures renaldo lagos nigeria,15,Family,0.0019273199,0.013328167,0.9847445,0.9828172,0.9847445,Positive
1424398117353533440,2021-08-08,2021,2021-08,The latest The Dawn Bell Journal! {{URL}} Thanks to {@MaRS@} {@STAT@} {{USERNAME}} #biotech #hr,The latest The Dawn Bell Journal! http Thanks to @user @user @user #biotech #hr,the latest the dawn bell journal thanks to biotech hr,10,News & Social Concern,0.0015834774,0.1358778,0.8625387,0.86095524,0.8625387,Positive
1284968138577248258,2020-07-19,2020,2020-07,Worldwide trends follow {{USERNAME}} for insight (Bottom 10) Jovic Hernane Bill Nye Giroud Okan Buruk Javier Aguirre Chris Wallace Erica Henderson FFS NETFLIX RENEW ANNE View Google searches trend insight {{URL}},Worldwide trends follow @user for insight (Bottom 10) Jovic Hernane Bill Nye Giroud Okan Buruk Javier Aguirre Chris Wallace Erica Henderson FFS NETFLIX RENEW ANNE View Google searches trend insight http,worldwide trends follow for insight bottom jovic hernane bill nye giroud okan buruk javier aguirre chris wallace erica henderson ffs netflix renew anne view google searches trend insight,28,Film Tv & Video|Science & Technology,0.007851499,0.9453318,0.046816688,0.038965188,0.9453318,Neutral
1249546467125018625,2020-04-13,2020,2020-04,Drinking whiskey and listening to {@ALISON WONDERLAND@} to end our Easter dinner hell yeah,Drinking whiskey and listening to @user to end our Easter dinner hell yeah,drinking whiskey and listening to to end our easter dinner hell yeah,12,Celebrity & Pop Culture|Food & Dining|Music,0.0023190274,0.074437596,0.9232433,0.92092425,0.9232433,Positive
1239159100547702785,2020-03-15,2020,2020-03,IM CALLING FOR GOVERNOR CUOMO AND MAYOR DIBLASSIO TO IMMEDIATELY SHUT DOWN ALL PUBLIC SCHOOLS TOO PROTECT OUR CHILDREN {@Madina Tour@} {{USERNAME}} {@Mayor Bill de Blasio@} {@NYC Mayor s Office@} {@NYC Mayor s CAU@},IM CALLING FOR GOVERNOR CUOMO AND MAYOR DIBLASSIO TO IMMEDIATELY SHUT DOWN ALL PUBLIC SCHOOLS TOO PROTECT OUR CHILDREN @user @user @user @user @user,im calling for governor cuomo and mayor diblassio to immediately shut down all public schools too protect our children,19,Learning & Educational|News & Social Concern|Youth & Student Life,0.2161686,0.65509665,0.1287348,-0.0874338,0.65509665,Neutral
1264705606952218626,2020-05-24,2020,2020-05,Eid Mubarak to All my Muslim friends and families {{USERNAME}} {{USERNAME}},Eid Mubarak to All my Muslim friends and families @user @user,eid mubarak to all my muslim friends and families,9,Arts & Culture|Diaries & Daily Life|Family|News & Social Concern|Other Hobbies,0.003114312,0.03230859,0.96457714,0.96146286,0.96457714,Positive
1355998428258476033,2021-01-31,2021,2021-01,I can not get enough of {@Jensen McRae@} #Immune is on {@Spotify@} s Chill Singer-Songwriter playlist AND she is the cover? The power #OrchardAmbassador {{URL}},I can not get enough of @user #Immune is on @user s Chill Singer-Songwriter playlist AND she is the cover? The power #OrchardAmbassador http,i can not get enough of immune is on s chill singer songwriter playlist and she is the cover the power orchardambassador,22,Celebrity & Pop Culture|Music,0.003600783,0.0151777,0.9812215,0.9776207,0.9812215,Positive
1302571104108711938,2020-09-06,2020,2020-09,#repost {@Shantel VanSanten@} ・・・ 107 degrees before noon?!?!? Labor day weekend plans are to live in my pool this weekend!! #CanISleepFloatingInThePool #WrinklyFingers {{URL}},#repost @user ・・・ 107 degrees before noon?!?!? Labor day weekend plans are to live in my pool this weekend!! #CanISleepFloatingInThePool #WrinklyFingers http,repost degrees before noon labor day weekend plans are to live in my pool this weekend canisleepfloatinginthepool wrinklyfingers,18,Diaries & Daily Life|News & Social Concern|Other Hobbies,0.07534672,0.6396319,0.28502136,0.20967464,0.6396319,Neutral
1295112729079033856,2020-08-16,2020,2020-08,Those dummies from {{USERNAME}} are calling playoffs game 1 on {{USERNAME}} Monday night!! Download the app free with code CLIPCAST and watch the live broadcast along with us!! #nba #clippernation #mavs laclippers… {{URL}},Those dummies from @user are calling playoffs game 1 on @user Monday night!! Download the app free with code CLIPCAST and watch the live broadcast along with us!! #nba #clippernation #mavs laclippers… http,those dummies from are calling playoffs game on monday night download the app free with code clipcast and watch the live broadcast along with us nba clippernation mavs laclippers,29,Gaming|Sports,0.5565688,0.37586445,0.06756681,-0.489002,0.5565688,Negative
1212552108924395521,2020-01-02,2020,2020-01,"(1) Okay, so {{USERNAME}} tasked me to come up with a top 10 list for movies of the decade. It s hard. So, I designed a protocol. 2009-2019 scroll through each year on #Letterboxd and find my favorite(s). Most years I have a tie, thanks to the duality of my brain.","(1) Okay, so @user tasked me to come up with a top 10 list for movies of the decade. It s hard. So, I designed a protocol. 2009-2019 scroll through each year on #Letterboxd and find my favorite(s). Most years I have a tie, thanks to the duality of my brain.",okay so tasked me to come up with a top list for movies of the decade it s hard so i designed a protocol scroll through each year on letterboxd and find my favorite s most years i have a tie thanks to the duality of my brain,48,Film Tv & Video,0.02874251,0.6305684,0.34068906,0.31194654,0.6305684,Neutral
1312874192237465602,2020-10-04,2020,2020-10,Briggs AP vote: How long can Iowa State keep Matt Campbell? {{URL}} via {@The Blade@},Briggs AP vote: How long can Iowa State keep Matt Campbell? http via @user,briggs ap vote how long can iowa state keep matt campbell via,12,Sports,0.0071166987,0.97331095,0.019572342,0.012455643,0.97331095,Neutral
1278477988082978816,2020-07-01,2020,2020-07,Anyone who needs inspiration and motivation in this stressful situation.. Here listen to {@BTS_twt@} RM’s Positive Affirmations to Love Yourself. We know sometimes losing our hopes but if we keep faithful and work hard.. we can be happy in the future {{URL}},Anyone who needs inspiration and motivation in this stressful situation.. Here listen to @user RM’s Positive Affirmations to Love Yourself. We know sometimes losing our hopes but if we keep faithful and work hard.. we can be happy in the future http,anyone who needs inspiration and motivation in this stressful situation here listen to rm s positive affirmations to love yourself we know sometimes losing our hopes but if we keep faithful and work hard we can be happy in the future,41,Fitness & Health,0.011661904,0.16229053,0.82604754,0.81438565,0.82604754,Positive
1343193716316639232,2020-12-27,2020,2020-12,Ugh I m so happy. On Friday I had lunch with my co-makoti and the men topped up our alcohol and it turned into a girls night in. Last night my newly found sister {{USERNAME}} came through and takanamwa zviri correct and she made these pork chops. My weekend has been great.,Ugh I m so happy. On Friday I had lunch with my co-makoti and the men topped up our alcohol and it turned into a girls night in. Last night my newly found sister @user came through and takanamwa zviri correct and she made these pork chops. My weekend has been great.,ugh i m so happy on friday i had lunch with my co makoti and the men topped up our alcohol and it turned into a girls night in last night my newly found sister came through and takanamwa zviri correct and she made these pork chops my weekend has been great,52,Diaries & Daily Life|Food & Dining,0.002270626,0.013812436,0.98391694,0.9816463,0.98391694,Positive
1427023837124780041,2021-08-15,2021,2021-08,Open {@Spotify@} And check out this brilliant ( New Album Golden Repair. By > Sunstack Jones ( {{USERNAME}} European music group. 10 fantastic songs! {{URL}},Open @user And check out this brilliant ( New Album Golden Repair. By > Sunstack Jones ( @user European music group. 10 fantastic songs! http,open and check out this brilliant new album golden repair by sunstack jones european music group fantastic songs,18,Music,0.0015673775,0.020235028,0.97819763,0.9766303,0.97819763,Positive
1188304077819658246,2019-10-27,2019,2019-10,"Pre-save my new album Moments in Times of D&#39;nairo, Vol. 1 on Spotify: {{URL}} (powered by {@DistroKid@} )","Pre-save my new album Moments in Times of D&#39;nairo, Vol. 1 on Spotify: http (powered by @user )",pre save my new album moments in times of d nairo vol on spotify powered by,16,Music,0.0034865332,0.73624665,0.26026678,0.25678024,0.73624665,Neutral
1226396360737542145,2020-02-09,2020,2020-02,"Shoutout to {@Ron Rivera@} for breaking barriers, hiring the first African American Female full-time coach in the NFL Jennifer King","Shoutout to @user for breaking barriers, hiring the first African American Female full-time coach in the NFL Jennifer King",shoutout to for breaking barriers hiring the first african american female full time coach in the nfl jennifer king,19,News & Social Concern|Sports,0.0030124113,0.0693026,0.92768496,0.92467254,0.92768496,Positive
1212884225252184064,2020-01-02,2020,2020-01,"While revelers rang in the New Year, parents Megan and George celebrated the birth of their son Charlie at CPMC. {@KRON4 News@} shares more on the 1st #SanFrancisco baby born of the decade. {{URL}} #HappyNewYear #newborns #TeamSutter {{URL}}","While revelers rang in the New Year, parents Megan and George celebrated the birth of their son Charlie at CPMC. @user shares more on the 1st #SanFrancisco baby born of the decade. http #HappyNewYear #newborns #TeamSutter http",while revelers rang in the new year parents megan and george celebrated the birth of their son charlie at cpmc shares more on the st sanfrancisco baby born of the decade happynewyear newborns teamsutter,34,Diaries & Daily Life|Family,0.0010979,0.029962989,0.9689391,0.9678412,0.9689391,Positive
1173324900003733504,2019-09-15,2019,2019-09,Lightweight fights that {@UFC@} need to make after #UFCVancouver {@The Diamond@} vs {@Cowboy Cerrone@} {@Conor McGregor@} vs {@Justin Gaethje@} {@khabib nurmagomedov@} vs {@Tony Ferguson@},Lightweight fights that @user need to make after #UFCVancouver @user vs @user @user vs @user @user vs @user,lightweight fights that need to make after ufcvancouver vs vs vs,11,Sports,0.0077386857,0.9259169,0.06634437,0.058605686,0.9259169,Neutral
1271888300727394304,2020-06-13,2020,2020-06,I can’t thank everybody who watched and donated at “Hey Girl w/Matt & Kyle” w/ {@Sam Jay@} last night enough. We raised close to $700 for homeless black trans women & we love you for it. Here’s the link to give if you missed it: {{URL}},I can’t thank everybody who watched and donated at “Hey Girl w/Matt & Kyle” w/ @user last night enough. We raised close to $700 for homeless black trans women & we love you for it. Here’s the link to give if you missed it: http,i can t thank everybody who watched and donated at hey girl w matt kyle w last night enough we raised close to for homeless black trans women we love you for it here s the link to give if you missed it,43,News & Social Concern,0.0031131802,0.01939944,0.9774874,0.97437423,0.9774874,Positive
1273706448137134089,2020-06-18,2020,2020-06,"I got You don t have a close friend! I know! I just got acquaintances these days cuz all my time are spent on me and my family, work and school. How Many Close Friends Do You Have? {{URL}} #zikokoquiz via {@Zikoko@}","I got You don t have a close friend! I know! I just got acquaintances these days cuz all my time are spent on me and my family, work and school. How Many Close Friends Do You Have? http #zikokoquiz via @user",i got you don t have a close friend i know i just got acquaintances these days cuz all my time are spent on me and my family work and school how many close friends do you have zikokoquiz via,40,Relationships,0.24518329,0.6309855,0.12383122,-0.12135207,0.6309855,Neutral
1212701888011001857,2020-01-02,2020,2020-01,I reviewed the great new album from {{USERNAME}} - an artist I ve followed with interest since she first popped up on {{USERNAME}} many moons ago. This album was also an education on the pioneering pilot Bessie Coleman - a truly inspirational tale. {{URL}},I reviewed the great new album from @user - an artist I ve followed with interest since she first popped up on @user many moons ago. This album was also an education on the pioneering pilot Bessie Coleman - a truly inspirational tale. http,i reviewed the great new album from an artist i ve followed with interest since she first popped up on many moons ago this album was also an education on the pioneering pilot bessie coleman a truly inspirational tale,39,Diaries & Daily Life|Learning & Educational|Music,0.0019844177,0.012527633,0.9854879,0.98350346,0.9854879,Positive
1226376969022930944,2020-02-09,2020,2020-02,I love how the XFL let’s you wear those dowpe visors {{USERNAME}},I love how the XFL let’s you wear those dowpe visors @user,i love how the xfl let s you wear those dowpe visors,12,Fashion & Style|Sports,0.0052932464,0.04487543,0.9498313,0.94453806,0.9498313,Positive
1343012699312185346,2020-12-27,2020,2020-12,Horror Short Film Other Side of the Box | ALTER {{URL}} via {@YouTube@} #SSS #coryxkenshin i watched this at night and it gave me nightmares,Horror Short Film Other Side of the Box | ALTER http via @user #SSS #coryxkenshin i watched this at night and it gave me nightmares,horror short film other side of the box alter via sss coryxkenshin i watched this at night and it gave me nightmares,22,Film Tv & Video,0.4326021,0.52842486,0.038973022,-0.39362907,0.52842486,Neutral
1203606666630987777,2019-12-08,2019,2019-12,eat well. rest well. #StrayKidsComeback {@Stray Kids@},eat well. rest well. #StrayKidsComeback @user,eat well rest well straykidscomeback,5,Celebrity & Pop Culture|Music|News & Social Concern,0.0033210854,0.14937364,0.8473053,0.8439842,0.8473053,Positive
1223845462861463552,2020-02-02,2020,2020-02,"{{USERNAME}} most hilarious part of the show was that Kejriwal is giving freebies from the amount he collected after he totally stopped corruption from Delhi. Really ????? This is so absurd, how smartly he makes fool of the people #AapKiAdalat Rgds Newsshakes","@user most hilarious part of the show was that Kejriwal is giving freebies from the amount he collected after he totally stopped corruption from Delhi. Really ????? This is so absurd, how smartly he makes fool of the people #AapKiAdalat Rgds Newsshakes",most hilarious part of the show was that kejriwal is giving freebies from the amount he collected after he totally stopped corruption from delhi really this is so absurd how smartly he makes fool of the people aapkiadalat rgds newsshakes,40,News & Social Concern,0.69363666,0.23867133,0.06769196,-0.6259447,0.69363666,Negative
1297472606103384064,2020-08-23,2020,2020-08,Birikwalira says that Vipers president is surrounded by treacherous people. He adds that he will not miss the club despite bring there for five years. He advised the club to always respect the long-serving players Like - {{USERNAME}} {{URL}},Birikwalira says that Vipers president is surrounded by treacherous people. He adds that he will not miss the club despite bring there for five years. He advised the club to always respect the long-serving players Like - @user http,birikwalira says that vipers president is surrounded by treacherous people he adds that he will not miss the club despite bring there for five years he advised the club to always respect the long serving players like,37,News & Social Concern|Sports,0.16516441,0.68856585,0.14626971,-0.018894702,0.68856585,Neutral
1409148017660268549,2021-06-27,2021,2021-06,Checkout Kayode ft Zlatan - Heavy Duty (Official Music Video) {{URL}} via {@YouTube@} #HeavyDutyChallenge,Checkout Kayode ft Zlatan - Heavy Duty (Official Music Video) http via @user #HeavyDutyChallenge,checkout kayode ft zlatan heavy duty official music video via heavydutychallenge,11,Film Tv & Video|Music,0.003381253,0.83732724,0.15929155,0.1559103,0.83732724,Neutral
1297594025395081216,2020-08-23,2020,2020-08,"Stunned CHEQUEBOOK Fraud Manager Pep Fraudiola Did Not Say A WORD To His Players After City Crashed Out The Champions League Against Lyon & Didn t Even Go In The Dressing Room After The Match, Reveals Oleksandr Zinchenko {{URL}} via {@MailOnline Sport@}","Stunned CHEQUEBOOK Fraud Manager Pep Fraudiola Did Not Say A WORD To His Players After City Crashed Out The Champions League Against Lyon & Didn t Even Go In The Dressing Room After The Match, Reveals Oleksandr Zinchenko http via @user",stunned chequebook fraud manager pep fraudiola did not say a word to his players after city crashed out the champions league against lyon didn t even go in the dressing room after the match reveals oleksandr zinchenko via,38,Sports,0.8178008,0.17516185,0.007037422,-0.8107634,0.8178008,Negative
1213850545024327681,2020-01-05,2020,2020-01,Storm Over Asia: 20 Years Later {{USERNAME}} {{URL}},Storm Over Asia: 20 Years Later @user http,storm over asia years later,5,News & Social Concern|Sports,0.01922139,0.94709533,0.03368329,0.014461899,0.94709533,Neutral
1224119309645090818,2020-02-02,2020,2020-02,Everyone check out my boys {{USERNAME}} & {{USERNAME}} these guys are gonna be huge! #nextbigthings {@WWE NXT@},Everyone check out my boys @user & @user these guys are gonna be huge! #nextbigthings @user,everyone check out my boys these guys are gonna be huge nextbigthings,12,Sports,0.0018730772,0.012225197,0.9859017,0.98402864,0.9859017,Positive
1249726021810741251,2020-04-13,2020,2020-04,Seems like an appropriate time to rewatch Jesus Christ Superstar. Had almost forgotten how awesome (and buff!) {@Tim Minchin@} was in this!,Seems like an appropriate time to rewatch Jesus Christ Superstar. Had almost forgotten how awesome (and buff!) @user was in this!,seems like an appropriate time to rewatch jesus christ superstar had almost forgotten how awesome and buff was in this,20,Celebrity & Pop Culture|Film Tv & Video,0.002674445,0.017977796,0.97934777,0.9766733,0.97934777,Positive
1277359556386066433,2020-06-28,2020,2020-06,Another week in the books. So close to racing now and so close to #F1TenInTen ending :( This week I am joined by {{USERNAME}} & {{USERNAME}} for our final two team previews! + a special bonus episode! Catch up on Eps 1-8 here: {@Formula 1@} TeninTen Series 1 {{URL}},Another week in the books. So close to racing now and so close to #F1TenInTen ending :( This week I am joined by @user & @user for our final two team previews! + a special bonus episode! Catch up on Eps 1-8 here: @user TeninTen Series 1 http,another week in the books so close to racing now and so close to f teninten ending this week i am joined by for our final two team previews a special bonus episode catch up on eps here teninten series,40,Celebrity & Pop Culture|Film Tv & Video|Sports,0.15361312,0.423533,0.42285386,0.26924074,0.423533,Neutral
1261894802225999872,2020-05-17,2020,2020-05,Animated Atrocities || Bart vs. Itchy and Scratchy [The Simpsons] {{URL}} via {@YouTube@} Wow the Simpsons has really... yeesh.,Animated Atrocities || Bart vs. Itchy and Scratchy [The Simpsons] http via @user Wow the Simpsons has really... yeesh.,animated atrocities bart vs itchy and scratchy the simpsons via wow the simpsons has really yeesh,16,Film Tv & Video,0.2586604,0.43786308,0.3034765,0.044816107,0.43786308,Neutral
1189330533735641088,2019-10-29,2019,2019-10,"A backup generator is working to keep data information stored safe during the power outage, as {@Illinois State@} ’s Julian Hall is expected to continue repairs through Thursday: {{URL}}","A backup generator is working to keep data information stored safe during the power outage, as @user ’s Julian Hall is expected to continue repairs through Thursday: http",a backup generator is working to keep data information stored safe during the power outage as s julian hall is expected to continue repairs through thursday,26,News & Social Concern|Youth & Student Life,0.013965285,0.8849456,0.101089165,0.08712388,0.8849456,Neutral
1398876654332649473,2021-05-30,2021,2021-05,B.I 비아이 - [WATERFALL] PRODUCTION PROCESS FILM {{URL}} via {@YouTube@} awwwww my hanbin really work hard for this❤️ what a talented boy so proud of youuu babbyyyy {@shxx131bi131@},B.I 비아이 - [WATERFALL] PRODUCTION PROCESS FILM http via @user awwwww my hanbin really work hard for this❤️ what a talented boy so proud of youuu babbyyyy @user,b i waterfall production process film via awwwww my hanbin really work hard for this what a talented boy so proud of youuu babbyyyy,24,Film Tv & Video,0.002182645,0.01822891,0.9795885,0.97740585,0.9795885,Positive
1274671369985368065,2020-06-21,2020,2020-06,"Happy Father’s Day to all of the amazing fathers that are apart of this extended family. Huge shout out to the three fathers that sacrifice so much to be apart of this team on a daily basis. Coach wood, coach lightfoot, {{USERNAME}} HAPPY FATHERS DAY!!","Happy Father’s Day to all of the amazing fathers that are apart of this extended family. Huge shout out to the three fathers that sacrifice so much to be apart of this team on a daily basis. Coach wood, coach lightfoot, @user HAPPY FATHERS DAY!!",happy father s day to all of the amazing fathers that are apart of this extended family huge shout out to the three fathers that sacrifice so much to be apart of this team on a daily basis coach wood coach lightfoot happy fathers day,45,Diaries & Daily Life|Family,0.0031749934,0.008801525,0.9880234,0.9848484,0.9880234,Positive
1249270562695741440,2020-04-12,2020,2020-04,Home quarantine is not the only solution! To prevent the healthy population of being infected we have to completely disconnect the connection between the district boundaries of our country. {@Narendra Modi@},Home quarantine is not the only solution! To prevent the healthy population of being infected we have to completely disconnect the connection between the district boundaries of our country. @user,home quarantine is not the only solution to prevent the healthy population of being infected we have to completely disconnect the connection between the district boundaries of our country,29,Fitness & Health|News & Social Concern,0.671085,0.31137857,0.017536493,-0.6535485,0.671085,Negative
1412198716811923458,2021-07-05,2021,2021-07,Adventures with Brittany and {{USERNAME}} : “THIS HAND SANITIZER SMELLS LIKE STRAIGHT TEQUILA.” “Pretty sure it is tequila.”,Adventures with Brittany and @user : “THIS HAND SANITIZER SMELLS LIKE STRAIGHT TEQUILA.” “Pretty sure it is tequila.”,adventures with brittany and this hand sanitizer smells like straight tequila pretty sure it is tequila,16,Diaries & Daily Life,0.17421713,0.6691226,0.15666024,-0.01755689,0.6691226,Neutral
1198524609756385281,2019-11-24,2019,2019-11,"Harry Styles carpool 2 is gonna be airpool, streetpool?! Im kinda into it James {@The Late Late Show with James Corden@} ✌️","Harry Styles carpool 2 is gonna be airpool, streetpool?! Im kinda into it James @user ✌️",harry styles carpool is gonna be airpool streetpool im kinda into it james,13,Celebrity & Pop Culture,0.0023641773,0.07855763,0.91907823,0.9167141,0.91907823,Positive
1203628100535422976,2019-12-08,2019,2019-12,Anthony Joshua said life is a rollercoaster {@Ronan Keating@} what you saying? #copyright,Anthony Joshua said life is a rollercoaster @user what you saying? #copyright,anthony joshua said life is a rollercoaster what you saying copyright,11,Celebrity & Pop Culture|Sports,0.06172498,0.8046859,0.13358916,0.07186419,0.8046859,Neutral
1211254523420786689,2019-12-29,2019,2019-12,#joeroot on the way to be added in the team of the decade. #SAvsENG {@Cricbuzz@},#joeroot on the way to be added in the team of the decade. #SAvsENG @user,joeroot on the way to be added in the team of the decade savseng,14,Sports,0.0048857783,0.52937955,0.4657347,0.4608489,0.52937955,Neutral
1335674106906284034,2020-12-06,2020,2020-12,I like how me and {{USERNAME}} don t chat during the weekend out chats resume on Monday. You can tell she really is my boss,I like how me and @user don t chat during the weekend out chats resume on Monday. You can tell she really is my boss,i like how me and don t chat during the weekend out chats resume on monday you can tell she really is my boss,24,Business & Entrepreneurs|Relationships,0.021987028,0.16614297,0.81187004,0.789883,0.81187004,Positive
1294960754563723265,2020-08-16,2020,2020-08,"Halfway into the ride and remarkably I m now slightly up on schedule ‍♂️ I m doing a 30 mile circuit. Really enjoying the tailwind out but it s quite a headwind on the way back Never mind, only 4 laps to go #Training for the #3DaysNC500 in support of {{USERNAME}}","Halfway into the ride and remarkably I m now slightly up on schedule ‍♂️ I m doing a 30 mile circuit. Really enjoying the tailwind out but it s quite a headwind on the way back Never mind, only 4 laps to go #Training for the #3DaysNC500 in support of @user",halfway into the ride and remarkably i m now slightly up on schedule i m doing a mile circuit really enjoying the tailwind out but it s quite a headwind on the way back never mind only laps to go training for the daysnc in support of,47,Fitness & Health|Sports,0.007918221,0.15908813,0.8329937,0.82507545,0.8329937,Positive
1231696225801555968,2020-02-23,2020,2020-02,I thought {{USERNAME}} saying was everyone ELSE is trash? Man this Split isn’t looking good ): #teamliquid #League_of_Legends,I thought @user saying was everyone ELSE is trash? Man this Split isn’t looking good ): #teamliquid #League_of_Legends,i thought saying was everyone else is trash man this split isn t looking good teamliquid league of legends,19,Gaming,0.95325243,0.042176083,0.004571461,-0.948681,0.95325243,Negative
1307648680162402304,2020-09-20,2020,2020-09,U13 track and field group back in this morning also nice to have Kobey popping in with his dad to get an extra bit of work in! ⚽️ {{USERNAME}} {@South Shields FC@} {{URL}},U13 track and field group back in this morning also nice to have Kobey popping in with his dad to get an extra bit of work in! ⚽️ @user @user http,u track and field group back in this morning also nice to have kobey popping in with his dad to get an extra bit of work in,27,Sports,0.0015986844,0.05063781,0.94776344,0.9461648,0.94776344,Positive
1193490430790393856,2019-11-10,2019,2019-11,"Seriously {@Sky News@} , I m watching the service of rememberance and your voice over guy decides now might be a good time to mention the upcoming GE? REALLY? Couldn t just let the service be shown so we can all remember those lives lost","Seriously @user , I m watching the service of rememberance and your voice over guy decides now might be a good time to mention the upcoming GE? REALLY? Couldn t just let the service be shown so we can all remember those lives lost",seriously i m watching the service of rememberance and your voice over guy decides now might be a good time to mention the upcoming ge really couldn t just let the service be shown so we can all remember those lives lost,42,Film Tv & Video|News & Social Concern,0.8512914,0.13851474,0.010193902,-0.84109753,0.8512914,Negative
1269626429152641029,2020-06-07,2020,2020-06,"Jubilee under strict instructions from Uhuru is behind the expected Duale s exit from the office of LM. To avoid backlash from NE community, Uhuru couldn t axe Duale {{USERNAME}} and {@KIPCHUMBA MURKOMEN E G H@} way! Kanini Kega has instructions which {{USERNAME}} {@Irungu Kang ata@} are aware of!","Jubilee under strict instructions from Uhuru is behind the expected Duale s exit from the office of LM. To avoid backlash from NE community, Uhuru couldn t axe Duale @user and @user way! Kanini Kega has instructions which @user @user are aware of!",jubilee under strict instructions from uhuru is behind the expected duale s exit from the office of lm to avoid backlash from ne community uhuru couldn t axe duale and way kanini kega has instructions which are aware of,39,News & Social Concern,0.21499196,0.7506079,0.034400158,-0.18059179,0.7506079,Neutral
1414220405578125316,2021-07-11,2021,2021-07,"The Sound Of Silence by Wuauquikuna | Panflute | Toyos | {{URL}} via {@YouTube@} Cut 4, Indian Woodwind of a Classic. {{USERNAME}} {{USERNAME}} {{USERNAME}} {{USERNAME}} {{USERNAME}} {{USERNAME}} {{USERNAME}} {{USERNAME}} {{USERNAME}} {{USERNAME}}","The Sound Of Silence by Wuauquikuna | Panflute | Toyos | http via @user Cut 4, Indian Woodwind of a Classic. @user @user @user @user @user @user @user @user @user @user",the sound of silence by wuauquikuna panflute toyos via cut indian woodwind of a classic,15,Film Tv & Video|Music,0.0058152396,0.8961158,0.09806903,0.09225379,0.8961158,Neutral
1176857910300815360,2019-09-25,2019,2019-09,Desertification and the role of climate change {{URL}} #itstimetochange #ClimateChange join {{USERNAME}},Desertification and the role of climate change http #itstimetochange #ClimateChange join @user,desertification and the role of climate change itstimetochange climatechange join,10,News & Social Concern|Science & Technology,0.032451656,0.9191754,0.048372906,0.01592125,0.9191754,Neutral
1239129090776600576,2020-03-15,2020,2020-03,A kingdom service worker is a defender of the kingdom of God. He puts his life on the line to defend the kingdom. He is like the armour bearer. #TheChurchWorker #WBASundayService {{USERNAME}},A kingdom service worker is a defender of the kingdom of God. He puts his life on the line to defend the kingdom. He is like the armour bearer. #TheChurchWorker #WBASundayService @user,a kingdom service worker is a defender of the kingdom of god he puts his life on the line to defend the kingdom he is like the armour bearer thechurchworker wbasundayservice,31,Other Hobbies,0.010121249,0.31083336,0.6790454,0.66892415,0.6790454,Positive
1297292066112905217,2020-08-22,2020,2020-08,Two hurricanes are expected to enter the Gulf of Mexico early next week. Here’s {@Trevor Birchett@} with the latest on what we can expect. We’ll really need to watch #Marco and #Laura closely & stay weather aware. #mswx #alwx #WCBI {{URL}},Two hurricanes are expected to enter the Gulf of Mexico early next week. Here’s @user with the latest on what we can expect. We’ll really need to watch #Marco and #Laura closely & stay weather aware. #mswx #alwx #WCBI http,two hurricanes are expected to enter the gulf of mexico early next week here s with the latest on what we can expect we ll really need to watch marco and laura closely stay weather aware mswx alwx wcbi,39,News & Social Concern,0.09895438,0.85694927,0.044096343,-0.054858036,0.85694927,Neutral
1218739684106559489,2020-01-19,2020,2020-01,"First UFC fight, {@Anthony Pettis@} submitted. Did he train enough? Did not look like it. Not his norm.","First UFC fight, @user submitted. Did he train enough? Did not look like it. Not his norm.",first ufc fight submitted did he train enough did not look like it not his norm,16,Sports,0.75830925,0.23099838,0.010692385,-0.7476169,0.75830925,Negative
1388975243876728832,2021-05-02,2021,2021-05,Anpanman anime music video. I love it! Thank you {{USERNAME}} ! {{URL}},Anpanman anime music video. I love it! Thank you @user ! http,anpanman anime music video i love it thank you,9,Music,0.0026178597,0.0064965338,0.9908857,0.98826784,0.9908857,Positive
1353159305470459904,2021-01-24,2021,2021-01,di pa rin masyado nag ssink in sakin na James will release a new song BUT I M SOOOO EXCITED!! Congratulations {{USERNAME}} ! 5DaysTo SODA Release #JamesReidSODA,di pa rin masyado nag ssink in sakin na James will release a new song BUT I M SOOOO EXCITED!! Congratulations @user ! 5DaysTo SODA Release #JamesReidSODA,di pa rin masyado nag ssink in sakin na james will release a new song but i m soooo excited congratulations daysto soda release jamesreidsoda,25,Music,0.001345228,0.012384063,0.98627067,0.98492545,0.98627067,Positive
1368514089153073153,2021-03-07,2021,2021-03,"You can t change the direction of the wind, but you can adjust your sails to always reach your destination. —Jimmy Dean via {{USERNAME}}","You can t change the direction of the wind, but you can adjust your sails to always reach your destination. —Jimmy Dean via @user",you can t change the direction of the wind but you can adjust your sails to always reach your destination jimmy dean via,23,Arts & Culture,0.011171078,0.58340555,0.40542337,0.3942523,0.58340555,Neutral
1199319273669304322,2019-11-26,2019,2019-11,Listen to {@Aly Fila@} new album It s All About The Melody ❤ #FSOE #TranceFamily #Trance {{URL}},Listen to @user new album It s All About The Melody ❤ #FSOE #TranceFamily #Trance http,listen to new album it s all about the melody fsoe trancefamily trance,13,Music,0.00160076,0.13442767,0.8639716,0.86237085,0.8639716,Positive
1193557019325714432,2019-11-10,2019,2019-11,"Remember on this #VeteransDayWeekend, that FIVE additional (& honorable) people were drafted to serve in Vietnam because of {{USERNAME}} ’s continual draft dodging. If that doesn’t make you want to sincerely thank a Vet, I don’t know what will. Thank you to all who served!","Remember on this #VeteransDayWeekend, that FIVE additional (& honorable) people were drafted to serve in Vietnam because of @user ’s continual draft dodging. If that doesn’t make you want to sincerely thank a Vet, I don’t know what will. Thank you to all who served!",remember on this veteransdayweekend that five additional honorable people were drafted to serve in vietnam because of s continual draft dodging if that doesn t make you want to sincerely thank a vet i don t know what will thank you to all who served,45,News & Social Concern,0.27079356,0.35611057,0.37309587,0.10230231,0.37309587,Positive
1236713273262653440,2020-03-08,2020,2020-03,Sunday Fun day!!!! ⏰ Remember it s Spring Forward!! Today in the schedule ✔ 1:45pm Samba with sablewoods ✔ 3:00pm Tango with Monica ✔ 6:00pm Kizomba {{USERNAME}} Let s dance #springforward #sundayday #samba… {{URL}},Sunday Fun day!!!! ⏰ Remember it s Spring Forward!! Today in the schedule ✔ 1:45pm Samba with sablewoods ✔ 3:00pm Tango with Monica ✔ 6:00pm Kizomba @user Let s dance #springforward #sundayday #samba… http,sunday fun day remember it s spring forward today in the schedule pm samba with sablewoods pm tango with monica pm kizomba let s dance springforward sundayday samba,28,Diaries & Daily Life|News & Social Concern,0.0010271901,0.034804918,0.9641679,0.9631407,0.9641679,Positive
1350653967315865602,2021-01-17,2021,2021-01,penalty or not {@Club Amrica EN@} need to improve in the second half. Leo Suarez is having a hard time in that position. THey either need to play him closer to the sideline or sub him for Gio #LigaMX,penalty or not @user need to improve in the second half. Leo Suarez is having a hard time in that position. THey either need to play him closer to the sideline or sub him for Gio #LigaMX,penalty or not need to improve in the second half leo suarez is having a hard time in that position they either need to play him closer to the sideline or sub him for gio ligamx,36,Sports,0.5407164,0.43298835,0.026295263,-0.51442116,0.5407164,Negative
1250474565068881920,2020-04-15,2020,2020-04,"The 95-year-old president of the Church of Jesus Christ of Latter-day Saints is a throwback to its 19th century roots, writes {{USERNAME}} {{URL}} via {@The Wall Street Journal@}","The 95-year-old president of the Church of Jesus Christ of Latter-day Saints is a throwback to its 19th century roots, writes @user http via @user",the year old president of the church of jesus christ of latter day saints is a throwback to its th century roots writes via,24,News & Social Concern,0.0044213613,0.8339427,0.16163595,0.15721458,0.8339427,Neutral
1284785647689928704,2020-07-19,2020,2020-07,"1/ {@Dr Abdul El Sayed@} - “In most circumstances, public health professionals are trained to just interpret the science, and develop a message that is true to the science. Because we take it for granted that politicians are going to do what’s right based on that science.","1/ @user - “In most circumstances, public health professionals are trained to just interpret the science, and develop a message that is true to the science. Because we take it for granted that politicians are going to do what’s right based on that science.",in most circumstances public health professionals are trained to just interpret the science and develop a message that is true to the science because we take it for granted that politicians are going to do what s right based on that science,42,News & Social Concern|Science & Technology,0.13765493,0.76723516,0.095109865,-0.042545065,0.76723516,Neutral
1176102110603223040,2019-09-23,2019,2019-09,"Join us LIVE from day 2 of #LAB19 with {@SERA Labour s Environment Campaign@} for their Uplands, National Parks & Climate Change: Supporting Nature for the Many fringe event featuring {@Daniel Zeichner@} {{USERNAME}} {@Hilary Benn@} {{USERNAME}} {@RSPB@} {{URL}}","Join us LIVE from day 2 of #LAB19 with @user for their Uplands, National Parks & Climate Change: Supporting Nature for the Many fringe event featuring @user @user @user @user @user http",join us live from day of lab with for their uplands national parks climate change supporting nature for the many fringe event featuring,23,Film Tv & Video|News & Social Concern,0.0028749711,0.47367245,0.5234526,0.5205776,0.5234526,Positive
1369102913906368524,2021-03-09,2021,2021-03,A social media trend has people identifying as super straight. The transphobic campaign was meant to divide LGBTQ+ people. {{URL}} via {@Yahoo@},A social media trend has people identifying as super straight. The transphobic campaign was meant to divide LGBTQ+ people. http via @user,a social media trend has people identifying as super straight the transphobic campaign was meant to divide lgbtq people via,20,Diaries & Daily Life|News & Social Concern,0.7778687,0.21389829,0.00823308,-0.7696356,0.7778687,Negative
1170697740332019712,2019-09-08,2019,2019-09,"T-33 days until #saveagainstfear2019 One of the sessions {{USERNAME}} ran at SAFe was #deadlands I joined in like usual, and was in a party with two of the people in his home game. We dealt with a train heist, and it was a blast. I was then invited to join their home game!","T-33 days until #saveagainstfear2019 One of the sessions @user ran at SAFe was #deadlands I joined in like usual, and was in a party with two of the people in his home game. We dealt with a train heist, and it was a blast. I was then invited to join their home game!",t days until saveagainstfear one of the sessions ran at safe was deadlands i joined in like usual and was in a party with two of the people in his home game we dealt with a train heist and it was a blast i was then invited to join their home game,52,Gaming|Sports,0.0024802776,0.18619227,0.8113275,0.80884725,0.8113275,Positive
1414373385421922305,2021-07-11,2021,2021-07,BTS (방탄소년단) Permission to Dance Official MV {{URL}} a través de youtube {@BTS_twt@},BTS (방탄소년단) Permission to Dance Official MV http a través de youtube @user,bts permission to dance official mv a trav s de youtube,11,Music|News & Social Concern,0.00465869,0.7331582,0.2621832,0.2575245,0.7331582,Neutral
1177311869545136128,2019-09-26,2019,2019-09,Standin there with the red dress on you ✨ Dress: {@FashionNova@} #fashionnova #novababe #jobros #highheelsreddress #year3000 @ Houston Toyota Center {{URL}},Standin there with the red dress on you ✨ Dress: @user #fashionnova #novababe #jobros #highheelsreddress #year3000 @ Houston Toyota Center http,standin there with the red dress on you dress fashionnova novababe jobros highheelsreddress year houston toyota center,17,Celebrity & Pop Culture|Fashion & Style,0.002797684,0.32937133,0.6678309,0.6650332,0.6678309,Positive
1406758848292085762,2021-06-20,2021,2021-06,Based on twitter algorithms I see my mutuals seem to really love {{USERNAME}} {{USERNAME}} and {{USERNAME}} I think I see their tweets more than anyone else s,Based on twitter algorithms I see my mutuals seem to really love @user @user and @user I think I see their tweets more than anyone else s,based on twitter algorithms i see my mutuals seem to really love and i think i see their tweets more than anyone else s,24,Diaries & Daily Life|News & Social Concern|Relationships,0.0059640864,0.04674249,0.9472934,0.9413293,0.9472934,Positive
1191142192485740545,2019-11-03,2019,2019-11,Come watch this cool dude with me! Hes at 2.8 avg. viewership! So close to affiliate! {{USERNAME}} {{URL}},Come watch this cool dude with me! Hes at 2.8 avg. viewership! So close to affiliate! @user http,come watch this cool dude with me hes at avg viewership so close to affiliate,15,Diaries & Daily Life|Film Tv & Video,0.0012652078,0.021585844,0.9771489,0.97588366,0.9771489,Positive
1294933677374427137,2020-08-16,2020,2020-08,"The HYPE is over??¿¿¿ Restarts are a great way to improve Heal up & get back stronger, wiser & smarter {@Sean O Malley@}","The HYPE is over??¿¿¿ Restarts are a great way to improve Heal up & get back stronger, wiser & smarter @user",the hype is over restarts are a great way to improve heal up get back stronger wiser smarter,18,Fitness & Health,0.042540375,0.17435199,0.78310764,0.74056727,0.78310764,Positive
1264495146328096769,2020-05-24,2020,2020-05,"Very interesting conversation about the japanese boom and bust. Minute 32 is revealing. About the Bank of Japan: They did not want a recovery because the recession was serving a political purpose, they were engineering structural reforms {{URL}} vía {@Bloomberg@}","Very interesting conversation about the japanese boom and bust. Minute 32 is revealing. About the Bank of Japan: They did not want a recovery because the recession was serving a political purpose, they were engineering structural reforms http vía @user",very interesting conversation about the japanese boom and bust minute is revealing about the bank of japan they did not want a recovery because the recession was serving a political purpose they were engineering structural reforms v a,38,Business & Entrepreneurs|News & Social Concern,0.010735486,0.21491212,0.77435243,0.7636169,0.77435243,Positive
1246613170740801537,2020-04-05,2020,2020-04,"During the conclusion of the Saturday Evening Session of General Conference, President Nelson invited everyone to participate in another special fast on April 10, 2020, otherwise known as Good Friday. {@Russell M Nelson@} #HearHim #GeneralConference2020","During the conclusion of the Saturday Evening Session of General Conference, President Nelson invited everyone to participate in another special fast on April 10, 2020, otherwise known as Good Friday. @user #HearHim #GeneralConference2020",during the conclusion of the saturday evening session of general conference president nelson invited everyone to participate in another special fast on april otherwise known as good friday hearhim generalconference,30,News & Social Concern,0.001991608,0.41566464,0.58234376,0.5803521,0.58234376,Positive
1206265549665243142,2019-12-15,2019,2019-12,#NowPlaying {{USERNAME}} - My unknown battle Spotify: {{URL}} Apple Music: {{URL}} BandCamp: {{URL}},#NowPlaying @user - My unknown battle Spotify: http Apple Music: http BandCamp: http,nowplaying my unknown battle spotify apple music bandcamp,8,Music,0.0051521063,0.84021294,0.15463495,0.14948285,0.84021294,Neutral
1178125248455200768,2019-09-29,2019,2019-09,"They know about the pain, but don t know the struggle. {{URL}} via {@YouTube@} {{USERNAME}} #WP #NewBROOKLYN #NyC #IAintDoneYet #KAYA #LONELY #THEWOLFOFFLOSSSTREET #WHATITSGONNABE #ROLLIN2x","They know about the pain, but don t know the struggle. http via @user @user #WP #NewBROOKLYN #NyC #IAintDoneYet #KAYA #LONELY #THEWOLFOFFLOSSSTREET #WHATITSGONNABE #ROLLIN2x",they know about the pain but don t know the struggle via wp newbrooklyn nyc iaintdoneyet kaya lonely thewolfofflossstreet whatitsgonnabe rollin x,22,Diaries & Daily Life|Film Tv & Video,0.27853066,0.671709,0.049760394,-0.22877026,0.671709,Neutral
1398911149085581312,2021-05-30,2021,2021-05,Finally done with a Binge Act… Awe struck by the way Rani Bharti played her role to perfection {@Huma S Qureshi@} There is no iota of doubt that {{USERNAME}} bundle of talent and {@Sohum Shah@} deserve his space as well. Kudos to the entire cast #MaharaniOnSonyLIV {@SonyLIV@},Finally done with a Binge Act… Awe struck by the way Rani Bharti played her role to perfection @user There is no iota of doubt that @user bundle of talent and @user deserve his space as well. Kudos to the entire cast #MaharaniOnSonyLIV @user,finally done with a binge act awe struck by the way rani bharti played her role to perfection there is no iota of doubt that bundle of talent and deserve his space as well kudos to the entire cast maharanionsonyliv,40,Film Tv & Video,0.0033013278,0.015661675,0.981037,0.9777357,0.981037,Positive
1209682781686468608,2019-12-25,2019,2019-12,"‘Twas the night before Christmas & the Ramirez Family is very content. Thankful for our country, economy & {{USERNAME}} We wish blessings to all & to all a good night.","‘Twas the night before Christmas & the Ramirez Family is very content. Thankful for our country, economy & @user We wish blessings to all & to all a good night.",twas the night before christmas the ramirez family is very content thankful for our country economy we wish blessings to all to all a good night,26,Diaries & Daily Life|Family,0.002265189,0.01185922,0.98587555,0.98361033,0.98587555,Positive
1350894674093850624,2021-01-17,2021,2021-01,Crowded House - Don t Dream It s Over (Official Music Video) {{URL}} {@YouTube@} より,Crowded House - Don t Dream It s Over (Official Music Video) http @user より,crowded house don t dream it s over official music video,11,Film Tv & Video|Music,0.010559662,0.90644056,0.0829998,0.07244014,0.90644056,Neutral
1209866257769607168,2019-12-25,2019,2019-12,"Team Fresh - Recipe for disaster {{URL}} via {@YouTube@} I didn’t know him but it’s so sad to see the news about Dunbar from Team Fresh, play this absolute anthem loud and proud tonight Look after yourselves - Merry Christmas","Team Fresh - Recipe for disaster http via @user I didn’t know him but it’s so sad to see the news about Dunbar from Team Fresh, play this absolute anthem loud and proud tonight Look after yourselves - Merry Christmas",team fresh recipe for disaster via i didn t know him but it s so sad to see the news about dunbar from team fresh play this absolute anthem loud and proud tonight look after yourselves merry christmas,38,Arts & Culture|Celebrity & Pop Culture|Music,0.6700821,0.24211912,0.08779885,-0.58228326,0.6700821,Negative
1180573232094683136,2019-10-05,2019,2019-10,Turns out {@David Gray@} is releasing a delux edition of White Ladder on the same day I release my Albumn 14-2-20 His is 20 years old Mine is 20 years in the making & fair to say White Ladder was an inspiration I ve a fair idea who will sell more. Will I send you a copy {@David Gray@} ?,Turns out @user is releasing a delux edition of White Ladder on the same day I release my Albumn 14-2-20 His is 20 years old Mine is 20 years in the making & fair to say White Ladder was an inspiration I ve a fair idea who will sell more. Will I send you a copy @user ?,turns out is releasing a delux edition of white ladder on the same day i release my albumn his is years old mine is years in the making fair to say white ladder was an inspiration i ve a fair idea who will sell more will i send you a copy,51,Music,0.0076814606,0.34035295,0.6519656,0.6442841,0.6519656,Positive
1297442257180794880,2020-08-23,2020,2020-08,I understand why {@President Biden@} is blaming China s government covid-19 but where do you draw the line? Right now i think he should focus on eliminating the virus instead of continuing complaining. You can t change the past but can fix the situation for the future.,I understand why @user is blaming China s government covid-19 but where do you draw the line? Right now i think he should focus on eliminating the virus instead of continuing complaining. You can t change the past but can fix the situation for the future.,i understand why is blaming china s government covid but where do you draw the line right now i think he should focus on eliminating the virus instead of continuing complaining you can t change the past but can fix the situation for the future,45,News & Social Concern,0.7318018,0.25617215,0.012026021,-0.7197758,0.7318018,Negative
1297594410046119936,2020-08-23,2020,2020-08,Check out what I just added to my closet on Poshmark: Make An Offer Sale . {{URL}} via {@Poshmark@} #shopmycloset,Check out what I just added to my closet on Poshmark: Make An Offer Sale . http via @user #shopmycloset,check out what i just added to my closet on poshmark make an offer sale via shopmycloset,17,Business & Entrepreneurs|Fashion & Style,0.0032096023,0.61254054,0.3842498,0.38104022,0.61254054,Neutral
1386196855676080129,2021-04-25,2021,2021-04,Via {{USERNAME}} No man of mine answered his cell phone during a romantic interlude. Just because there was a category 5 hurricane looming was no excuse for him to run off to work and leave me panting on the kitchen table. #romance #RomanceReaders {{URL}},Via @user No man of mine answered his cell phone during a romantic interlude. Just because there was a category 5 hurricane looming was no excuse for him to run off to work and leave me panting on the kitchen table. #romance #RomanceReaders http,via no man of mine answered his cell phone during a romantic interlude just because there was a category hurricane looming was no excuse for him to run off to work and leave me panting on the kitchen table romance romancereaders,41,Diaries & Daily Life|Relationships,0.6472799,0.3284002,0.02431993,-0.62296,0.6472799,Negative
1229131820320645122,2020-02-16,2020,2020-02,#ExtendKHKT #KahaanHumKahaanTum {@StarPlus@} We are united #Ronakshians we want our show Love is the only truth & love is what we ve got. So spread LOVE wherever you are! I LOVE YOU ALL!! YOU RE AWESOME!,#ExtendKHKT #KahaanHumKahaanTum @user We are united #Ronakshians we want our show Love is the only truth & love is what we ve got. So spread LOVE wherever you are! I LOVE YOU ALL!! YOU RE AWESOME!,extendkhkt kahaanhumkahaantum we are united ronakshians we want our show love is the only truth love is what we ve got so spread love wherever you are i love you all you re awesome,34,Diaries & Daily Life,0.0039681275,0.025681937,0.9703499,0.9663818,0.9703499,Positive
1284662937689497607,2020-07-19,2020,2020-07,. {@Lowes Foods@} Tonight I shopped in the Robinhood location. There were 2 people without masks. I spoke with each asking them to wear a mask. Why isn’t Lowe’s enforcing the mask policy? I will NOT return unless MASKS are MANDATORY. #MaskTheMug #MaskUp,. @user Tonight I shopped in the Robinhood location. There were 2 people without masks. I spoke with each asking them to wear a mask. Why isn’t Lowe’s enforcing the mask policy? I will NOT return unless MASKS are MANDATORY. #MaskTheMug #MaskUp,tonight i shopped in the robinhood location there were people without masks i spoke with each asking them to wear a mask why isn t lowe s enforcing the mask policy i will not return unless masks are mandatory maskthemug maskup,41,News & Social Concern,0.857359,0.13373718,0.008903788,-0.8484552,0.857359,Negative
1330480869593784324,2020-11-22,2020,2020-11,FLY HIGH PHOENIX seven MORISSETTE NEW MUSIC {{USERNAME}} LYS TEASER RELEASE,FLY HIGH PHOENIX seven MORISSETTE NEW MUSIC @user LYS TEASER RELEASE,fly high phoenix seven morissette new music lys teaser release,10,Music,0.00441726,0.52111346,0.47446933,0.47005206,0.52111346,Neutral
1183336254391422981,2019-10-13,2019,2019-10,Breaking Bad: El Camino s Rotten Tomatoes Score Is Far From Bad {{URL}} #BreakingBad #RottenTomatoes {@Netflix@},Breaking Bad: El Camino s Rotten Tomatoes Score Is Far From Bad http #BreakingBad #RottenTomatoes @user,breaking bad el camino s rotten tomatoes score is far from bad breakingbad rottentomatoes,14,Film Tv & Video,0.2486436,0.52414757,0.22720881,-0.021434799,0.52414757,Neutral
1351861850183507970,2021-01-20,2021,2021-01,The Final Hours: President Trump Grants Pardons & Commutes Sentences For 143 People ... Including Lil Wayne & Kodak Black! - {{URL}} via {@WORLDSTARHIPHOP@} #WSHH #WORLDSTAR,The Final Hours: President Trump Grants Pardons & Commutes Sentences For 143 People ... Including Lil Wayne & Kodak Black! - http via @user #WSHH #WORLDSTAR,the final hours president trump grants pardons commutes sentences for people including lil wayne kodak black via wshh worldstar,19,Celebrity & Pop Culture|Music|News & Social Concern,0.0038562228,0.64753497,0.34860888,0.34475267,0.64753497,Neutral
1241635312679387137,2020-03-22,2020,2020-03,". {{USERNAME}} : Chatting with me while I play Animal Crossing, comparing it to the afterlife in full Greek mythos style. Me: Runs across a wisp Both of us:",". @user : Chatting with me while I play Animal Crossing, comparing it to the afterlife in full Greek mythos style. Me: Runs across a wisp Both of us:",chatting with me while i play animal crossing comparing it to the afterlife in full greek mythos style me runs across a wisp both of us,26,Diaries & Daily Life|Gaming,0.008511824,0.8113922,0.18009603,0.1715842,0.8113922,Neutral
1284850067388735489,2020-07-19,2020,2020-07,Trump Administration Aims to Block New Funding for Coronavirus Testing and Tracing {{URL}} Because the numbers and the science don t support {{USERNAME}} the administration is trying to defund the science needed to protect Americans. {@Sen Jim Inhofe@} is an enabler,Trump Administration Aims to Block New Funding for Coronavirus Testing and Tracing http Because the numbers and the science don t support @user the administration is trying to defund the science needed to protect Americans. @user is an enabler,trump administration aims to block new funding for coronavirus testing and tracing because the numbers and the science don t support the administration is trying to defund the science needed to protect americans is an enabler,36,News & Social Concern|Science & Technology,0.8631721,0.12870313,0.00812472,-0.8550474,0.8631721,Negative
1180963852428730370,2019-10-06,2019,2019-10,Creamsicle. Really nice!! - Drinking an Always Leave A Note by {{USERNAME}} / {{USERNAME}} @ 9Zero Pour — {{URL}},Creamsicle. Really nice!! - Drinking an Always Leave A Note by @user / @user @ 9Zero Pour — http,creamsicle really nice drinking an always leave a note by zero pour,12,Diaries & Daily Life,0.0017610115,0.02754191,0.9706971,0.9689361,0.9706971,Positive
1288200398059319300,2020-07-28,2020,2020-07,"#Win a Crystal Guides to Health, Wealth and Happiness Prize Pk! With chakras aligned, energy flowing and stones cleansed, there are no limits to the power you can harness when you Crystallize. {{USERNAME}} {{USERNAME}} Can 7/31 {{URL}} #soulstone","#Win a Crystal Guides to Health, Wealth and Happiness Prize Pk! With chakras aligned, energy flowing and stones cleansed, there are no limits to the power you can harness when you Crystallize. @user @user Can 7/31 http #soulstone",win a crystal guides to health wealth and happiness prize pk with chakras aligned energy flowing and stones cleansed there are no limits to the power you can harness when you crystallize can soulstone,34,Fitness & Health,0.0019494968,0.08335049,0.9147,0.9127505,0.9147,Positive
1259601750140555265,2020-05-10,2020,2020-05,UFC 249 was a success so will boxing be back soon? {{URL}} via {@WordPress com@} #boxing #UFC249 #lockdown,UFC 249 was a success so will boxing be back soon? http via @user #boxing #UFC249 #lockdown,ufc was a success so will boxing be back soon via boxing ufc lockdown,14,Sports,0.0017030375,0.1224376,0.8758594,0.87415636,0.8758594,Positive
1249456563502215168,2020-04-12,2020,2020-04,"A sweet Easter Sunday afternoon. It’s dinner here in Winnipeg. Housemates cooked Easter dinner all afternoon while I got to listen to records. Lucky me. Much love to you all. Have a lovely sleep, Brits. Thank you {@Tim Burgess@} , {@Pulp@} {{USERNAME}} #timstwitterlisteningparty","A sweet Easter Sunday afternoon. It’s dinner here in Winnipeg. Housemates cooked Easter dinner all afternoon while I got to listen to records. Lucky me. Much love to you all. Have a lovely sleep, Brits. Thank you @user , @user @user #timstwitterlisteningparty",a sweet easter sunday afternoon it s dinner here in winnipeg housemates cooked easter dinner all afternoon while i got to listen to records lucky me much love to you all have a lovely sleep brits thank you timstwitterlisteningparty,39,Diaries & Daily Life|Food & Dining,0.0025697853,0.008644068,0.9887862,0.9862164,0.9887862,Positive
1287447105435557892,2020-07-26,2020,2020-07,Everything else aside. {@Kevin De Bruyne@} is the Best Premier League Player..,Everything else aside. @user is the Best Premier League Player..,everything else aside is the best premier league player,9,Sports,0.005907464,0.028623434,0.965469,0.9595615,0.965469,Positive
1246946410458763271,2020-04-05,2020,2020-04,Watching Harry Potter and The Prisoner of Azkaban and I want {@Alfonso Cuaron@} to go back and remake all of the other Harry Potter films please.,Watching Harry Potter and The Prisoner of Azkaban and I want @user to go back and remake all of the other Harry Potter films please.,watching harry potter and the prisoner of azkaban and i want to go back and remake all of the other harry potter films please,24,Film Tv & Video,0.033535462,0.36086136,0.60560316,0.5720677,0.60560316,Positive
1294843079778762752,2020-08-16,2020,2020-08,"#UFC252 Co main event! #omalleyVvera the suga show {@Sean O Malley@} is so good, intelligent and focused! Vera is good, but the hype on suga is deserved, suga wins inside the distance {@UFC@}","#UFC252 Co main event! #omalleyVvera the suga show @user is so good, intelligent and focused! Vera is good, but the hype on suga is deserved, suga wins inside the distance @user",ufc co main event omalleyvvera the suga show is so good intelligent and focused vera is good but the hype on suga is deserved suga wins inside the distance,29,News & Social Concern|Sports,0.003456236,0.025205564,0.9713381,0.96788186,0.9713381,Positive
1189238971706023938,2019-10-29,2019,2019-10,New album is ! But like who broke my baby’s heart tho! #UnlessimwithYou {@Jackson Wang@},New album is ! But like who broke my baby’s heart tho! #UnlessimwithYou @user,new album is but like who broke my baby s heart tho unlessimwithyou,13,Music,0.4637274,0.3474518,0.18882078,-0.27490664,0.4637274,Negative
1269686021681106945,2020-06-07,2020,2020-06,"Acknowledging trans women as women DOES NOT erase your experience as a woman {@J K Rowling@} Gendar binaries are why sexism exists, if sexism has affected you shouldn’t you be fighting the binaries that caused it?","Acknowledging trans women as women DOES NOT erase your experience as a woman @user Gendar binaries are why sexism exists, if sexism has affected you shouldn’t you be fighting the binaries that caused it?",acknowledging trans women as women does not erase your experience as a woman gendar binaries are why sexism exists if sexism has affected you shouldn t you be fighting the binaries that caused it,34,Celebrity & Pop Culture|News & Social Concern,0.60534,0.37672627,0.017933706,-0.5874063,0.60534,Negative
1297442040280576000,2020-08-23,2020,2020-08,Pongs was unconscious before he hit the ground. Stays down. Trainer gives thumbs up that he’s ok. A few minutes later gives a magical pass to wrap the game up. 10 years after retiring sues the {@NRL@} for his brain injury. #HIAisAJoke #nrlknightscowboys,Pongs was unconscious before he hit the ground. Stays down. Trainer gives thumbs up that he’s ok. A few minutes later gives a magical pass to wrap the game up. 10 years after retiring sues the @user for his brain injury. #HIAisAJoke #nrlknightscowboys,pongs was unconscious before he hit the ground stays down trainer gives thumbs up that he s ok a few minutes later gives a magical pass to wrap the game up years after retiring sues the for his brain injury hiaisajoke nrlknightscowboys,42,Fitness & Health|Sports,0.20279843,0.68931127,0.107890256,-0.09490817,0.68931127,Neutral
1249423662647611392,2020-04-12,2020,2020-04,Shoutout to {{USERNAME}} in Headhouse Square {{USERNAME}} for offering Easter Dinner via delivery #OpenInPHL Very excited!!! Thank you and #HappyEaster,Shoutout to @user in Headhouse Square @user for offering Easter Dinner via delivery #OpenInPHL Very excited!!! Thank you and #HappyEaster,shoutout to in headhouse square for offering easter dinner via delivery openinphl very excited thank you and happyeaster,18,Family|Food & Dining,0.0012318137,0.0074773477,0.9912908,0.990059,0.9912908,Positive
1183519558931537921,2019-10-13,2019,2019-10,EL Camino {@Netflix@} the breaking bad movie,EL Camino @user the breaking bad movie,el camino the breaking bad movie,6,Film Tv & Video,0.11888439,0.74019223,0.1409234,0.022039004,0.74019223,Neutral
1231515574003490816,2020-02-23,2020,2020-02,stay safe boys {@EXO@} {@BaekhyunEXO@} {@Lay Zhang@},stay safe boys @user @user @user,stay safe boys,3,Celebrity & Pop Culture|Music,0.010270455,0.15073887,0.8389907,0.8287202,0.8389907,Positive
1282245698033942528,2020-07-12,2020,2020-07,The only summer walker song I have on my phone is D&G because {@Davido@} ❤️,The only summer walker song I have on my phone is D&G because @user ❤️,the only summer walker song i have on my phone is d g because,14,Film Tv & Video|Music,0.0048743202,0.14464922,0.8504765,0.84560215,0.8504765,Positive
1259511119523319809,2020-05-10,2020,2020-05,Happy Mother’s Day to my twin sister and brilliant Mom {{USERNAME}} in NYC ❤️,Happy Mother’s Day to my twin sister and brilliant Mom @user in NYC ❤️,happy mother s day to my twin sister and brilliant mom in nyc,13,Diaries & Daily Life|Family,0.0029205407,0.0074097244,0.98966974,0.9867492,0.98966974,Positive
1191082263724867586,2019-11-03,2019,2019-11,Sam {@Sam Heughan@} I kind of know how you feel when you are out and about and are spotted by a fan. One of my kinder students saw me and hugged me out of the blue in the store. To them I’m a celeb. It’s a great feeling.,Sam @user I kind of know how you feel when you are out and about and are spotted by a fan. One of my kinder students saw me and hugged me out of the blue in the store. To them I’m a celeb. It’s a great feeling.,sam i kind of know how you feel when you are out and about and are spotted by a fan one of my kinder students saw me and hugged me out of the blue in the store to them i m a celeb it s a great feeling,48,Celebrity & Pop Culture,0.005772716,0.080879256,0.9133481,0.90757537,0.9133481,Positive
1373665337250570241,2021-03-21,2021,2021-03,The Weeknd - Save Your Tears (Official Audio) {{URL}} a través de {@YouTube@} Honey .. it s my habit to run away ... When the heart hurts I just run away.,The Weeknd - Save Your Tears (Official Audio) http a través de @user Honey .. it s my habit to run away ... When the heart hurts I just run away.,the weeknd save your tears official audio a trav s de honey it s my habit to run away when the heart hurts i just run away,27,Celebrity & Pop Culture|Film Tv & Video|Music,0.24938035,0.67188704,0.07873262,-0.17064774,0.67188704,Neutral
1269534311436259328,2020-06-07,2020,2020-06,"Buzzer beater from {@Cody Garbrandt@} , Walkoff KO from {@Sean O Malley@} #UFC250","Buzzer beater from @user , Walkoff KO from @user #UFC250",buzzer beater from walkoff ko from ufc,7,Film Tv & Video|Sports,0.003987217,0.19941567,0.796597,0.7926098,0.796597,Positive
1307588416742199296,2020-09-20,2020,2020-09,"Please help us, Expat Properties of Bangalore {{USERNAME}} #Scam #Fraud have cheated thousands of investors total worth crores. #BigExpatScam. I have invested 7.25 lakhs in 2013 and no reply from Expat. I registered my grievance online with docket no: 2230713. Help {@Ravi Shankar Prasad@}","Please help us, Expat Properties of Bangalore @user #Scam #Fraud have cheated thousands of investors total worth crores. #BigExpatScam. I have invested 7.25 lakhs in 2013 and no reply from Expat. I registered my grievance online with docket no: 2230713. Help @user",please help us expat properties of bangalore scam fraud have cheated thousands of investors total worth crores bigexpatscam i have invested lakhs in and no reply from expat i registered my grievance online with docket no help,37,Business & Entrepreneurs,0.9137495,0.07920184,0.0070487172,-0.9067008,0.9137495,Negative
1231697907570683905,2020-02-23,2020,2020-02,wowsers. dude nails 58 yard fg. {@St Louis BattleHawks@} . {@New York Guardians@} not looking good here. #OnDuty,wowsers. dude nails 58 yard fg. @user . @user not looking good here. #OnDuty,wowsers dude nails yard fg not looking good here onduty,10,Sports,0.7158019,0.20969318,0.07450493,-0.641297,0.7158019,Negative
1218740537437626368,2020-01-19,2020,2020-01,"“Notorious” with {@Conor McGregor@} ✔️ “Iron Cowboy” with {{USERNAME}} ✔️ “Cheer” with {{USERNAME}} ✔️ “Killer Inside” with Aaron Hernandez ✔️ I am on a serious athlete docu kick, what should I watch next? Also, thank you {@Netflix@}","“Notorious” with @user ✔️ “Iron Cowboy” with @user ✔️ “Cheer” with @user ✔️ “Killer Inside” with Aaron Hernandez ✔️ I am on a serious athlete docu kick, what should I watch next? Also, thank you @user",notorious with iron cowboy with cheer with killer inside with aaron hernandez i am on a serious athlete docu kick what should i watch next also thank you,28,Film Tv & Video|Sports,0.0042971214,0.5047183,0.49098456,0.48668745,0.5047183,Neutral
1323533196877856789,2020-11-03,2020,2020-11,"WATCH: Trump Supporters Sing God Bless America in Scranton -- in Harmony, in the Snow {{URL}} via {@Gab com@}","WATCH: Trump Supporters Sing God Bless America in Scranton -- in Harmony, in the Snow http via @user",watch trump supporters sing god bless america in scranton in harmony in the snow via,15,Music|News & Social Concern,0.0037420942,0.22188815,0.7743697,0.7706276,0.7743697,Positive
1358837525507428355,2021-02-08,2021,2021-02,The {@Miami Dolphins@} have the 11th best odds to win the Super Bowl next year. I’m already pumped for September #FinsUp,The @user have the 11th best odds to win the Super Bowl next year. I’m already pumped for September #FinsUp,the have the th best odds to win the super bowl next year i m already pumped for september finsup,20,Sports,0.0019162891,0.010464214,0.9876194,0.9857031,0.9876194,Positive
1401599078249738242,2021-06-06,2021,2021-06,President {@Yoweri K Museveni@} : All teachers to get fully vaccinated or they shall not be allowed to teach. Communal prayers are suspended for the next 42 days. #M7Address #Covid19Ug #Staysafug,President @user : All teachers to get fully vaccinated or they shall not be allowed to teach. Communal prayers are suspended for the next 42 days. #M7Address #Covid19Ug #Staysafug,president all teachers to get fully vaccinated or they shall not be allowed to teach communal prayers are suspended for the next days m address covid ug staysafug,28,Fitness & Health|Learning & Educational|News & Social Concern|Science & Technology,0.5283333,0.4560193,0.015647395,-0.5126859,0.5283333,Negative
1177251081979666434,2019-09-26,2019,2019-09,"Panellist {@Trevor Phillips@} says environmental activist, {@Greta Thunberg@} has every right to be furious with world leaders who have done nothing to tackle her demands on climate change. Do you agree? Watch #ThePledge tonight at 9pm on {@Sky News@} channel 501","Panellist @user says environmental activist, @user has every right to be furious with world leaders who have done nothing to tackle her demands on climate change. Do you agree? Watch #ThePledge tonight at 9pm on @user channel 501",panellist says environmental activist has every right to be furious with world leaders who have done nothing to tackle her demands on climate change do you agree watch thepledge tonight at pm on channel,34,Celebrity & Pop Culture|News & Social Concern|Science & Technology,0.26910725,0.65365475,0.07723798,-0.19186927,0.65365475,Neutral
1297986834996301824,2020-08-24,2020,2020-08,DEFUND {{USERNAME}} AND FIRE AND ARREST THE COPS WHO TRIED TO KILL JACOB BLAKE.,DEFUND @user AND FIRE AND ARREST THE COPS WHO TRIED TO KILL JACOB BLAKE.,defund and fire and arrest the cops who tried to kill jacob blake,13,News & Social Concern,0.8359383,0.15302657,0.011035106,-0.8249032,0.8359383,Negative
1174590310971654144,2019-09-19,2019,2019-09,"Join me at GITEX Technology Week from October 6th-10th in Dubai World Trade Center, UAE. It would be great to see you there. {{URL}} {@GITEX Technology Week@} #GITEX2019","Join me at GITEX Technology Week from October 6th-10th in Dubai World Trade Center, UAE. It would be great to see you there. http @user #GITEX2019",join me at gitex technology week from october th th in dubai world trade center uae it would be great to see you there gitex,25,Business & Entrepreneurs|Science & Technology,0.0011245619,0.015568152,0.98330724,0.9821827,0.98330724,Positive
1286505986526781440,2020-07-24,2020,2020-07,Halo Infinite makes me want to own both Next Gen Consoles now! The only thing I hope for out of this game is offline forge mode. I was so close to making some awesome maps when the internet dropped and instantly got booted out of forge on Halo 5 Guardians. {@Phil Spencer@} {@Xbox@},Halo Infinite makes me want to own both Next Gen Consoles now! The only thing I hope for out of this game is offline forge mode. I was so close to making some awesome maps when the internet dropped and instantly got booted out of forge on Halo 5 Guardians. @user @user,halo infinite makes me want to own both next gen consoles now the only thing i hope for out of this game is offline forge mode i was so close to making some awesome maps when the internet dropped and instantly got booted out of forge on halo guardians,49,Gaming|Sports,0.060738146,0.13138455,0.80787724,0.7471391,0.80787724,Positive
1241815958072803329,2020-03-22,2020,2020-03,A voice of reason PETER HITCHENS: Is shutting down Britain REALLY the right answer? {{URL}} via {@Daily Mail Online@},A voice of reason PETER HITCHENS: Is shutting down Britain REALLY the right answer? http via @user,a voice of reason peter hitchens is shutting down britain really the right answer via,15,News & Social Concern,0.11915169,0.8409884,0.039859902,-0.07929179,0.8409884,Neutral
1210857636138291200,2019-12-28,2019,2019-12,Over the Christmas break head yourself over to {@BBC iPlayer@} where #kinggary resides along with every episode of #murderinsuccessville sweet times. {@BBC One@},Over the Christmas break head yourself over to @user where #kinggary resides along with every episode of #murderinsuccessville sweet times. @user,over the christmas break head yourself over to where kinggary resides along with every episode of murderinsuccessville sweet times,19,Film Tv & Video,0.0049747457,0.17856023,0.816465,0.8114903,0.816465,Positive
1208777990127177728,2019-12-22,2019,2019-12,Also I m going to do another livestream tonight before the Christmas break 9pm GMT or just after and I m tagging {{USERNAME}} so he doesn t miss it this time Just rambling for an hour,Also I m going to do another livestream tonight before the Christmas break 9pm GMT or just after and I m tagging @user so he doesn t miss it this time Just rambling for an hour,also i m going to do another livestream tonight before the christmas break pm gmt or just after and i m tagging so he doesn t miss it this time just rambling for an hour,35,Diaries & Daily Life|Film Tv & Video,0.010790287,0.40308243,0.5861273,0.575337,0.5861273,Positive
1200135658821574657,2019-11-28,2019,2019-11,Happy Thanksgiving! {{USERNAME}} {{USERNAME}} {{USERNAME}} {{USERNAME}} {@Cleveland Browns@} {{USERNAME}} {{USERNAME}} {{USERNAME}} and all the Browns supporters out there.,Happy Thanksgiving! @user @user @user @user @user @user @user @user and all the Browns supporters out there.,happy thanksgiving and all the browns supporters out there,9,Sports,0.0025782846,0.015593336,0.9818284,0.97925013,0.9818284,Positive
1292397000038678529,2020-08-09,2020,2020-08,Vibroacoustic Sound Therapy: introducing the healthy vibration of cells into the body {{URL}} via {{USERNAME}},Vibroacoustic Sound Therapy: introducing the healthy vibration of cells into the body http via @user,vibroacoustic sound therapy introducing the healthy vibration of cells into the body via,13,Fitness & Health|Music,0.0048962967,0.63872725,0.3563765,0.35148022,0.63872725,Neutral
1371248821720682497,2021-03-14,2021,2021-03,"These two big banks are refusing to get $1,400 stimulus checks to Americans as quickly as possible {@Wells Fargo@} {@Chase@} {{URL}}","These two big banks are refusing to get $1,400 stimulus checks to Americans as quickly as possible @user @user http",these two big banks are refusing to get stimulus checks to americans as quickly as possible,16,Business & Entrepreneurs|News & Social Concern,0.8123405,0.17790827,0.009751238,-0.80258924,0.8123405,Negative
1388673174846550019,2021-05-02,2021,2021-05,"Although the future of {@Carolina Hurricanes@} head coach Rod Brind Amour remains up in the air, it appears he wants to prioritize the futures of his staff over his own. {{URL}}","Although the future of @user head coach Rod Brind Amour remains up in the air, it appears he wants to prioritize the futures of his staff over his own. http",although the future of head coach rod brind amour remains up in the air it appears he wants to prioritize the futures of his staff over his own,28,Sports,0.043086853,0.88837874,0.06853439,0.025447536,0.88837874,Neutral
1273455577927041024,2020-06-18,2020,2020-06,#The100 Octavia is never giving the Disciples anything. Not unless Hope is safe. This must be why the Disciples know everything about Clarke’s people. Was cool to see young Murphy for a brief moment. {@Dicky Spooks@} {@Marie Avgeropoulos@},#The100 Octavia is never giving the Disciples anything. Not unless Hope is safe. This must be why the Disciples know everything about Clarke’s people. Was cool to see young Murphy for a brief moment. @user @user,the octavia is never giving the disciples anything not unless hope is safe this must be why the disciples know everything about clarke s people was cool to see young murphy for a brief moment,35,Film Tv & Video|News & Social Concern,0.08462834,0.6014909,0.31388074,0.2292524,0.6014909,Neutral
1307496531302457346,2020-09-20,2020,2020-09,New Video: {{USERNAME}} releases the visual for the Vitto_Himself produced track Tap Dancing featuring Illy Fontaine. {{URL}},New Video: @user releases the visual for the Vitto_Himself produced track Tap Dancing featuring Illy Fontaine. http,new video releases the visual for the vitto himself produced track tap dancing featuring illy fontaine,16,Film Tv & Video|Music,0.0028855517,0.83113045,0.16598395,0.1630984,0.83113045,Neutral
1297866154871066624,2020-08-24,2020,2020-08,"Dear {@FanDuel@} , Please make Paul George $3,500.... having him at over $8k plus is too much...it’s playoffs","Dear @user , Please make Paul George $3,500.... having him at over $8k plus is too much...it’s playoffs",dear please make paul george having him at over k plus is too much it s playoffs,17,Sports,0.31075892,0.58253175,0.106709324,-0.20404959,0.58253175,Neutral
1414250028659617792,2021-07-11,2021,2021-07,The fight should ve been called after he dropped from a broken leg then it wouldn t of been Tko for cry baby {@The Diamond@},The fight should ve been called after he dropped from a broken leg then it wouldn t of been Tko for cry baby @user,the fight should ve been called after he dropped from a broken leg then it wouldn t of been tko for cry baby,23,Sports,0.6511638,0.3301724,0.018663807,-0.6325,0.6511638,Negative
1351074942608158723,2021-01-18,2021,2021-01,The owner of {{USERNAME}} has announced that its sales in the second half of 2020 exceeded expectations by millions {{URL}} #cosmetics #sales,The owner of @user has announced that its sales in the second half of 2020 exceeded expectations by millions http #cosmetics #sales,the owner of has announced that its sales in the second half of exceeded expectations by millions cosmetics sales,19,Business & Entrepreneurs,0.0015551691,0.053639,0.94480586,0.9432507,0.94480586,Positive
1396555822931615747,2021-05-23,2021,2021-05,"Dear {@Justin Sun@} , Hope you are doing well. When you have a supply of 1 Trillion(Appx) BTT in Market Supply, how do you expect that coin to grow? That’s too much Market Supply when compared to the Market Demands. Need your views. Thanks, -Rohit #Crypto #BTT #Binance","Dear @user , Hope you are doing well. When you have a supply of 1 Trillion(Appx) BTT in Market Supply, how do you expect that coin to grow? That’s too much Market Supply when compared to the Market Demands. Need your views. Thanks, -Rohit #Crypto #BTT #Binance",dear hope you are doing well when you have a supply of trillion appx btt in market supply how do you expect that coin to grow that s too much market supply when compared to the market demands need your views thanks rohit crypto btt binance,46,Business & Entrepreneurs,0.08385469,0.58633983,0.3298055,0.2459508,0.58633983,Neutral
1239127845915357184,2020-03-15,2020,2020-03,#HighRiskCovid19 The Indian Government under {@Narendra Modi@} has responded wisely and efficiently to the virus outbreak. Already the malcontents have started spinning stories but we must remember that tge indigenous 4stand with the Government. European countries seem to be reeling,#HighRiskCovid19 The Indian Government under @user has responded wisely and efficiently to the virus outbreak. Already the malcontents have started spinning stories but we must remember that tge indigenous 4stand with the Government. European countries seem to be reeling,highriskcovid the indian government under has responded wisely and efficiently to the virus outbreak already the malcontents have started spinning stories but we must remember that tge indigenous stand with the government european countries seem to be reeling,38,News & Social Concern,0.28725362,0.5541351,0.1586113,-0.12864232,0.5541351,Neutral
1368650449092542465,2021-03-07,2021,2021-03,Manchester is RED Beautiful for all fans. #GGMU #MCIMUN #MUFC #ManchesterDerby {@Luke Shaw@} {@Dean Henderson@} {@Rio Ferdinand@} {@Bruno Fernandes@} {@Anthony Martial@} {@Harry Maguire@} {@Scott Mctominay@},Manchester is RED Beautiful for all fans. #GGMU #MCIMUN #MUFC #ManchesterDerby @user @user @user @user @user @user @user,manchester is red beautiful for all fans ggmu mcimun mufc manchesterderby,11,Sports,0.0016870968,0.023585267,0.9747277,0.9730406,0.9747277,Positive
1317643770599510022,2020-10-18,2020,2020-10,"Man everyone in {@NASCAR@} looking for that next spokesperson who is also a great driver listen to {@Anthony Alfredo@} post crash interview, someone needs to give this young man a full time ride next year.","Man everyone in @user looking for that next spokesperson who is also a great driver listen to @user post crash interview, someone needs to give this young man a full time ride next year.",man everyone in looking for that next spokesperson who is also a great driver listen to post crash interview someone needs to give this young man a full time ride next year,32,Sports,0.020490274,0.13372144,0.8457883,0.825298,0.8457883,Positive
1274792345272279042,2020-06-21,2020,2020-06,"During this current {@Welsh Parliament@} term, we’ve tragically lost three members. It’s not the number one priority at the moment but I’ve been working, along with others, to get the Commission to agree to plaques commemorating those members who’ve passed away whilst in post.","During this current @user term, we’ve tragically lost three members. It’s not the number one priority at the moment but I’ve been working, along with others, to get the Commission to agree to plaques commemorating those members who’ve passed away whilst in post.",during this current term we ve tragically lost three members it s not the number one priority at the moment but i ve been working along with others to get the commission to agree to plaques commemorating those members who ve passed away whilst in post,46,News & Social Concern,0.7567319,0.228229,0.015039095,-0.74169284,0.7567319,Negative
1257006087250890757,2020-05-03,2020,2020-05,Madonna - Nothing Really Matters (Official Music Video) {{URL}} via {@YouTube@} MATRE,Madonna - Nothing Really Matters (Official Music Video) http via @user MATRE,madonna nothing really matters official music video via matre,9,Celebrity & Pop Culture|Film Tv & Video|Music,0.0064697764,0.905807,0.08772321,0.08125343,0.905807,Neutral
1273248642779041799,2020-06-17,2020,2020-06,". {{USERNAME}} I know right he’s a clumsy fella that has enriched himself in fact I will call him a selfish c***t sorry bout my language Mr President bt u got to fire {@Brad Parscale@} now before he loots more of your campaign funds ok, do it Mr president tell him “you’re fired”",". @user I know right he’s a clumsy fella that has enriched himself in fact I will call him a selfish c***t sorry bout my language Mr President bt u got to fire @user now before he loots more of your campaign funds ok, do it Mr president tell him “you’re fired”",i know right he s a clumsy fella that has enriched himself in fact i will call him a selfish c t sorry bout my language mr president bt u got to fire now before he loots more of your campaign funds ok do it mr president tell him you re fired,52,News & Social Concern,0.8034216,0.1752923,0.021286087,-0.78213555,0.8034216,Negative
1255496821453004801,2020-04-29,2020,2020-04,I pray for your happiness Chen & family. His wife and daughter are so blessed to have Jongdae as the head of their family #종대야_축하해 #WelcomEXOPrincess #CHEN_BEST_DAD #CHEN #젠 #CongratulationsChen #ChenIsFather #EXO {@EXO@},I pray for your happiness Chen & family. His wife and daughter are so blessed to have Jongdae as the head of their family #종대야_축하해 #WelcomEXOPrincess #CHEN_BEST_DAD #CHEN #젠 #CongratulationsChen #ChenIsFather #EXO @user,i pray for your happiness chen family his wife and daughter are so blessed to have jongdae as the head of their family welcomexoprincess chen best dad chen congratulationschen chenisfather exo,31,Celebrity & Pop Culture|Family|News & Social Concern,0.0020816769,0.023443474,0.97447485,0.97239316,0.97447485,Positive
1330359399055978496,2020-11-22,2020,2020-11,WoW question for {{USERNAME}} or whoever: did the Gift of N’Zoth get deactivated somewhere along the line?,WoW question for @user or whoever: did the Gift of N’Zoth get deactivated somewhere along the line?,wow question for or whoever did the gift of n zoth get deactivated somewhere along the line,17,Gaming,0.10114678,0.87754095,0.021312214,-0.079834566,0.87754095,Neutral
1238549394124713985,2020-03-13,2020,2020-03,". {{USERNAME}} declares a national emergency in the USA in the fight against COVID-19. Opens up $50b for states and territories, introduces sweeping new measures for all American hospitals. USA now has more than 2,000 COVID-19 cases. #coronavirus {@CHEK News@}",". @user declares a national emergency in the USA in the fight against COVID-19. Opens up $50b for states and territories, introduces sweeping new measures for all American hospitals. USA now has more than 2,000 COVID-19 cases. #coronavirus @user",declares a national emergency in the usa in the fight against covid opens up b for states and territories introduces sweeping new measures for all american hospitals usa now has more than covid cases coronavirus,35,Fitness & Health|News & Social Concern,0.17556274,0.6751812,0.14925602,-0.026306719,0.6751812,Neutral
1212130956443869186,2019-12-31,2019,2019-12,"Summing up the decade, I’m proud that I have been able to work full-time in the game industry for 10 years now. First as a journalist at {{USERNAME}} and the at {@Pelaaja@} . The past 6 years I’ve been marketing PlayStation. More than a dream come true On to the next, 2020 is PS5","Summing up the decade, I’m proud that I have been able to work full-time in the game industry for 10 years now. First as a journalist at @user and the at @user . The past 6 years I’ve been marketing PlayStation. More than a dream come true On to the next, 2020 is PS5",summing up the decade i m proud that i have been able to work full time in the game industry for years now first as a journalist at and the at the past years i ve been marketing playstation more than a dream come true on to the next is ps,51,Business & Entrepreneurs|Gaming,0.002085976,0.01165917,0.98625493,0.98416895,0.98625493,Positive
1249485407189962753,2020-04-12,2020,2020-04,Watching a rerun of Jesus Christ Superstar and I forgot how much I love the musical and {@Brandon Victor Dixon@} . He just KILLS it & makes me fall in love with the role of Judas more and more.,Watching a rerun of Jesus Christ Superstar and I forgot how much I love the musical and @user . He just KILLS it & makes me fall in love with the role of Judas more and more.,watching a rerun of jesus christ superstar and i forgot how much i love the musical and he just kills it makes me fall in love with the role of judas more and more,34,Arts & Culture|Film Tv & Video|Music,0.0050680568,0.013173418,0.9817585,0.9766904,0.9817585,Positive
1388824468336824322,2021-05-02,2021,2021-05,"Vale #frankcosta. An incredible man. Whilst he was a tough businessman, he was a passionate {@Geelong Cats@} president and saved the club. he was always most generous with his time & advice. He always stopped for a chat {@AFL@} functions or when {@Richmond FC@} played the Cats. #RIPFrank","Vale #frankcosta. An incredible man. Whilst he was a tough businessman, he was a passionate @user president and saved the club. he was always most generous with his time & advice. He always stopped for a chat @user functions or when @user played the Cats. #RIPFrank",vale frankcosta an incredible man whilst he was a tough businessman he was a passionate president and saved the club he was always most generous with his time advice he always stopped for a chat functions or when played the cats ripfrank,42,Business & Entrepreneurs|News & Social Concern,0.015468139,0.08400844,0.9005234,0.8850553,0.9005234,Positive
1335674676224417795,2020-12-06,2020,2020-12,The Code Switching song from Big Mouth season 4! Brilliant! {{USERNAME}},The Code Switching song from Big Mouth season 4! Brilliant! @user,the code switching song from big mouth season brilliant,9,Film Tv & Video|Music,0.002677944,0.014355926,0.98296607,0.98028815,0.98296607,Positive
1419204985468768259,2021-07-25,2021,2021-07,Priya Malik Wins the Gold {{USERNAME}} {{URL}} #Tokyo2020 #priyamalik #Olympics #TokyoOlympics #OlympicGames #Olympics2021 #Olympic #Olympics2020 #Priya_Malik {@Olympics@} {@NBC Olympics@} {@Olympic Channel@},Priya Malik Wins the Gold @user http #Tokyo2020 #priyamalik #Olympics #TokyoOlympics #OlympicGames #Olympics2021 #Olympic #Olympics2020 #Priya_Malik @user @user @user,priya malik wins the gold tokyo priyamalik olympics tokyoolympics olympicgames olympics olympic olympics priya malik,15,Sports,0.003389539,0.32898188,0.6676286,0.66423905,0.6676286,Positive
1427747872137752576,2021-08-17,2021,2021-08,"Music News Chris Young’s {@ChrisYoungMusic@} eighth studio album, ‘Famous Friends’, includes some of the country star’s own, with Kane Brown assisting on the hit title track ! {{URL}}","Music News Chris Young’s @user eighth studio album, ‘Famous Friends’, includes some of the country star’s own, with Kane Brown assisting on the hit title track ! http",music news chris young s eighth studio album famous friends includes some of the country star s own with kane brown assisting on the hit title track,27,Celebrity & Pop Culture|Music,0.0023553756,0.6142933,0.38335133,0.38099596,0.6142933,Neutral
1191051454125088770,2019-11-03,2019,2019-11,Sunday is the perfect day to prep for Tuesday s election. And this guide is fast and easy to use. Interactive voter guide | See what s on your ballot {{URL}} {@Akron Beacon Journal@} .com,Sunday is the perfect day to prep for Tuesday s election. And this guide is fast and easy to use. Interactive voter guide | See what s on your ballot http @user .com,sunday is the perfect day to prep for tuesday s election and this guide is fast and easy to use interactive voter guide see what s on your ballot com,30,News & Social Concern,0.0020188426,0.07423973,0.92374146,0.9217226,0.92374146,Positive
1229041313447804930,2020-02-16,2020,2020-02,Oh my God! I feel it s special dayyes Rosie it sme You made my dayThank youuuu I hope you had amazing valentine s day! Love you so much( {@Rose Ellen Dix@} {@Roxetera@} ) #cameofameo {{URL}} через {@Cameo@},Oh my God! I feel it s special dayyes Rosie it sme You made my dayThank youuuu I hope you had amazing valentine s day! Love you so much( @user @user ) #cameofameo http через @user,oh my god i feel it s special dayyes rosie it sme you made my daythank youuuu i hope you had amazing valentine s day love you so much cameofameo,30,Diaries & Daily Life|Relationships,0.0028926365,0.005691302,0.99141616,0.98852354,0.99141616,Positive
1191141202063548416,2019-11-03,2019,2019-11,"6 biggest takeaways from UFC 244: Masvidal s star, Diaz s rematch hopes and more {{URL}} via {@MMA Junkie@}","6 biggest takeaways from UFC 244: Masvidal s star, Diaz s rematch hopes and more http via @user",biggest takeaways from ufc masvidal s star diaz s rematch hopes and more via,14,Sports,0.0041787024,0.8505535,0.14526777,0.14108907,0.8505535,Neutral
1176042068776501248,2019-09-23,2019,2019-09,Dark Mode — Working with Color Systems by {{USERNAME}} {{URL}},Dark Mode — Working with Color Systems by @user http,dark mode working with color systems by,7,Science & Technology,0.009011226,0.9460252,0.04496362,0.035952397,0.9460252,Neutral
1218948170887192582,2020-01-19,2020,2020-01,Bad Boys For Life wins the box office with huge holiday weekend - {@CNN@} {{URL}} #BadBoysForLife #badboys {{USERNAME}} {{USERNAME}},Bad Boys For Life wins the box office with huge holiday weekend - @user http #BadBoysForLife #badboys @user @user,bad boys for life wins the box office with huge holiday weekend badboysforlife badboys,14,Film Tv & Video,0.005184647,0.1675057,0.8273097,0.8221251,0.8273097,Positive
1222305316743852034,2020-01-28,2020,2020-01,"Kobe might have passed away, but I’m gonna stay strong and live on with #MambaMentality #RIPMambaAndGianna {{USERNAME}}","Kobe might have passed away, but I’m gonna stay strong and live on with #MambaMentality #RIPMambaAndGianna @user",kobe might have passed away but i m gonna stay strong and live on with mambamentality ripmambaandgianna,17,Sports,0.07018226,0.39105442,0.53876334,0.46858108,0.53876334,Positive
1254559980436496385,2020-04-26,2020,2020-04,"Common sense tells us not to digest disinfectants if you {{USERNAME}} do not possess common sense than common sense tells me you should not be our President {@GOP@} 54,614 Americans are dead and counting 963,168 Americans infected...Resign you must Resign","Common sense tells us not to digest disinfectants if you @user do not possess common sense than common sense tells me you should not be our President @user 54,614 Americans are dead and counting 963,168 Americans infected...Resign you must Resign",common sense tells us not to digest disinfectants if you do not possess common sense than common sense tells me you should not be our president americans are dead and counting americans infected resign you must resign,37,Fitness & Health|News & Social Concern,0.9262567,0.06809805,0.005645201,-0.9206115,0.9262567,Negative
1292428369347268608,2020-08-09,2020,2020-08,"i love you so much. i won’t ever be able to thank you for everything that you’ve ever done for me, & all the courage you’ve given me, it means more than you will ever know. {@Harry Styles@}","i love you so much. i won’t ever be able to thank you for everything that you’ve ever done for me, & all the courage you’ve given me, it means more than you will ever know. @user",i love you so much i won t ever be able to thank you for everything that you ve ever done for me all the courage you ve given me it means more than you will ever know,38,Celebrity & Pop Culture|Music,0.015510165,0.017997839,0.96649194,0.9509818,0.96649194,Positive
1350802222968401921,2021-01-17,2021,2021-01,King Kami feat Zenire - RIOT (Official Music Video) {{URL}} via {{USERNAME}},King Kami feat Zenire - RIOT (Official Music Video) http via @user,king kami feat zenire riot official music video via,9,Film Tv & Video|Music,0.0037174823,0.88345623,0.11282629,0.109108806,0.88345623,Neutral
1234267047615488006,2020-03-01,2020,2020-03,"Aye man I made it in the Top 15 for the Top HBCU DJs . The voting ends tonight, just wanted to thank everyone who voted for me frfr. Means a lot. Salute to ALL the DJs out here. Keep up the great work. Thank you to {{USERNAME}} {@N C Central University@} {{USERNAME}} #NCCU","Aye man I made it in the Top 15 for the Top HBCU DJs . The voting ends tonight, just wanted to thank everyone who voted for me frfr. Means a lot. Salute to ALL the DJs out here. Keep up the great work. Thank you to @user @user @user #NCCU",aye man i made it in the top for the top hbcu djs the voting ends tonight just wanted to thank everyone who voted for me frfr means a lot salute to all the djs out here keep up the great work thank you to nccu,46,Music,0.0034702034,0.01928421,0.9772456,0.97377545,0.9772456,Positive
1396281524748685313,2021-05-23,2021,2021-05,"The difference between me and {@Kevin Durant@} , besides basketball talent, I’d still be lying on the ground under the hoop.","The difference between me and @user , besides basketball talent, I’d still be lying on the ground under the hoop.",the difference between me and besides basketball talent i d still be lying on the ground under the hoop,19,Sports,0.26325125,0.57274723,0.16400151,-0.099249735,0.57274723,Neutral
1231637983931109380,2020-02-23,2020,2020-02,#Weekend #Blues #Sunday DJ Cheys ~ Chained To The Blues {{URL}} Coming Up Next! {{USERNAME}} Wiggle Out Of This {@Joss Stone@} Don t Know How #BadInfluence Midnight Thanks for listening to my show! ☮️ See you next weekend!,#Weekend #Blues #Sunday DJ Cheys ~ Chained To The Blues http Coming Up Next! @user Wiggle Out Of This @user Don t Know How #BadInfluence Midnight Thanks for listening to my show! ☮️ See you next weekend!,weekend blues sunday dj cheys chained to the blues coming up next wiggle out of this don t know how badinfluence midnight thanks for listening to my show see you next weekend,32,Music,0.023715029,0.3993697,0.5769153,0.5532003,0.5769153,Positive
1287261843673645056,2020-07-26,2020,2020-07,17.4M tweets in one n half day. That the power of #massmb #MaheshBabuBdayCDP #SarkaruVaariPaata {@Mahesh Babu@},17.4M tweets in one n half day. That the power of #massmb #MaheshBabuBdayCDP #SarkaruVaariPaata @user,m tweets in one n half day that the power of massmb maheshbabubdaycdp sarkaruvaaripaata,14,Celebrity & Pop Culture|Film Tv & Video,0.005996373,0.24790911,0.7460945,0.7400982,0.7460945,Positive
1210105427708395520,2019-12-26,2019,2019-12,I spent most of this Christmas break watching the {@BLACKPINK GLOBAL BLINK@} reality show. I DIDN T EVEN REALLY LISTEN TO THEM BEFORE. HOW DO THEY GET YOU HOOKED LIKE THAT.,I spent most of this Christmas break watching the @user reality show. I DIDN T EVEN REALLY LISTEN TO THEM BEFORE. HOW DO THEY GET YOU HOOKED LIKE THAT.,i spent most of this christmas break watching the reality show i didn t even really listen to them before how do they get you hooked like that,28,Celebrity & Pop Culture|Film Tv & Video|Music,0.8625011,0.123613976,0.013884933,-0.8486161,0.8625011,Negative
1241846845590159362,2020-03-22,2020,2020-03,COMING SOON! EP20 SESON FINALE W/ SPECIAL GUEST {{USERNAME}} ...TOPICS: #corona #conspiracy & #health with some craziness sprinkled in! FOOD PROVIDED BY hodans_la_cuisine_ ... Subscribe on iTUNES to keep up to… {{URL}},COMING SOON! EP20 SESON FINALE W/ SPECIAL GUEST @user ...TOPICS: #corona #conspiracy & #health with some craziness sprinkled in! FOOD PROVIDED BY hodans_la_cuisine_ ... Subscribe on iTUNES to keep up to… http,coming soon ep seson finale w special guest topics corona conspiracy health with some craziness sprinkled in food provided by hodans la cuisine subscribe on itunes to keep up to,30,News & Social Concern,0.014829415,0.5737883,0.41138226,0.39655283,0.5737883,Neutral
1393745946517909508,2021-05-16,2021,2021-05,"Opening night, {@Hartford Athletic@} with {{USERNAME}} and {{USERNAME}} 1-1 draw, great night! @ Dillon Stadium {{URL}}","Opening night, @user with @user and @user 1-1 draw, great night! @ Dillon Stadium http",opening night with and draw great night dillon stadium,9,Sports,0.0014231323,0.024156367,0.97442055,0.9729974,0.97442055,Positive
1211345655165280256,2019-12-29,2019,2019-12,The decade MVP is {@JJ Watt@} and don’t even question it. Probably the most disruptive defensive player I’ve seen in a very long time. His heart alone deserves the award. He’s come back from so many injuries where I was like “he had a good career” and he comes back just as good.,The decade MVP is @user and don’t even question it. Probably the most disruptive defensive player I’ve seen in a very long time. His heart alone deserves the award. He’s come back from so many injuries where I was like “he had a good career” and he comes back just as good.,the decade mvp is and don t even question it probably the most disruptive defensive player i ve seen in a very long time his heart alone deserves the award he s come back from so many injuries where i was like he had a good career and he comes back just as good,54,Sports,0.0076368363,0.022915801,0.9694474,0.9618105,0.9694474,Positive
1269627730024255488,2020-06-07,2020,2020-06,"Brittany Brees: We are the problem, we are sorry {{URL}} via {@Yahoo@} YOU CAN NOT UNRING THE BELL","Brittany Brees: We are the problem, we are sorry http via @user YOU CAN NOT UNRING THE BELL",brittany brees we are the problem we are sorry via you can not unring the bell,16,Celebrity & Pop Culture|News & Social Concern|Sports,0.88467836,0.10688509,0.008436524,-0.87624186,0.88467836,Negative
1363364947812474881,2021-02-21,2021,2021-02,"Lord, {{USERNAME}} compton is straight wildin over here! We got a full mexican band playing across the street.","Lord, @user compton is straight wildin over here! We got a full mexican band playing across the street.",lord compton is straight wildin over here we got a full mexican band playing across the street,17,Music,0.046424456,0.2534303,0.70014524,0.6537208,0.70014524,Positive
1337966566558851072,2020-12-13,2020,2020-12,[00:44] Purple Disco Machine / Sophie & The Giants - Hypnotized #nowplaying {{USERNAME}} {{URL}},[00:44] Purple Disco Machine / Sophie & The Giants - Hypnotized #nowplaying @user http,purple disco machine sophie the giants hypnotized nowplaying,8,Music,0.005784722,0.892119,0.102096364,0.09631164,0.892119,Neutral
1408658984056201217,2021-06-26,2021,2021-06,Squirrels seem to be ultra busy in Thoraipakkam. Power outage for 15-30 minutes every day. Today now more than hour. {{USERNAME}} {@Greater Chennai Corporation@},Squirrels seem to be ultra busy in Thoraipakkam. Power outage for 15-30 minutes every day. Today now more than hour. @user @user,squirrels seem to be ultra busy in thoraipakkam power outage for minutes every day today now more than hour,19,Diaries & Daily Life|News & Social Concern,0.67866147,0.30282307,0.018515464,-0.660146,0.67866147,Negative
1226473821206695937,2020-02-09,2020,2020-02,Lauren knows who the Hedgehog is on the masked singer..... it’s {@Hugh Jackman@} ! You heard it here first! Il be retweeting this when it’s revealed! #yeahwewatchit #maskedsinger,Lauren knows who the Hedgehog is on the masked singer..... it’s @user ! You heard it here first! Il be retweeting this when it’s revealed! #yeahwewatchit #maskedsinger,lauren knows who the hedgehog is on the masked singer it s you heard it here first il be retweeting this when it s revealed yeahwewatchit maskedsinger,27,Celebrity & Pop Culture|Film Tv & Video,0.004251194,0.2933953,0.70235354,0.69810236,0.70235354,Positive
1277298711559798785,2020-06-28,2020,2020-06,Paramore - Misery Business (Official Music Video) | #Paramore #MiseryBuisness #RiotAlbum #PopRock #Music #USA | #Portugal {{USERNAME}} | {{URL}},Paramore - Misery Business (Official Music Video) | #Paramore #MiseryBuisness #RiotAlbum #PopRock #Music #USA | #Portugal @user | http,paramore misery business official music video paramore miserybuisness riotalbum poprock music usa portugal,13,Celebrity & Pop Culture|Film Tv & Video|Music,0.01631832,0.9215592,0.06212247,0.04580415,0.9215592,Neutral
1360981251721752580,2021-02-14,2021,2021-02,"Given in the last 5 league games we {@Manchester United@} couldn’t beat the bottom 2 and the worse {@Liverpool FC@} team in living memory, you have to wonder if we’ll win a game again all season","Given in the last 5 league games we @user couldn’t beat the bottom 2 and the worse @user team in living memory, you have to wonder if we’ll win a game again all season",given in the last league games we couldn t beat the bottom and the worse team in living memory you have to wonder if we ll win a game again all season,32,Sports,0.8566446,0.13021104,0.013144331,-0.84350026,0.8566446,Negative
1190839224347398145,2019-11-03,2019,2019-11,"Bought a N64 to replay my childhood favorite Super Mario 64. While I grew up with the bad camera angles and touchy controls, it s {{USERNAME}} first time with it and honestly it s hilarious.","Bought a N64 to replay my childhood favorite Super Mario 64. While I grew up with the bad camera angles and touchy controls, it s @user first time with it and honestly it s hilarious.",bought a n to replay my childhood favorite super mario while i grew up with the bad camera angles and touchy controls it s first time with it and honestly it s hilarious,33,Gaming,0.034145344,0.116977155,0.84887755,0.8147322,0.84887755,Positive
1176767888147079170,2019-09-25,2019,2019-09,"Because here s the thing Ryan, if you and others like you had bothered to use the platform you have jealously guarded for years to actually talk about climate change, Greta Thunberg wouldn t need to be up there. {@Carl Kinsella@} {{URL}}","Because here s the thing Ryan, if you and others like you had bothered to use the platform you have jealously guarded for years to actually talk about climate change, Greta Thunberg wouldn t need to be up there. @user http",because here s the thing ryan if you and others like you had bothered to use the platform you have jealously guarded for years to actually talk about climate change greta thunberg wouldn t need to be up there,39,Celebrity & Pop Culture|News & Social Concern|Science & Technology,0.45195106,0.4985859,0.049463123,-0.40248793,0.4985859,Neutral
1269780947441987586,2020-06-07,2020,2020-06,"Tropical Storm Cristobal is expected to drench Wisconsin Tuesday, only fourth tropical storm to make it to the state since weather records kept {{URL}} via {@Journal Sentinel@}","Tropical Storm Cristobal is expected to drench Wisconsin Tuesday, only fourth tropical storm to make it to the state since weather records kept http via @user",tropical storm cristobal is expected to drench wisconsin tuesday only fourth tropical storm to make it to the state since weather records kept via,24,News & Social Concern,0.03334743,0.9187564,0.047896136,0.014548704,0.9187564,Neutral
1282341150309986309,2020-07-12,2020,2020-07,Ventura County Sheriff : Take Public Volunteers To Find Naya Rivera - Firma la petizione! #FindNayaRivera #NayaRivera {{URL}} via {@Change org Italia@},Ventura County Sheriff : Take Public Volunteers To Find Naya Rivera - Firma la petizione! #FindNayaRivera #NayaRivera http via @user,ventura county sheriff take public volunteers to find naya rivera firma la petizione findnayarivera nayarivera via,16,News & Social Concern,0.013461693,0.8262263,0.16031201,0.14685032,0.8262263,Neutral
1223873235378429962,2020-02-02,2020,2020-02,The Diablo 4 trailer is unreal... unfortunately {@Blizzard Entertainment@} sold out to China and oppression so I won’t be able to play it.,The Diablo 4 trailer is unreal... unfortunately @user sold out to China and oppression so I won’t be able to play it.,the diablo trailer is unreal unfortunately sold out to china and oppression so i won t be able to play it,21,Gaming,0.9046588,0.08022746,0.015113774,-0.889545,0.9046588,Negative
1274067245921185792,2020-06-19,2020,2020-06,Love’s A Game - It’s never left the live set and I think it has everything that I love about our band in there. Love you guys {@Michele Stodart@} {{USERNAME}} {{USERNAME}} ❤️#TimsTwitterListeningParty,Love’s A Game - It’s never left the live set and I think it has everything that I love about our band in there. Love you guys @user @user @user ❤️#TimsTwitterListeningParty,love s a game it s never left the live set and i think it has everything that i love about our band in there love you guys timstwitterlisteningparty,29,Music,0.0030022317,0.011032894,0.9859649,0.98296267,0.9859649,Positive
1284877469187747840,2020-07-19,2020,2020-07,I feel so lucky for stanning BTS in the start of the 2019. I came in Twitter after the release of persona. AND LEMME SAY IT. IT WAS THE MOST HAPPIEST YEAR FOR ME {@BTS_twt@},I feel so lucky for stanning BTS in the start of the 2019. I came in Twitter after the release of persona. AND LEMME SAY IT. IT WAS THE MOST HAPPIEST YEAR FOR ME @user,i feel so lucky for stanning bts in the start of the i came in twitter after the release of persona and lemme say it it was the most happiest year for me,33,Diaries & Daily Life|Music,0.0036853245,0.009470389,0.9868443,0.983159,0.9868443,Positive
1282251166026366976,2020-07-12,2020,2020-07,Props to Alex but {@Max Holloway@} won that fight #UFC251 #blessedexpress #realtalk,Props to Alex but @user won that fight #UFC251 #blessedexpress #realtalk,props to alex but won that fight ufc blessedexpress realtalk,10,Sports,0.005078136,0.05041117,0.94451076,0.9394326,0.94451076,Positive
1200956948008591360,2019-12-01,2019,2019-12,Epi 7 of {@The Morning Show@} - {@Mindy Kaling@} parading around a couple of white women to show how progressive the network is...while the brown people are left to make sure the trains of their dresses don t touch the ground. I find this extremely ironic when her character is AUDRA.,Epi 7 of @user - @user parading around a couple of white women to show how progressive the network is...while the brown people are left to make sure the trains of their dresses don t touch the ground. I find this extremely ironic when her character is AUDRA.,epi of parading around a couple of white women to show how progressive the network is while the brown people are left to make sure the trains of their dresses don t touch the ground i find this extremely ironic when her character is audra,45,Celebrity & Pop Culture|Fashion & Style|Film Tv & Video,0.4826248,0.47142196,0.045953255,-0.43667156,0.4826248,Negative
1305170505981288449,2020-09-13,2020,2020-09,Ready to see the {@LA Clippers@} get the W tonight and make the conference finals for the FIRST TIME IN HISTORY‼️ #ClipperNation #BoldApproved,Ready to see the @user get the W tonight and make the conference finals for the FIRST TIME IN HISTORY‼️ #ClipperNation #BoldApproved,ready to see the get the w tonight and make the conference finals for the first time in history clippernation boldapproved,21,Sports,0.0016387623,0.022687204,0.97567403,0.97403526,0.97567403,Positive
1206354771902287872,2019-12-15,2019,2019-12,"Video: Petr Yan reveals Urijah Faber was clowning him during UFC 245 fight, wants title shot next {{URL}} via {@MMAFighting com@}","Video: Petr Yan reveals Urijah Faber was clowning him during UFC 245 fight, wants title shot next http via @user",video petr yan reveals urijah faber was clowning him during ufc fight wants title shot next via,17,Sports,0.07749529,0.8631201,0.059384644,-0.018110648,0.8631201,Neutral
1311999304165253121,2020-10-02,2020,2020-10,so watch me bring the fire and set the night alight I vote #Dynamite for #TheSong category at #PCAs2020 2020 {@BTS_twt@},so watch me bring the fire and set the night alight I vote #Dynamite for #TheSong category at #PCAs2020 2020 @user,so watch me bring the fire and set the night alight i vote dynamite for thesong category at pcas,19,Film Tv & Video|Music,0.004058776,0.30848008,0.6874612,0.6834024,0.6874612,Positive
1219009473773285377,2020-01-19,2020,2020-01,The Irish win big here {{USERNAME}} over Trotwood by the final score of 100-78. {{USERNAME}} finishes with 42 points in a dominant second half.,The Irish win big here @user over Trotwood by the final score of 100-78. @user finishes with 42 points in a dominant second half.,the irish win big here over trotwood by the final score of finishes with points in a dominant second half,20,Sports,0.0017962363,0.10823016,0.8899736,0.88817734,0.8899736,Positive
1185946807357952002,2019-10-20,2019,2019-10,The 50 Most Beautiful Cities in the World {{URL}} via {@Cond Nast Traveler@},The 50 Most Beautiful Cities in the World http via @user,the most beautiful cities in the world via,8,Arts & Culture|Travel & Adventure,0.003186749,0.058364104,0.9384491,0.9352623,0.9384491,Positive
1188514741695795201,2019-10-27,2019,2019-10,"Join me to get {@Listia@} s new $XNK #cryptocurrency for free! Use code CCNFLP for an extra 100 XNK. Just got this with my Ink, Victorias Secret Rebel Perfume Li l Glass Spray Fragrance {{URL}}","Join me to get @user s new $XNK #cryptocurrency for free! Use code CCNFLP for an extra 100 XNK. Just got this with my Ink, Victorias Secret Rebel Perfume Li l Glass Spray Fragrance http",join me to get s new xnk cryptocurrency for free use code ccnflp for an extra xnk just got this with my ink victorias secret rebel perfume li l glass spray fragrance,32,Business & Entrepreneurs|Other Hobbies,0.002642983,0.15216805,0.845189,0.842546,0.845189,Positive
1209984531156979712,2019-12-25,2019,2019-12,Out with {{USERNAME}} to see the new Star Wars movie. #riseofskywalker #starwars #siblings #christmas @ Carmike Salem Valley 8 {{URL}},Out with @user to see the new Star Wars movie. #riseofskywalker #starwars #siblings #christmas @ Carmike Salem Valley 8 http,out with to see the new star wars movie riseofskywalker starwars siblings christmas carmike salem valley,16,Diaries & Daily Life|Family|Film Tv & Video,0.0021580078,0.38104585,0.61679614,0.61463815,0.61679614,Positive
1320453734179180552,2020-10-25,2020,2020-10,Massive congratulations to the {@Lewis Hamilton@} . One of the UK s greatest sports stars ever and also an outspoken vegan and human rights activist. What a man,Massive congratulations to the @user . One of the UK s greatest sports stars ever and also an outspoken vegan and human rights activist. What a man,massive congratulations to the one of the uk s greatest sports stars ever and also an outspoken vegan and human rights activist what a man,25,News & Social Concern|Sports,0.0035483977,0.012986346,0.9834652,0.9799168,0.9834652,Positive
1398910868180643844,2021-05-30,2021,2021-05,"I am on my 5th play through of #RedDeadRedemption2, there is so much hidden details and dialogue this is without a doubt {@Rockstar Games@} best work. Arthur Morgan is the greatest and most relatable protagonist in gaming history","I am on my 5th play through of #RedDeadRedemption2, there is so much hidden details and dialogue this is without a doubt @user best work. Arthur Morgan is the greatest and most relatable protagonist in gaming history",i am on my th play through of reddeadredemption there is so much hidden details and dialogue this is without a doubt best work arthur morgan is the greatest and most relatable protagonist in gaming history,36,Gaming|Sports,0.0043756994,0.016074235,0.97955006,0.97517437,0.97955006,Positive
1236652371863678977,2020-03-08,2020,2020-03,Check out what I just added to my closet on Poshmark: SPRING FORWARD! HUNTERS NOW UP! GET THE BLUES!. {{URL}} via {@Poshmark@} #shopmycloset,Check out what I just added to my closet on Poshmark: SPRING FORWARD! HUNTERS NOW UP! GET THE BLUES!. http via @user #shopmycloset,check out what i just added to my closet on poshmark spring forward hunters now up get the blues via shopmycloset,21,Fashion & Style|News & Social Concern,0.0018050849,0.15553722,0.8426576,0.84085256,0.8426576,Positive
1409239607288516613,2021-06-27,2021,2021-06,"Dillon Tate pitches the 7th for the Orioles and strikes out the side, 5-2 Tor. {@WGRZ@} #Orioles #WeAreBlueJays","Dillon Tate pitches the 7th for the Orioles and strikes out the side, 5-2 Tor. @user #Orioles #WeAreBlueJays",dillon tate pitches the th for the orioles and strikes out the side tor orioles wearebluejays,16,Sports,0.0037944186,0.82369614,0.1725094,0.16871499,0.82369614,Neutral
1231486495548149761,2020-02-23,2020,2020-02,"Tyson Fury is a heavyweight champion once again, dominating Deontay Wilder in their title rematch Saturday night, via {@The Associated Press@} {{URL}}","Tyson Fury is a heavyweight champion once again, dominating Deontay Wilder in their title rematch Saturday night, via @user http",tyson fury is a heavyweight champion once again dominating deontay wilder in their title rematch saturday night via,18,Sports,0.0022360762,0.30400953,0.6937544,0.6915183,0.6937544,Positive
1376292875156262917,2021-03-28,2021,2021-03,⠀⠀⠀ ⠀⠀⠀Mao leaps on top of {{USERNAME}} and pins him to the ground. ⠀⠀⠀❝ Pants off. Now. ❞ ⠀⠀⠀,⠀⠀⠀ ⠀⠀⠀Mao leaps on top of @user and pins him to the ground. ⠀⠀⠀❝ Pants off. Now. ❞ ⠀⠀⠀,mao leaps on top of and pins him to the ground pants off now,14,Diaries & Daily Life|Other Hobbies,0.11180362,0.8272267,0.06096975,-0.05083387,0.8272267,Neutral
1176586575125327872,2019-09-24,2019,2019-09,Climate Change Extremists Need to Chill Out {{URL}} via {{USERNAME}},Climate Change Extremists Need to Chill Out http via @user,climate change extremists need to chill out via,8,News & Social Concern|Science & Technology,0.374883,0.59316915,0.031947877,-0.34293512,0.59316915,Neutral
1279805962937864193,2020-07-05,2020,2020-07,Huge shoutout to {{USERNAME}} this is a fantastic new label and they are very nice! Very thoughtful. Thinks of others and is willing to help out. Highly recommend dealing with them.,Huge shoutout to @user this is a fantastic new label and they are very nice! Very thoughtful. Thinks of others and is willing to help out. Highly recommend dealing with them.,huge shoutout to this is a fantastic new label and they are very nice very thoughtful thinks of others and is willing to help out highly recommend dealing with them,30,Business & Entrepreneurs|Diaries & Daily Life,0.005428332,0.010730063,0.98384154,0.9784132,0.98384154,Positive
1332835392530259969,2020-11-28,2020,2020-11,declan DONT reply if the new music video is You Better Believe!!! {@Declan mckenna@},declan DONT reply if the new music video is You Better Believe!!! @user,declan dont reply if the new music video is you better believe,12,Music,0.6693039,0.30432898,0.026367143,-0.64293677,0.6693039,Negative
1226529154964893696,2020-02-09,2020,2020-02,"Big show tonight ! Daytona {{USERNAME}} winner {@VenturiniMotorsports@} {@Michael Self@} will join us live , also in the race with a 6th {@Jason White@} plus {@NASCAR Camping World Trucks@} Series director Brad Moran & more form {{USERNAME}} World Series 645 pm on our stream {@SXMCanadaTalks@} 167 9pm ET","Big show tonight ! Daytona @user winner @user @user will join us live , also in the race with a 6th @user plus @user Series director Brad Moran & more form @user World Series 645 pm on our stream @user 167 9pm ET",big show tonight daytona winner will join us live also in the race with a th plus series director brad moran more form world series pm on our stream pm et,31,Sports,0.0020432053,0.33632624,0.66163063,0.65958744,0.66163063,Positive
1299948385789775876,2020-08-30,2020,2020-08,"#Sacredspace {{USERNAME}} {@Khaya Mthethwa@} Mawatt s song always brings me to tears. Mom s voice, Siyabonga feeding 17 mouths. Oh Lord! There are people all over the world who live like this. May God visit them this morning. May they experience His amazing power of providence","#Sacredspace @user @user Mawatt s song always brings me to tears. Mom s voice, Siyabonga feeding 17 mouths. Oh Lord! There are people all over the world who live like this. May God visit them this morning. May they experience His amazing power of providence",sacredspace mawatt s song always brings me to tears mom s voice siyabonga feeding mouths oh lord there are people all over the world who live like this may god visit them this morning may they experience his amazing power of providence,42,Diaries & Daily Life|Music|Other Hobbies,0.017440084,0.05770445,0.9248554,0.90741533,0.9248554,Positive
1259599610152210432,2020-05-10,2020,2020-05,Happy Mother’s Day to all the mommas out there - especially the ones committed to matching with their littles {{USERNAME}} #Bodenbyme {{URL}} #liketkit {{URL}} {{URL}},Happy Mother’s Day to all the mommas out there - especially the ones committed to matching with their littles @user #Bodenbyme http #liketkit http http,happy mother s day to all the mommas out there especially the ones committed to matching with their littles bodenbyme liketkit,21,Diaries & Daily Life|Family|Relationships,0.0023011717,0.016900087,0.98079866,0.9784975,0.98079866,Positive
1212070051731398657,2019-12-31,2019,2019-12,"Kurt s Games of the Decade Just saw {{USERNAME}} s list and I loved it so here I am giving this a go too. There could be at least 50 honorable mentions so I ll just keep it to one per year. Simple premise: Ten years, I choose one best game and say why. #GamesOfTheDecade","Kurt s Games of the Decade Just saw @user s list and I loved it so here I am giving this a go too. There could be at least 50 honorable mentions so I ll just keep it to one per year. Simple premise: Ten years, I choose one best game and say why. #GamesOfTheDecade",kurt s games of the decade just saw s list and i loved it so here i am giving this a go too there could be at least honorable mentions so i ll just keep it to one per year simple premise ten years i choose one best game and say why gamesofthedecade,53,Gaming,0.0043434114,0.033678602,0.961978,0.9576346,0.961978,Positive
1333137431286009856,2020-11-29,2020,2020-11,Destiny s Child - Jumpin’ Jumpin’ (Official Music Video) {{URL}} via {@YouTube@} this song takes me right back to high school,Destiny s Child - Jumpin’ Jumpin’ (Official Music Video) http via @user this song takes me right back to high school,destiny s child jumpin jumpin official music video via this song takes me right back to high school,18,Music,0.010324603,0.30462876,0.6850466,0.674722,0.6850466,Positive
1381151461942394886,2021-04-11,2021,2021-04,Real Madrid s victory over FC Barcelona just left Atletico Madrid s title hope hanging in the balance. They must make very sure that they amass maximum points against in-form Real Betis. {{USERNAME}},Real Madrid s victory over FC Barcelona just left Atletico Madrid s title hope hanging in the balance. They must make very sure that they amass maximum points against in-form Real Betis. @user,real madrid s victory over fc barcelona just left atletico madrid s title hope hanging in the balance they must make very sure that they amass maximum points against in form real betis,33,Sports,0.021286698,0.7223789,0.25633436,0.23504767,0.7223789,Neutral
1244352578051280904,2020-03-29,2020,2020-03,Someone shows this to Vodacom. We need intervention packages during this trying time...!!! IOL: MTN s free daily Data Lifeline to keep customers connected during the lockdown. {{URL}} via {@Google News@},Someone shows this to Vodacom. We need intervention packages during this trying time...!!! IOL: MTN s free daily Data Lifeline to keep customers connected during the lockdown. http via @user,someone shows this to vodacom we need intervention packages during this trying time iol mtn s free daily data lifeline to keep customers connected during the lockdown via,28,News & Social Concern|Science & Technology,0.11867579,0.67013896,0.2111852,0.09250941,0.67013896,Neutral
1378616455189659648,2021-04-04,2021,2021-04,Hard Work Key To Bankies Sunday Success {{URL}} via {{USERNAME}},Hard Work Key To Bankies Sunday Success http via @user,hard work key to bankies sunday success via,8,Business & Entrepreneurs,0.004324803,0.20942871,0.7862464,0.7819216,0.7862464,Positive
1180841301727682561,2019-10-06,2019,2019-10,CIA Coup? US IC s Fingerprints All Over Trump Impeachment Op & JFK Assassination – RPI Director - Watch out Sir! {@President Biden@} {{USERNAME}} {@Jill Biden@} {{URL}},CIA Coup? US IC s Fingerprints All Over Trump Impeachment Op & JFK Assassination – RPI Director - Watch out Sir! @user @user @user http,cia coup us ic s fingerprints all over trump impeachment op jfk assassination rpi director watch out sir,18,News & Social Concern,0.29131442,0.68276626,0.025919346,-0.26539508,0.68276626,Neutral
1241786421083586561,2020-03-22,2020,2020-03,I am Streaming @ 3pm EST having fun with some Animal Crossing New Horizons. Come hang out and have some fun {{USERNAME}} {{URL}} #AnimalCrossingSwitch #AnimalCrossingNewHorizon #Animalcrossing #SupportSmallStreamers #SmallStreamersConnect #SmallStreamerCommunity,I am Streaming @ 3pm EST having fun with some Animal Crossing New Horizons. Come hang out and have some fun @user http #AnimalCrossingSwitch #AnimalCrossingNewHorizon #Animalcrossing #SupportSmallStreamers #SmallStreamersConnect #SmallStreamerCommunity,i am streaming pm est having fun with some animal crossing new horizons come hang out and have some fun animalcrossingswitch animalcrossingnewhorizon animalcrossing supportsmallstreamers smallstreamersconnect smallstreamercommunity,26,Gaming,0.0012212922,0.036170587,0.9626081,0.9613868,0.9626081,Positive
1196483814014570500,2019-11-18,2019,2019-11,Harry Styles Rips Off His Pants On SNL To Give Fans What They ve Been Waiting For {{URL}} via {@Yahoo@},Harry Styles Rips Off His Pants On SNL To Give Fans What They ve Been Waiting For http via @user,harry styles rips off his pants on snl to give fans what they ve been waiting for via,18,Celebrity & Pop Culture|Film Tv & Video,0.0023947104,0.5458349,0.45177037,0.44937566,0.5458349,Neutral
1279806388638801927,2020-07-05,2020,2020-07,"Woo hoo! First coffee and cake out of lockdown, courtesy of {{USERNAME}} went on a long walk with the dogs this morning I’m anticipation. I’ve missed this! . . . #lovefood #coffeelover #coffeeandcake… {{URL}}","Woo hoo! First coffee and cake out of lockdown, courtesy of @user went on a long walk with the dogs this morning I’m anticipation. I’ve missed this! . . . #lovefood #coffeelover #coffeeandcake… http",woo hoo first coffee and cake out of lockdown courtesy of went on a long walk with the dogs this morning i m anticipation i ve missed this lovefood coffeelover coffeeandcake,31,Diaries & Daily Life|Food & Dining,0.0024989622,0.0119410325,0.98556006,0.9830611,0.98556006,Positive
1246613616436142080,2020-04-05,2020,2020-04,"Honestly? If {@HBO@} got the entire Harry Potter cast back for a sequel TV series, they would make BILLIONS upon BILLIONS of dollars.","Honestly? If @user got the entire Harry Potter cast back for a sequel TV series, they would make BILLIONS upon BILLIONS of dollars.",honestly if got the entire harry potter cast back for a sequel tv series they would make billions upon billions of dollars,22,Film Tv & Video,0.02773352,0.25611198,0.71615446,0.68842095,0.71615446,Positive
1295086973816901634,2020-08-16,2020,2020-08,The NFC South is expected to be one of the most competitive divisions in all of the NFL. {{USERNAME}} predicts the over/under for each team in the NFC South. Take a look!! {{URL}},The NFC South is expected to be one of the most competitive divisions in all of the NFL. @user predicts the over/under for each team in the NFC South. Take a look!! http,the nfc south is expected to be one of the most competitive divisions in all of the nfl predicts the over under for each team in the nfc south take a look,32,Sports,0.0029380468,0.32511678,0.67194515,0.6690071,0.67194515,Positive
1249332368026013696,2020-04-12,2020,2020-04,"Jesus is risen! • Happy Easter! Happy Resurrection Day! Happy, happy, happy because the Lord Jesus Christ is risen! • If you don’t have a church service to join this morning, join our church {{USERNAME}} for… {{URL}}","Jesus is risen! • Happy Easter! Happy Resurrection Day! Happy, happy, happy because the Lord Jesus Christ is risen! • If you don’t have a church service to join this morning, join our church @user for… http",jesus is risen happy easter happy resurrection day happy happy happy because the lord jesus christ is risen if you don t have a church service to join this morning join our church for,34,Arts & Culture|Diaries & Daily Life|Other Hobbies,0.001344657,0.016335793,0.98231953,0.98097485,0.98231953,Positive
1287535757771649024,2020-07-26,2020,2020-07,PC games have minimum spec requirements as in Halo Infinite it had to be downgraded to reach launch Xbox One specs. Leave the Xbox One in the dust! {@Phil Spencer@},PC games have minimum spec requirements as in Halo Infinite it had to be downgraded to reach launch Xbox One specs. Leave the Xbox One in the dust! @user,pc games have minimum spec requirements as in halo infinite it had to be downgraded to reach launch xbox one specs leave the xbox one in the dust,28,Gaming|Science & Technology,0.5125826,0.41836482,0.06905263,-0.44352996,0.5125826,Negative
1259422576763269125,2020-05-10,2020,2020-05,Awesome fights on the ufc 249 card today! {@Bryce Mitchell@} who is next for you ? Time to jump up a level in competition now that your getting camo,Awesome fights on the ufc 249 card today! @user who is next for you ? Time to jump up a level in competition now that your getting camo,awesome fights on the ufc card today who is next for you time to jump up a level in competition now that your getting camo,25,Sports,0.0021345506,0.020632282,0.97723323,0.97509867,0.97723323,Positive
1374751063081766919,2021-03-24,2021,2021-03,IKEA the so called international company is pretty lax in its nature.we ordered a single seater sofa for which they have sent covers and cushion covers of a two seater.Its like sending size XL for a baby.Clean up ur act IKEA.. {{USERNAME}} {{USERNAME}},IKEA the so called international company is pretty lax in its nature.we ordered a single seater sofa for which they have sent covers and cushion covers of a two seater.Its like sending size XL for a baby.Clean up ur act IKEA.. @user @user,ikea the so called international company is pretty lax in its nature we ordered a single seater sofa for which they have sent covers and cushion covers of a two seater its like sending size xl for a baby clean up ur act ikea,44,Business & Entrepreneurs,0.87593675,0.116179906,0.007883355,-0.8680534,0.87593675,Negative
1241846888728584192,2020-03-22,2020,2020-03,"So the first meal I was planning to get after my isolation period was {@McDonald s UK@} Drive Thru on Wednesday Just for me to find out that in a few hours, all 1,370 McDonalds in U.K. and Ireland will be shutting due to COVID19 I’m gutted","So the first meal I was planning to get after my isolation period was @user Drive Thru on Wednesday Just for me to find out that in a few hours, all 1,370 McDonalds in U.K. and Ireland will be shutting due to COVID19 I’m gutted",so the first meal i was planning to get after my isolation period was drive thru on wednesday just for me to find out that in a few hours all mcdonalds in u k and ireland will be shutting due to covid i m gutted,45,Fitness & Health|Food & Dining,0.77698016,0.19449876,0.028521145,-0.74845904,0.77698016,Negative
1176647151645941760,2019-09-24,2019,2019-09,Christina Perri - A Thousand Years [Official Music Video] {{URL}} - {@YouTube@} 감미롭다.,Christina Perri - A Thousand Years [Official Music Video] http - @user 감미롭다.,christina perri a thousand years official music video,8,Music,0.004762641,0.9335142,0.061723176,0.056960534,0.9335142,Neutral
1289858748702285832,2020-08-02,2020,2020-08,"Great article on #ContactTracing tracing, ethics and trust by {{USERNAME}} . Really valuable analysis which helps explain the complexity of this issue and the approaches taken in different countries. Would highly recommend this to policy makers too #COVID19 {{URL}}","Great article on #ContactTracing tracing, ethics and trust by @user . Really valuable analysis which helps explain the complexity of this issue and the approaches taken in different countries. Would highly recommend this to policy makers too #COVID19 http",great article on contacttracing tracing ethics and trust by really valuable analysis which helps explain the complexity of this issue and the approaches taken in different countries would highly recommend this to policy makers too covid,36,Diaries & Daily Life|Fitness & Health|News & Social Concern,0.0074300086,0.06224638,0.9303237,0.9228937,0.9303237,Positive
1322719978705936384,2020-11-01,2020,2020-11,Stay safe everyone. GOD BLESS US! {@SB19 Official@} #SB19,Stay safe everyone. GOD BLESS US! @user #SB19,stay safe everyone god bless us sb,7,News & Social Concern|Other Hobbies,0.0044432725,0.022162873,0.97339386,0.96895057,0.97339386,Positive
1241785352328798209,2020-03-22,2020,2020-03,Somehow my wife {{USERNAME}} has enabled PvP in Animal crossing.,Somehow my wife @user has enabled PvP in Animal crossing.,somehow my wife has enabled pvp in animal crossing,9,Gaming,0.0066061113,0.28907502,0.70431894,0.69771284,0.70431894,Positive
1261929156725669890,2020-05-17,2020,2020-05,"Trump Declares Vaccine Or No Vaccine, We re Back, As Coronavirus Death... {{URL}} via {@YouTube@} **THE NEXT FEW WEEKS IS GOING TO HAVE US RIGHT BACK TO WHERE WE WERE AT THE END OF MARCH & THEY CYCLE WILL KEEP REPEATING UNTIL A VACCINE IS FOUND.**","Trump Declares Vaccine Or No Vaccine, We re Back, As Coronavirus Death... http via @user **THE NEXT FEW WEEKS IS GOING TO HAVE US RIGHT BACK TO WHERE WE WERE AT THE END OF MARCH & THEY CYCLE WILL KEEP REPEATING UNTIL A VACCINE IS FOUND.**",trump declares vaccine or no vaccine we re back as coronavirus death via the next few weeks is going to have us right back to where we were at the end of march they cycle will keep repeating until a vaccine is found,43,Fitness & Health|News & Social Concern,0.5334383,0.44520977,0.021351885,-0.51208645,0.5334383,Negative
1241544580862038022,2020-03-22,2020,2020-03,{{URL}} {{USERNAME}} my friend is streaming some chill animal crossing visiting islands and stuff come check it out my dudes,http @user my friend is streaming some chill animal crossing visiting islands and stuff come check it out my dudes,my friend is streaming some chill animal crossing visiting islands and stuff come check it out my dudes,18,Film Tv & Video|Gaming,0.0023559318,0.23557177,0.7620723,0.7597164,0.7620723,Positive
1267153289872838657,2020-05-31,2020,2020-05,Trump defers to states after protests over George Floyd’s death spread across nation {@Francesca Chambers@} {@Michael Wilner@} {@Tara Copp@} {{URL}},Trump defers to states after protests over George Floyd’s death spread across nation @user @user @user http,trump defers to states after protests over george floyd s death spread across nation,14,News & Social Concern,0.45244637,0.53567743,0.01187624,-0.44057012,0.53567743,Neutral
1216478962391638020,2020-01-12,2020,2020-01,The U.S. Public Doesn’t Want War With Iran. The Senate Must Reaffirm That. #Iran {{URL}} via {{USERNAME}},The U.S. Public Doesn’t Want War With Iran. The Senate Must Reaffirm That. #Iran http via @user,the u s public doesn t want war with iran the senate must reaffirm that iran via,17,News & Social Concern,0.3323333,0.64309174,0.024574962,-0.30775833,0.64309174,Neutral
1180661873085161473,2019-10-06,2019,2019-10,Smaddy caa tek weh {{USERNAME}} phone? Please Send Help,Smaddy caa tek weh @user phone? Please Send Help,smaddy caa tek weh phone please send help,8,Diaries & Daily Life|Other Hobbies,0.30579123,0.6491853,0.045023497,-0.26076773,0.6491853,Neutral
1251873142101819399,2020-04-19,2020,2020-04,IGBT combination of MOSFET and BJT... You can join our family {{USERNAME}} 1️⃣ Share with your friends. 2️⃣Join our #LearnEEE family {{USERNAME}} 3️⃣Visit our Website {{URL}} 4️⃣Visit our Youtube… {{URL}},IGBT combination of MOSFET and BJT... You can join our family @user 1️⃣ Share with your friends. 2️⃣Join our #LearnEEE family @user 3️⃣Visit our Website http 4️⃣Visit our Youtube… http,igbt combination of mosfet and bjt you can join our family share with your friends join our learneee family visit our website visit our youtube,25,Other Hobbies,0.0030248999,0.4528295,0.54414564,0.54112077,0.54414564,Positive
1231638357475840000,2020-02-23,2020,2020-02,Aubameyang was the perfect replacement for {{USERNAME}} #14. anyone else was just a joke #ARSEVE,Aubameyang was the perfect replacement for @user #14. anyone else was just a joke #ARSEVE,aubameyang was the perfect replacement for anyone else was just a joke arseve,13,Sports,0.16041349,0.30814707,0.5314394,0.37102592,0.5314394,Positive
1409146903451758592,2021-06-27,2021,2021-06,"Take out Mithali Raj s innings and the score is nothing... 72(108) may not be that good considering strike rate, but its decent considering the match situation... A team needs only one Anchor {@Mithali Raj@} .. No comments on Harman, should try someone else.. #INDvENG","Take out Mithali Raj s innings and the score is nothing... 72(108) may not be that good considering strike rate, but its decent considering the match situation... A team needs only one Anchor @user .. No comments on Harman, should try someone else.. #INDvENG",take out mithali raj s innings and the score is nothing may not be that good considering strike rate but its decent considering the match situation a team needs only one anchor no comments on harman should try someone else indveng,41,Sports,0.40449542,0.5274195,0.06808507,-0.33641034,0.5274195,Neutral
1223933719066697728,2020-02-02,2020,2020-02,Recently on {{USERNAME}} : We took a look at the Hori SD Station for the Nintendo Famicom {{URL}} We looked at the latest firmware update for the beta of the Satiator SD solution for the Sega Saturn {{URL}},Recently on @user : We took a look at the Hori SD Station for the Nintendo Famicom http We looked at the latest firmware update for the beta of the Satiator SD solution for the Sega Saturn http,recently on we took a look at the hori sd station for the nintendo famicom we looked at the latest firmware update for the beta of the satiator sd solution for the sega saturn,34,Gaming,0.0037426616,0.87816656,0.11809073,0.11434806,0.87816656,Neutral
1414162165724966918,2021-07-11,2021,2021-07,Permission to dance MV has surpassed 100M views Congratulations {@BTS_twt@} #PermissiontoDance #PermissionToDance100M,Permission to dance MV has surpassed 100M views Congratulations @user #PermissiontoDance #PermissionToDance100M,permission to dance mv has surpassed m views congratulations permissiontodance permissiontodance m,12,Music,0.0017805093,0.036840256,0.9613793,0.9595988,0.9613793,Positive
1256944602575142912,2020-05-03,2020,2020-05,#YourFavoriteTexasPromoter #BornPaidEnt️️️ NEW MUSIC VIDEO BY MY BROTHER bornpaidzeezy - #untold shot by {{USERNAME}} #4E #hoodfame #OakCliffAmerica #BornPaidWorldWide #DallasWallStreet #ripfresh #bp5l… {{URL}},#YourFavoriteTexasPromoter #BornPaidEnt️️️ NEW MUSIC VIDEO BY MY BROTHER bornpaidzeezy - #untold shot by @user #4E #hoodfame #OakCliffAmerica #BornPaidWorldWide #DallasWallStreet #ripfresh #bp5l… http,yourfavoritetexaspromoter bornpaident new music video by my brother bornpaidzeezy untold shot by e hoodfame oakcliffamerica bornpaidworldwide dallaswallstreet ripfresh bp l,20,Music,0.0046343645,0.6411808,0.35418487,0.34955052,0.6411808,Neutral
1348839627713613826,2021-01-12,2021,2021-01,OH today my friend told me to listen to drivers license by {@Olivia Rodrigo@} and it really did make me cry about my ex from two years ago... so yeah there’s that.,OH today my friend told me to listen to drivers license by @user and it really did make me cry about my ex from two years ago... so yeah there’s that.,oh today my friend told me to listen to drivers license by and it really did make me cry about my ex from two years ago so yeah there s that,31,Celebrity & Pop Culture|Music|Relationships,0.37809697,0.39710516,0.2247979,-0.15329906,0.39710516,Neutral
1297412640709521408,2020-08-23,2020,2020-08,"While we at it, I know Marvel can manage to make an actual good Howard the Duck reboot. {@Disney@} {@Marvel Entertainment@}","While we at it, I know Marvel can manage to make an actual good Howard the Duck reboot. @user @user",while we at it i know marvel can manage to make an actual good howard the duck reboot,18,Celebrity & Pop Culture|Film Tv & Video,0.019793227,0.258138,0.7220688,0.7022756,0.7220688,Positive
1261823011080089602,2020-05-17,2020,2020-05,“I’ve got a lot of problems with you people!” “The Strike” now airing in {@TBS Network@} Happy Festivus! Rest in Power Jerry Stiller #YamahamaFrightNight,“I’ve got a lot of problems with you people!” “The Strike” now airing in @user Happy Festivus! Rest in Power Jerry Stiller #YamahamaFrightNight,i ve got a lot of problems with you people the strike now airing in happy festivus rest in power jerry stiller yamahamafrightnight,23,Celebrity & Pop Culture|Film Tv & Video,0.27686557,0.38020852,0.3429259,0.066060334,0.38020852,Neutral
1234115847486087169,2020-03-01,2020,2020-03,Making a difference one cause at a time. Proudly supporting the lovely Goddesses of {{USERNAME}} on their Lupus Awareness Campaign...keep up the excellent work Ladies! We at Omega Xi Omega Military Fraternity… {{URL}},Making a difference one cause at a time. Proudly supporting the lovely Goddesses of @user on their Lupus Awareness Campaign...keep up the excellent work Ladies! We at Omega Xi Omega Military Fraternity… http,making a difference one cause at a time proudly supporting the lovely goddesses of on their lupus awareness campaign keep up the excellent work ladies we at omega xi omega military fraternity,32,Fitness & Health|News & Social Concern,0.0021464697,0.01583106,0.9820224,0.9798759,0.9820224,Positive
1244322282664837120,2020-03-29,2020,2020-03,24/7 Electronic: Please Stay {{USERNAME}} by Jazzykat on {{URL}},24/7 Electronic: Please Stay @user by Jazzykat on http,electronic please stay by jazzykat on,6,Music,0.0045767105,0.8904592,0.104964085,0.10038737,0.8904592,Neutral
1401537612817612803,2021-06-06,2021,2021-06,"Think you can t outrank #Amazon, Walmart, Macy s, Alibaba Read this article from {{USERNAME}} to see precisely how they re-frame the problem and beat the #ecommerce heavyweights on a regular basis! {{URL}} #shopify","Think you can t outrank #Amazon, Walmart, Macy s, Alibaba Read this article from @user to see precisely how they re-frame the problem and beat the #ecommerce heavyweights on a regular basis! http #shopify",think you can t outrank amazon walmart macy s alibaba read this article from to see precisely how they re frame the problem and beat the ecommerce heavyweights on a regular basis shopify,33,Business & Entrepreneurs,0.016010033,0.50497633,0.47901362,0.46300358,0.50497633,Neutral
1409207479896969217,2021-06-27,2021,2021-06,Arguments - Into the Void (Official Music Video) {{URL}} {@YouTube@} #Arguments #Djent #Metalcore #MetallicHardcore #Metal,Arguments - Into the Void (Official Music Video) http @user #Arguments #Djent #Metalcore #MetallicHardcore #Metal,arguments into the void official music video arguments djent metalcore metallichardcore metal,12,Film Tv & Video|Music,0.020944957,0.9265774,0.05247771,0.031532753,0.9265774,Neutral
1173355629622321153,2019-09-15,2019,2019-09,Did you all know there was a {@Pittsburgh Pirates@} game today? Did you also know they gave up 47 runs in the last 3 games vs the {@Chicago Cubs@} ?? Did you know there was a UFC fight in the clubhouse? Whew. Let’s see who “Walks the Plank” and review the week. #LetsGoBucs {{URL}},Did you all know there was a @user game today? Did you also know they gave up 47 runs in the last 3 games vs the @user ?? Did you know there was a UFC fight in the clubhouse? Whew. Let’s see who “Walks the Plank” and review the week. #LetsGoBucs http,did you all know there was a game today did you also know they gave up runs in the last games vs the did you know there was a ufc fight in the clubhouse whew let s see who walks the plank and review the week letsgobucs,47,Sports,0.08521544,0.6536372,0.26114744,0.17593199,0.6536372,Neutral
1212281446364266496,2020-01-01,2020,2020-01,ended the decade with my favorite song (OCEAN) by sevenlions and started the new year with a song jestin and I love (FIRST TIME) it’s going to be a great year {@Seven Lions@} ❤️✨,ended the decade with my favorite song (OCEAN) by sevenlions and started the new year with a song jestin and I love (FIRST TIME) it’s going to be a great year @user ❤️✨,ended the decade with my favorite song ocean by sevenlions and started the new year with a song jestin and i love first time it s going to be a great year,32,Music,0.0018722753,0.0064257565,0.991702,0.9898297,0.991702,Positive
1226594764348428294,2020-02-09,2020,2020-02,The Guard Squad rocking the crowd with The Guard on the drums. {{USERNAME}} on the 1 s & 2 s representing {{USERNAME}} for the xfl. Let s go newyorkguardians. ** * #xfl #xfl2020 #newyorkguardians #theguard… {{URL}},The Guard Squad rocking the crowd with The Guard on the drums. @user on the 1 s & 2 s representing @user for the xfl. Let s go newyorkguardians. ** * #xfl #xfl2020 #newyorkguardians #theguard… http,the guard squad rocking the crowd with the guard on the drums on the s s representing for the xfl let s go newyorkguardians xfl xfl newyorkguardians theguard,28,Music|Sports,0.0024968833,0.19101913,0.80648404,0.80398715,0.80648404,Positive
1236650731417088000,2020-03-08,2020,2020-03,"Happy International Women s Day to all good women out there, especially my woman {{USERNAME}} An equal world is an enabled world. #IWD2020 #EachforEqual","Happy International Women s Day to all good women out there, especially my woman @user An equal world is an enabled world. #IWD2020 #EachforEqual",happy international women s day to all good women out there especially my woman an equal world is an enabled world iwd eachforequal,23,Diaries & Daily Life,0.0030803801,0.011141524,0.9857781,0.9826977,0.9857781,Positive
1193466536230473733,2019-11-10,2019,2019-11,Hi everyone. It’s a new week time for a new #aladchallenge : “Actually lately”. Check out {{USERNAME}} YouTube video for this week. Remember to have fun!!! Cheers! #francepapillonchallenge #aladchallenge… {{URL}},Hi everyone. It’s a new week time for a new #aladchallenge : “Actually lately”. Check out @user YouTube video for this week. Remember to have fun!!! Cheers! #francepapillonchallenge #aladchallenge… http,hi everyone it s a new week time for a new aladchallenge actually lately check out youtube video for this week remember to have fun cheers francepapillonchallenge aladchallenge,28,Film Tv & Video|Other Hobbies,0.0011201589,0.018499171,0.9803806,0.97926044,0.9803806,Positive
1430892248175022081,2021-08-26,2021,2021-08,The future of payments in the Middle East {{URL}} via {@McKinsey Company@} #payments #digitalpayments #mobilebanking,The future of payments in the Middle East http via @user #payments #digitalpayments #mobilebanking,the future of payments in the middle east via payments digitalpayments mobilebanking,12,Business & Entrepreneurs|News & Social Concern,0.0072158375,0.7392355,0.25354862,0.24633278,0.7392355,Neutral
1259541465945997316,2020-05-10,2020,2020-05,Signifyd is among {{USERNAME}} & {{USERNAME}} Best Places to Work for the fifth year in a row. Find out why. {{URL}} #BayAreaBPTW,Signifyd is among @user & @user Best Places to Work for the fifth year in a row. Find out why. http #BayAreaBPTW,signifyd is among best places to work for the fifth year in a row find out why bayareabptw,18,Business & Entrepreneurs,0.0021908744,0.076210506,0.9215986,0.9194077,0.9215986,Positive
1300160828398657536,2020-08-30,2020,2020-08,Check out my new single Woah distributed by {@DistroKid@} and live on Apple Music! {{URL}},Check out my new single Woah distributed by @user and live on Apple Music! http,check out my new single woah distributed by and live on apple music,13,Music,0.002140132,0.29680482,0.7010551,0.698915,0.7010551,Positive
1360465964723146752,2021-02-13,2021,2021-02,"2020 was pretty bad, but now 2021 has seen the Chiefs lose, Tom Brady has made me. Fan, and {@Benjamin Allbright@} unblocked me. What a life!","2020 was pretty bad, but now 2021 has seen the Chiefs lose, Tom Brady has made me. Fan, and @user unblocked me. What a life!",was pretty bad but now has seen the chiefs lose tom brady has made me fan and unblocked me what a life,22,Sports,0.23587823,0.21504214,0.54907966,0.31320143,0.54907966,Positive
1201011915079737344,2019-12-01,2019,2019-12,Black Friday 2019 deal: Snag a Netgear Nighthawk Wi-Fi 6 router for $99 at Walmart {{URL}} via {@CNET@},Black Friday 2019 deal: Snag a Netgear Nighthawk Wi-Fi 6 router for $99 at Walmart http via @user,black friday deal snag a netgear nighthawk wi fi router for at walmart via,14,Business & Entrepreneurs|Other Hobbies|Science & Technology,0.0045346906,0.43178868,0.5636766,0.55914193,0.5636766,Positive
1272013315372277760,2020-06-14,2020,2020-06,Life without dreaming is life without meaning. iWantASAP WithDARREN Darren Espanto {@Darren@},Life without dreaming is life without meaning. iWantASAP WithDARREN Darren Espanto @user,life without dreaming is life without meaning iwantasap withdarren darren espanto,11,Diaries & Daily Life,0.02696021,0.7522058,0.22083405,0.19387384,0.7522058,Neutral
1251750176286314497,2020-04-19,2020,2020-04,"Keith Urban, Delta Goodrem The Rolling Stones and Lady Gaga among coronavirus One World: Together at Home performers - ABC News (Australian Broadcasting Corporation) {{URL}} via {{USERNAME}}","Keith Urban, Delta Goodrem The Rolling Stones and Lady Gaga among coronavirus One World: Together at Home performers - ABC News (Australian Broadcasting Corporation) http via @user",keith urban delta goodrem the rolling stones and lady gaga among coronavirus one world together at home performers abc news australian broadcasting corporation via,24,Arts & Culture|Celebrity & Pop Culture|Music|News & Social Concern,0.012688277,0.933509,0.053802736,0.041114457,0.933509,Neutral
1266941960088100870,2020-05-31,2020,2020-05,Department of Justice: For the equality and safety of all Americans when encountering Law Enforcement officers. - Sign the Petition! {{URL}} via {@Change org@},Department of Justice: For the equality and safety of all Americans when encountering Law Enforcement officers. - Sign the Petition! http via @user,department of justice for the equality and safety of all americans when encountering law enforcement officers sign the petition via,20,News & Social Concern,0.012039016,0.38215792,0.605803,0.593764,0.605803,Positive
1274640393515290626,2020-06-21,2020,2020-06,"happy summer solstice, cheers! . . {{USERNAME}} #fetishfoto #PeterFelixKurtz {{URL}} . . #solstice #solstiss #summersolstice #summersolstice2020 #solstice2020 #summer #cheers #celebrate… {{URL}}","happy summer solstice, cheers! . . @user #fetishfoto #PeterFelixKurtz http . . #solstice #solstiss #summersolstice #summersolstice2020 #solstice2020 #summer #cheers #celebrate… http",happy summer solstice cheers fetishfoto peterfelixkurtz solstice solstiss summersolstice summersolstice solstice summer cheers celebrate,14,Diaries & Daily Life,0.0014893239,0.014536437,0.9839743,0.98248494,0.9839743,Positive
1228916527652462596,2020-02-16,2020,2020-02,The Internet Wants Issa Rae and John Cho to Host the 2020 Oscars {{URL}} {{USERNAME}},The Internet Wants Issa Rae and John Cho to Host the 2020 Oscars http @user,the internet wants issa rae and john cho to host the oscars,12,Celebrity & Pop Culture|Film Tv & Video,0.011129004,0.77202916,0.21684185,0.20571284,0.77202916,Neutral
1189964796193595392,2019-10-31,2019,2019-10,"Prepping for the haunting...of Kalcifer, the fire demon . . . sarah.j.becker {{USERNAME}} {{USERNAME}} @ Boulder, Colorado {{URL}}","Prepping for the haunting...of Kalcifer, the fire demon . . . sarah.j.becker @user @user @ Boulder, Colorado http",prepping for the haunting of kalcifer the fire demon sarah j becker boulder colorado,14,Diaries & Daily Life|Other Hobbies,0.059806995,0.9212995,0.01889347,-0.040913526,0.9212995,Neutral
1223574480049577984,2020-02-01,2020,2020-02,The Kansas City Chiefs have the fastest receivers in football. How might the 49ers game-plan to stop them in the Super Bowl tomorrow? {@Danny Heifetz@} : {{URL}},The Kansas City Chiefs have the fastest receivers in football. How might the 49ers game-plan to stop them in the Super Bowl tomorrow? @user : http,the kansas city chiefs have the fastest receivers in football how might the ers game plan to stop them in the super bowl tomorrow,24,Sports,0.014966174,0.76057094,0.22446284,0.20949666,0.76057094,Neutral
1421862601680572416,2021-08-01,2021,2021-08,Check out this listing I just added to my #Poshmark closet: Please feel free to make me an offer! Not for Sale. {{URL}} #shopmycloset {@Poshmark@},Check out this listing I just added to my #Poshmark closet: Please feel free to make me an offer! Not for Sale. http #shopmycloset @user,check out this listing i just added to my poshmark closet please feel free to make me an offer not for sale shopmycloset,23,Business & Entrepreneurs,0.0046539227,0.3403452,0.65500087,0.65034693,0.65500087,Positive
1234052875464126464,2020-03-01,2020,2020-03,Kristina Vogel tells {@Chris Hoy@} she is “really happy now” & has built herself a really nice life after the training crash that left her paralysed in 2018. Watch the full interview on BBC Two coverage of #Berlin2020 from 13:45 GMT {{URL}},Kristina Vogel tells @user she is “really happy now” & has built herself a really nice life after the training crash that left her paralysed in 2018. Watch the full interview on BBC Two coverage of #Berlin2020 from 13:45 GMT http,kristina vogel tells she is really happy now has built herself a really nice life after the training crash that left her paralysed in watch the full interview on bbc two coverage of berlin from gmt,36,Diaries & Daily Life|News & Social Concern|Sports,0.0047490043,0.074149504,0.9211015,0.9163525,0.9211015,Positive
1337999000235028481,2020-12-13,2020,2020-12,Florida losing to LSU is a BIG problem for {@Texas A M Football@} .. they were already on the outside looking in. Now it gets worse. Ohio State Buckeyes to the playoffs it is.,Florida losing to LSU is a BIG problem for @user .. they were already on the outside looking in. Now it gets worse. Ohio State Buckeyes to the playoffs it is.,florida losing to lsu is a big problem for they were already on the outside looking in now it gets worse ohio state buckeyes to the playoffs it is,29,Sports,0.86590385,0.12425341,0.009842795,-0.85606104,0.86590385,Negative
1416032321363341313,2021-07-16,2021,2021-07,The head of the {@World Health Organization WHO@} has said investigations into the origins of the covid-19 pandemic are being hampered by the lack of raw data on the first days of spread and urged China to be more transparent. {{URL}} {{URL}},The head of the @user has said investigations into the origins of the covid-19 pandemic are being hampered by the lack of raw data on the first days of spread and urged China to be more transparent. http http,the head of the has said investigations into the origins of the covid pandemic are being hampered by the lack of raw data on the first days of spread and urged china to be more transparent,36,News & Social Concern|Science & Technology,0.56834877,0.4188477,0.0128035415,-0.5555452,0.56834877,Negative
1206265740153806855,2019-12-15,2019,2019-12,“6017” out now on Apple Music GO STREAM THAT FOR ME ‼️‼️ #music #applemusic #repost #share #explorepage {{USERNAME}} {{USERNAME}} {{USERNAME}} {{USERNAME}} {{USERNAME}} {{USERNAME}} {{USERNAME}} {{USERNAME}} {{USERNAME}} {{URL}},“6017” out now on Apple Music GO STREAM THAT FOR ME ‼️‼️ #music #applemusic #repost #share #explorepage @user @user @user @user @user @user @user @user @user http,out now on apple music go stream that for me music applemusic repost share explorepage,15,Music,0.002298907,0.124147326,0.8735538,0.8712549,0.8735538,Positive
1391355402034589699,2021-05-09,2021,2021-05,Pro-Pain song of the day is DIVIDED WE STAND from the album Absolute Power #ProPainSOTD #ProPainMatters #ProPain30 #ProPain {{USERNAME}} {{URL}},Pro-Pain song of the day is DIVIDED WE STAND from the album Absolute Power #ProPainSOTD #ProPainMatters #ProPain30 #ProPain @user http,pro pain song of the day is divided we stand from the album absolute power propainsotd propainmatters propain propain,19,Music,0.006633985,0.32490852,0.6684575,0.6618235,0.6684575,Positive
1226321628440809472,2020-02-09,2020,2020-02,#UNCvsDuke That’s foul and the refs blow another call. #Unbelievable {@NCAA@},#UNCvsDuke That’s foul and the refs blow another call. #Unbelievable @user,uncvsduke that s foul and the refs blow another call unbelievable,11,Sports,0.8658593,0.12194457,0.012196084,-0.85366327,0.8658593,Negative
1294966064351240194,2020-08-16,2020,2020-08,"Bittersweet possibly, but today this is a well-deserved accolade for {@Kevin De Bruyne@} Kevin de Bruyne: Manchester City midfielder named Premier League player of season - {{URL}}","Bittersweet possibly, but today this is a well-deserved accolade for @user Kevin de Bruyne: Manchester City midfielder named Premier League player of season - http",bittersweet possibly but today this is a well deserved accolade for kevin de bruyne manchester city midfielder named premier league player of season,23,Sports,0.0019512393,0.027397878,0.9706509,0.9686997,0.9706509,Positive
1176013242218373120,2019-09-23,2019,2019-09,"#ClimateChange is accelerating, according to a new UN report {{URL}} via {@SBS News@} #ClimateCrisis #Auspol #LNPfail","#ClimateChange is accelerating, according to a new UN report http via @user #ClimateCrisis #Auspol #LNPfail",climatechange is accelerating according to a new un report via climatecrisis auspol lnpfail,13,News & Social Concern,0.7091748,0.2720237,0.018801514,-0.6903733,0.7091748,Negative
1208597839946764288,2019-12-22,2019,2019-12,"Why {@barkha dutt@} and {@Sagarika Ghose@} feels like they are entitled to create a (S)Hero for the society. Time and again they try to do it. They are the News Reporter. But, they behave like spokesperson of one kind of thought process who wants to succeed to spread unrest in India. Contd...","Why @user and @user feels like they are entitled to create a (S)Hero for the society. Time and again they try to do it. They are the News Reporter. But, they behave like spokesperson of one kind of thought process who wants to succeed to spread unrest in India. Contd...",why and feels like they are entitled to create a s hero for the society time and again they try to do it they are the news reporter but they behave like spokesperson of one kind of thought process who wants to succeed to spread unrest in india contd,49,News & Social Concern,0.6036693,0.3728608,0.023469942,-0.58019936,0.6036693,Negative
1199314187366916096,2019-11-26,2019,2019-11,Trippie Redd’s album is the best album of 2019 by far {@Trippie Redd@},Trippie Redd’s album is the best album of 2019 by far @user,trippie redd s album is the best album of by far,11,Music,0.0038506358,0.017067576,0.97908175,0.9752311,0.97908175,Positive
1221429077502038017,2020-01-26,2020,2020-01,The value of public libraries in the Age of the Internet #libraries {{USERNAME}} {@Arts Council England@} {{USERNAME}} {{USERNAME}} {@American Library Association@} {{USERNAME}} {{USERNAME}} {{URL}},The value of public libraries in the Age of the Internet #libraries @user @user @user @user @user @user @user http,the value of public libraries in the age of the internet libraries,12,Learning & Educational|News & Social Concern,0.0045859483,0.4144924,0.5809216,0.57633567,0.5809216,Positive
1193647393344032768,2019-11-10,2019,2019-11,"Remember, following ABC s postgame coverage, the party continues at {@Major League Soccer@} . #MLSCup postgame w/ {@Ike Opara@} , {@Calen Carr@} , {@Matthew Doyle@} , myself and whole buncha folks on site! Might be tough to watch if you re a {@Toronto FC@} supporter, but everyone else ought to have a good time.","Remember, following ABC s postgame coverage, the party continues at @user . #MLSCup postgame w/ @user , @user , @user , myself and whole buncha folks on site! Might be tough to watch if you re a @user supporter, but everyone else ought to have a good time.",remember following abc s postgame coverage the party continues at mlscup postgame w myself and whole buncha folks on site might be tough to watch if you re a supporter but everyone else ought to have a good time,39,News & Social Concern|Sports,0.0026962457,0.08468826,0.91261554,0.9099193,0.91261554,Positive
1213971542444576768,2020-01-05,2020,2020-01,The only thing I’m looking forward to this year is my insurance rate going down. {@GEICO@} #2020goals,The only thing I’m looking forward to this year is my insurance rate going down. @user #2020goals,the only thing i m looking forward to this year is my insurance rate going down goals,17,Diaries & Daily Life,0.006495877,0.05908293,0.9344212,0.9279253,0.9344212,Positive
1209925968439189505,2019-12-25,2019,2019-12,The best places to see Christmas lights across the United States! {@Future Female Leaders@} {{URL}},The best places to see Christmas lights across the United States! @user http,the best places to see christmas lights across the united states,11,News & Social Concern|Travel & Adventure,0.0012830327,0.022075132,0.97664183,0.9753588,0.97664183,Positive
1321419724358623232,2020-10-28,2020,2020-10,"The Dodgers are World Series champions, and {@David Waldstein@} wrote about all the joy, all the close calls that preceded it, and all the history. {{URL}}","The Dodgers are World Series champions, and @user wrote about all the joy, all the close calls that preceded it, and all the history. http",the dodgers are world series champions and wrote about all the joy all the close calls that preceded it and all the history,23,Gaming|Sports,0.0014226108,0.025715154,0.9728621,0.97143954,0.9728621,Positive
1414249651692183554,2021-07-11,2021,2021-07,"_ {@BTS_twt@} SPOTIFY PHILIPPINES TOP 200 (07/10) 1. (=) PERMISSION TO DANCE - 561,309 (28,821) 2. (=) BUTTER - 396,426 (67,484) 18. (-4) DYNAMITE - 160,844(-13,784) 34. (-2) LIFE GOES ON - 92,362(-10,745) 39. (-3) PERMISSION TO DANCE (Instrumental) - 78,158 (-18,325)","_ @user SPOTIFY PHILIPPINES TOP 200 (07/10) 1. (=) PERMISSION TO DANCE - 561,309 (28,821) 2. (=) BUTTER - 396,426 (67,484) 18. (-4) DYNAMITE - 160,844(-13,784) 34. (-2) LIFE GOES ON - 92,362(-10,745) 39. (-3) PERMISSION TO DANCE (Instrumental) - 78,158 (-18,325)",spotify philippines top permission to dance butter dynamite life goes on permission to dance instrumental,15,Music,0.013225668,0.8622595,0.12451483,0.111289166,0.8622595,Neutral
1269502942148689922,2020-06-07,2020,2020-06,I m raising money for Tropical Storm Amanda- El Salvador Zapotitan Fund. Click to Donate: {{URL}} via {@GoFundMe@} #SiSePuede #ElSalvador #TropicalStormAmanda #Fundraising,I m raising money for Tropical Storm Amanda- El Salvador Zapotitan Fund. Click to Donate: http via @user #SiSePuede #ElSalvador #TropicalStormAmanda #Fundraising,i m raising money for tropical storm amanda el salvador zapotitan fund click to donate via sisepuede elsalvador tropicalstormamanda fundraising,20,Business & Entrepreneurs|Diaries & Daily Life|News & Social Concern,0.0073224353,0.7068346,0.28584296,0.27852052,0.7068346,Neutral
1239279464342786048,2020-03-15,2020,2020-03,Latest on the government’s response to coronavirus; w/ ⁦ {@Brent Kendall@} ⁩ and a team of {@The Wall Street Journal@} reporters {{URL}},Latest on the government’s response to coronavirus; w/ ⁦ @user ⁩ and a team of @user reporters http,latest on the government s response to coronavirus w and a team of reporters,14,Fitness & Health|News & Social Concern,0.015997335,0.9445722,0.039430425,0.02343309,0.9445722,Neutral
1349082675404034051,2021-01-12,2021,2021-01,Our love ballad is officially out now! Go check out the music video for Some Type of Way at the link in our bio! Big thanks to {{USERNAME}} for his vision and ability to make this video special. {{URL}},Our love ballad is officially out now! Go check out the music video for Some Type of Way at the link in our bio! Big thanks to @user for his vision and ability to make this video special. http,our love ballad is officially out now go check out the music video for some type of way at the link in our bio big thanks to for his vision and ability to make this video special,37,Film Tv & Video|Music,0.0013255045,0.010712557,0.98796195,0.98663646,0.98796195,Positive
1234235873421598720,2020-03-01,2020,2020-03,I need help cleaning out my computer - Mac book air. It’s running at a snail’s pace. The guys who fixed it offered to upgrade the OS for free but I’m wondering what else I can do. {@Airtable@} is going so slow it’s slowing down my work flow. Is clean my Mac worth it?,I need help cleaning out my computer - Mac book air. It’s running at a snail’s pace. The guys who fixed it offered to upgrade the OS for free but I’m wondering what else I can do. @user is going so slow it’s slowing down my work flow. Is clean my Mac worth it?,i need help cleaning out my computer mac book air it s running at a snail s pace the guys who fixed it offered to upgrade the os for free but i m wondering what else i can do is going so slow it s slowing down my work flow is clean my mac worth it,56,Science & Technology,0.877504,0.111479945,0.011016074,-0.8664879,0.877504,Negative
1274701873434542080,2020-06-21,2020,2020-06,Happy father s day to the most amazing father I have ever known. Before I saw how you were with Charlotte I had no idea fathers could love and give as much as you do. You re incredible and I am so happy to have you and Charlotte in my life. {{USERNAME}},Happy father s day to the most amazing father I have ever known. Before I saw how you were with Charlotte I had no idea fathers could love and give as much as you do. You re incredible and I am so happy to have you and Charlotte in my life. @user,happy father s day to the most amazing father i have ever known before i saw how you were with charlotte i had no idea fathers could love and give as much as you do you re incredible and i am so happy to have you and charlotte in my life,51,Diaries & Daily Life|Family,0.0044253655,0.009648075,0.9859265,0.98150116,0.9859265,Positive
1244353116985794560,2020-03-29,2020,2020-03,Congressional salary payments should be frozen immediately along with Congressional staff so that they can be “in this together” with rest of us getting screwed by the lockdown of our economy. {@Cernovich@} {{USERNAME}} {@Scott Adams@} {{USERNAME}},Congressional salary payments should be frozen immediately along with Congressional staff so that they can be “in this together” with rest of us getting screwed by the lockdown of our economy. @user @user @user @user,congressional salary payments should be frozen immediately along with congressional staff so that they can be in this together with rest of us getting screwed by the lockdown of our economy,31,News & Social Concern,0.79412246,0.19507875,0.0107988035,-0.78332365,0.79412246,Negative
1222244139812581376,2020-01-28,2020,2020-01,The 49ers went from 4-12 to the SuperBowl. I’m looking forward to the {@Cleveland Browns@} going from 6-10 to the SuperBowl this year!,The 49ers went from 4-12 to the SuperBowl. I’m looking forward to the @user going from 6-10 to the SuperBowl this year!,the ers went from to the superbowl i m looking forward to the going from to the superbowl this year,20,Sports,0.0022953192,0.031984895,0.96571976,0.96342444,0.96571976,Positive
1198523928622313472,2019-11-24,2019,2019-11,Check out my new album Stir Crazy distributed by {@DistroKid@} and live on Apple Music! {{URL}},Check out my new album Stir Crazy distributed by @user and live on Apple Music! http,check out my new album stir crazy distributed by and live on apple music,14,Music,0.002504848,0.4823398,0.5151554,0.51265055,0.5151554,Positive
1249209267015634945,2020-04-12,2020,2020-04,"Checkout this great collection of Easter dinner side dish recipes, including make-ahead recipes, cheesy potatoes and veggies. Even gluten-free and healthy sides. {{URL}} via {{USERNAME}}","Checkout this great collection of Easter dinner side dish recipes, including make-ahead recipes, cheesy potatoes and veggies. Even gluten-free and healthy sides. http via @user",checkout this great collection of easter dinner side dish recipes including make ahead recipes cheesy potatoes and veggies even gluten free and healthy sides via,25,Food & Dining,0.0013741825,0.04710182,0.951524,0.95014983,0.951524,Positive
1256945975534465025,2020-05-03,2020,2020-05,I never knew of anyone let alone a female that loved #ReadyToRumble as much as me until I saw {@LIV Morgan@} post about it. {@WWE@} get with the right people and make a sequel! {@David Arquette@} Gordy 20 years later would be awesome!,I never knew of anyone let alone a female that loved #ReadyToRumble as much as me until I saw @user post about it. @user get with the right people and make a sequel! @user Gordy 20 years later would be awesome!,i never knew of anyone let alone a female that loved readytorumble as much as me until i saw post about it get with the right people and make a sequel gordy years later would be awesome,37,Celebrity & Pop Culture,0.026979782,0.09217633,0.8808438,0.853864,0.8808438,Positive
1310093478349635584,2020-09-27,2020,2020-09,"#Atlanta activist spent $200G in Black Lives Matter donations on house, personal expenses: FBI. {{URL}} via {@Google News@}","#Atlanta activist spent $200G in Black Lives Matter donations on house, personal expenses: FBI. http via @user",atlanta activist spent g in black lives matter donations on house personal expenses fbi via,15,Film Tv & Video|News & Social Concern,0.070534125,0.89714634,0.032319527,-0.038214598,0.89714634,Neutral
1213700828671832064,2020-01-05,2020,2020-01,Sorry to be missing the {{USERNAME}} meeting in Newcastle this week but there s a large contingent from {{USERNAME}} going. Hope all the organising has gone smoothly for {{USERNAME}} and looking forward to following the news on #HESGNCL2020,Sorry to be missing the @user meeting in Newcastle this week but there s a large contingent from @user going. Hope all the organising has gone smoothly for @user and looking forward to following the news on #HESGNCL2020,sorry to be missing the meeting in newcastle this week but there s a large contingent from going hope all the organising has gone smoothly for and looking forward to following the news on hesgncl,35,Business & Entrepreneurs|Diaries & Daily Life|News & Social Concern,0.020673841,0.15923695,0.8200891,0.79941523,0.8200891,Positive
1421771054318456842,2021-08-01,2021,2021-08,Happy Anniversary beautéderm and more years! #BD12thAnniversary RURU MADRID {@Ruru Madrid@} fifty six,Happy Anniversary beautéderm and more years! #BD12thAnniversary RURU MADRID @user fifty six,happy anniversary beaut derm and more years bd thanniversary ruru madrid fifty six,13,Relationships,0.0022606566,0.012887322,0.98485214,0.98259145,0.98485214,Positive
1171936161553682434,2019-09-11,2019,2019-09,Friday’s game vs {{USERNAME}} airs live on the TEN Network at 7 exclusively on {{URL}} Catch the special encore presentation Saturday at 8 PM on 920 W.O.N: The Apple {{URL}} {{USERNAME}} {{USERNAME}} {{USERNAME}} {{USERNAME}} {{USERNAME}},Friday’s game vs @user airs live on the TEN Network at 7 exclusively on http Catch the special encore presentation Saturday at 8 PM on 920 W.O.N: The Apple http @user @user @user @user @user,friday s game vs airs live on the ten network at exclusively on catch the special encore presentation saturday at pm on w o n the apple,27,Gaming|Sports,0.0034003342,0.9262984,0.07030133,0.066901,0.9262984,Neutral
1387103351243001863,2021-04-27,2021,2021-04,"In The Loop Hour 1 - {@John P Lopez@} has an #NFLDraft conspiracy theory - Lopez {@Landry Locker@} review the Houston Sports Awards, how attendees and non-attendees paint the perfect Texans offseason picture - & The OG chats with Gary Kubiak ️ {{URL}}","In The Loop Hour 1 - @user has an #NFLDraft conspiracy theory - Lopez @user review the Houston Sports Awards, how attendees and non-attendees paint the perfect Texans offseason picture - & The OG chats with Gary Kubiak ️ http",in the loop hour has an nfldraft conspiracy theory lopez review the houston sports awards how attendees and non attendees paint the perfect texans offseason picture the og chats with gary kubiak,32,Sports,0.018715277,0.94197375,0.039311007,0.02059573,0.94197375,Neutral
1353491600584839170,2021-01-24,2021,2021-01,01.15.2021 Favorite New Music This Week (FNMTW) (last week’s playlist hosted by @ Scrappydoo at Deezer) {{URL}} Playlists are created in Deezer by the FNMTW crew and {{USERNAME}} updates to the Spotify link daily. Most of the past week seemed to be my picks.,01.15.2021 Favorite New Music This Week (FNMTW) (last week’s playlist hosted by @ Scrappydoo at Deezer) http Playlists are created in Deezer by the FNMTW crew and @user updates to the Spotify link daily. Most of the past week seemed to be my picks.,favorite new music this week fnmtw last week s playlist hosted by scrappydoo at deezer playlists are created in deezer by the fnmtw crew and updates to the spotify link daily most of the past week seemed to be my picks,41,Celebrity & Pop Culture|Music,0.0030735135,0.43421984,0.56270665,0.55963314,0.56270665,Positive
1341109761899556864,2020-12-21,2020,2020-12,"The winter solstice, and how you can watch Monday s great conjunction {{URL}} via {@KARE 11@}","The winter solstice, and how you can watch Monday s great conjunction http via @user",the winter solstice and how you can watch monday s great conjunction via,13,Arts & Culture,0.003516432,0.676146,0.32033762,0.3168212,0.676146,Neutral
1236610380404871168,2020-03-08,2020,2020-03,Game 92 of 19/20 and it’s derby day! {@Manchester United@} v {@Manchester City@} . Always a huge game! As always 25p per goal to {@Mind@} . As always Manchester is red #groundhop #groundhopper,Game 92 of 19/20 and it’s derby day! @user v @user . Always a huge game! As always 25p per goal to @user . As always Manchester is red #groundhop #groundhopper,game of and it s derby day v always a huge game as always p per goal to as always manchester is red groundhop groundhopper,25,Sports,0.002290441,0.034837853,0.96287173,0.9605813,0.96287173,Positive
1176586333705388037,2019-09-24,2019,2019-09,Hmmm new {@Adam Sandler@} movie #UncutGems looks good!,Hmmm new @user movie #UncutGems looks good!,hmmm new movie uncutgems looks good,6,Film Tv & Video,0.0016610137,0.022878485,0.97546047,0.97379947,0.97546047,Positive
1292550976566710274,2020-08-09,2020,2020-08,#BBOzo trying to fix the table {@Ebuka Obi Uchendu@} broke #BBNaija,#BBOzo trying to fix the table @user broke #BBNaija,bbozo trying to fix the table broke bbnaija,8,Business & Entrepreneurs|Diaries & Daily Life,0.37141874,0.5740712,0.054510023,-0.31690872,0.5740712,Neutral
1307617171837599744,2020-09-20,2020,2020-09,Nice project developed by Swapneel Redkar. {{USERNAME}} See the link {{URL}},Nice project developed by Swapneel Redkar. @user See the link http,nice project developed by swapneel redkar see the link,9,Business & Entrepreneurs|Other Hobbies,0.003777131,0.027149439,0.9690735,0.9652963,0.9690735,Positive
1218885756053327874,2020-01-19,2020,2020-01,Some gigs on the Horizon! #theQueestreetbrewhouse # on 28/02/20 with #Ithelusionist and #IronDuke Free entry that one #Bloodstockopenair #metal2themasses {{USERNAME}} Hitchin Metal to the masses first round! 29/03/20 more to come! #metal #metalessex #bloodstock,Some gigs on the Horizon! #theQueestreetbrewhouse # on 28/02/20 with #Ithelusionist and #IronDuke Free entry that one #Bloodstockopenair #metal2themasses @user Hitchin Metal to the masses first round! 29/03/20 more to come! #metal #metalessex #bloodstock,some gigs on the horizon thequeestreetbrewhouse on with ithelusionist and ironduke free entry that one bloodstockopenair metal themasses hitchin metal to the masses first round more to come metal metalessex bloodstock,31,Music,0.0024276795,0.320796,0.67677635,0.67434865,0.67677635,Positive
1282190735278665728,2020-07-12,2020,2020-07,Disappointed at the results of the last two fights of UFC 251! {@Max Holloway@} got robbed from his tital and a 6 day notice led to a disappointing performance form Jorge ‍♂️20lbs cut in 6 days!,Disappointed at the results of the last two fights of UFC 251! @user got robbed from his tital and a 6 day notice led to a disappointing performance form Jorge ‍♂️20lbs cut in 6 days!,disappointed at the results of the last two fights of ufc got robbed from his tital and a day notice led to a disappointing performance form jorge lbs cut in days,31,Sports,0.9281857,0.06632832,0.005486091,-0.92269963,0.9281857,Negative
1363365486348615681,2021-02-21,2021,2021-02,{{URL}} Stuff like these T&J shorts is the reason why I m sad that I don t have an HBO Max subscription yet... :( {{USERNAME}} {{USERNAME}} {{USERNAME}} {{USERNAME}} {{USERNAME}} {{USERNAME}} {{USERNAME}} {{USERNAME}} {{USERNAME}} {{USERNAME}},http Stuff like these T&J shorts is the reason why I m sad that I don t have an HBO Max subscription yet... :( @user @user @user @user @user @user @user @user @user @user,stuff like these t j shorts is the reason why i m sad that i don t have an hbo max subscription yet,23,Film Tv & Video,0.90797335,0.08391156,0.008115148,-0.8998582,0.90797335,Negative
1282343730922639363,2020-07-12,2020,2020-07,"AWEEEEESOME {{USERNAME}} ! Absolutely in love at very first sight with it. Exteremily generous and useful even to free users, the app really outstands with its core mission of being One app to replace them all . Remarkable! (Please do never bitcase on us, don t let me down...)","AWEEEEESOME @user ! Absolutely in love at very first sight with it. Exteremily generous and useful even to free users, the app really outstands with its core mission of being One app to replace them all . Remarkable! (Please do never bitcase on us, don t let me down...)",aweeeeesome absolutely in love at very first sight with it exteremily generous and useful even to free users the app really outstands with its core mission of being one app to replace them all remarkable please do never bitcase on us don t let me down,46,Other Hobbies,0.0056416267,0.010732397,0.98362595,0.9779843,0.98362595,Positive
1211435292005146630,2019-12-29,2019,2019-12,". {@John Lewis@} is a national hero who has put his body, life and soul on the line to stand up for what is right. He’s also the one bright spot (i.e. not an embarrassment) in Georgia politics. Sending much love, prayers and healing vibes to Mr. Lewis.",". @user is a national hero who has put his body, life and soul on the line to stand up for what is right. He’s also the one bright spot (i.e. not an embarrassment) in Georgia politics. Sending much love, prayers and healing vibes to Mr. Lewis.",is a national hero who has put his body life and soul on the line to stand up for what is right he s also the one bright spot i e not an embarrassment in georgia politics sending much love prayers and healing vibes to mr lewis,47,News & Social Concern,0.015166237,0.0706675,0.9141663,0.89900005,0.9141663,Positive
1188454341943988225,2019-10-27,2019,2019-10,"Join me to get {@Listia@} s new $XNK #cryptocurrency for free! Use code BTRLDD for an extra 100 XNK. Just got this with my Ink, Make One for Baby ~ Relist {{URL}}","Join me to get @user s new $XNK #cryptocurrency for free! Use code BTRLDD for an extra 100 XNK. Just got this with my Ink, Make One for Baby ~ Relist http",join me to get s new xnk cryptocurrency for free use code btrldd for an extra xnk just got this with my ink make one for baby relist,28,Business & Entrepreneurs,0.002518284,0.14840774,0.84907395,0.84655565,0.84907395,Positive
1191051760392998912,2019-11-03,2019,2019-11,#copreps {{USERNAME}} Football: End of the line for FLHS season | {{URL}} {{URL}},#copreps @user Football: End of the line for FLHS season | http http,copreps football end of the line for flhs season,9,Sports,0.011861977,0.9613279,0.026810126,0.014948149,0.9613279,Neutral
1282159286462840832,2020-07-12,2020,2020-07,california investigators: EXTEND NAYA RIVERA S SEARCH OUTSIDE THE LAKE - Sign the Petition! {{URL}} via {{USERNAME}} PLEASE SIGN AND SHARE AND IF YOU CAN DONATE,california investigators: EXTEND NAYA RIVERA S SEARCH OUTSIDE THE LAKE - Sign the Petition! http via @user PLEASE SIGN AND SHARE AND IF YOU CAN DONATE,california investigators extend naya rivera s search outside the lake sign the petition via please sign and share and if you can donate,23,Celebrity & Pop Culture|News & Social Concern,0.023082413,0.64034534,0.33657226,0.31348985,0.64034534,Neutral
1206326426401726467,2019-12-15,2019,2019-12,#NowPlaying Star s Teardrop by {{USERNAME}} from ANCESTRAL DISORDER album Spotify: {{URL}} BandCamp: {{URL}} Apple Music: {{URL}},#NowPlaying Star s Teardrop by @user from ANCESTRAL DISORDER album Spotify: http BandCamp: http Apple Music: http,nowplaying star s teardrop by from ancestral disorder album spotify bandcamp apple music,13,Music,0.0031860776,0.83161026,0.16520372,0.16201764,0.83161026,Neutral
1411803860616757250,2021-07-04,2021,2021-07,Ahhhh got to hear {{USERNAME}} ’s new song on Korean radio on {@SiriusXM@},Ahhhh got to hear @user ’s new song on Korean radio on @user,ahhhh got to hear s new song on korean radio on,11,Celebrity & Pop Culture|Music,0.0015301459,0.083369546,0.9151003,0.9135701,0.9151003,Positive
1218977447783342081,2020-01-19,2020,2020-01,". {@Netflix UK Ireland@} what have I just watched, probably one of the best films I have ever seen {@Tyler Perry@} you are a genius, A Fall From Grace is incredible and recommend anyone to watch it. #AFallFromGrace",". @user what have I just watched, probably one of the best films I have ever seen @user you are a genius, A Fall From Grace is incredible and recommend anyone to watch it. #AFallFromGrace",what have i just watched probably one of the best films i have ever seen you are a genius a fall from grace is incredible and recommend anyone to watch it afallfromgrace,32,Arts & Culture|Celebrity & Pop Culture|Diaries & Daily Life|Film Tv & Video,0.005029405,0.009599479,0.9853711,0.98034173,0.9853711,Positive
1262131489732530176,2020-05-17,2020,2020-05,BREAKING: A Canadian Armed Forces acrobatic Snowbird jet has crashed in British Columbia. The aircraft was taking part in a cross-country tour aimed at boosting the morale of Canadians struggling with the pandemic. Vía {@The Associated Press@} {{URL}},BREAKING: A Canadian Armed Forces acrobatic Snowbird jet has crashed in British Columbia. The aircraft was taking part in a cross-country tour aimed at boosting the morale of Canadians struggling with the pandemic. Vía @user http,breaking a canadian armed forces acrobatic snowbird jet has crashed in british columbia the aircraft was taking part in a cross country tour aimed at boosting the morale of canadians struggling with the pandemic v a,36,News & Social Concern,0.55235827,0.43114507,0.016496561,-0.53586173,0.55235827,Negative
1243597255216685062,2020-03-27,2020,2020-03,Rocketman is finally on Sky. An hour in {{USERNAME}} s comment was bang on - I can see why he is so f**ked up now. Highly recommended.,Rocketman is finally on Sky. An hour in @user s comment was bang on - I can see why he is so f**ked up now. Highly recommended.,rocketman is finally on sky an hour in s comment was bang on i can see why he is so f ked up now highly recommended,26,Film Tv & Video,0.39142567,0.23740007,0.37117422,-0.020251453,0.39142567,Negative
1340718149893672961,2020-12-20,2020,2020-12,The slowed-down time of the holiday season is the perfect time for some Dark Sky gazing. My latest for {@fodorstravel@} #darkskyparks {{URL}},The slowed-down time of the holiday season is the perfect time for some Dark Sky gazing. My latest for @user #darkskyparks http,the slowed down time of the holiday season is the perfect time for some dark sky gazing my latest for darkskyparks,21,Celebrity & Pop Culture|Other Hobbies|Travel & Adventure,0.002449703,0.090567365,0.9069829,0.9045332,0.9069829,Positive
1190991529562628101,2019-11-03,2019,2019-11,Twitter reacts to Stephen Thompson s victory over Vicente Luque at UFC 244 {{URL}} via {@MMA Junkie@},Twitter reacts to Stephen Thompson s victory over Vicente Luque at UFC 244 http via @user,twitter reacts to stephen thompson s victory over vicente luque at ufc via,13,Sports,0.004040334,0.9087719,0.087187745,0.083147414,0.9087719,Neutral
1337994203494748161,2020-12-13,2020,2020-12,Columbus Crew in MLS Cup title with 3-0 win over Seattle - BALKN.mag {{URL}} {{USERNAME}} #MLSCupPlayoffs #Crew96 #soccer #ColumbusCrew #balknpress,Columbus Crew in MLS Cup title with 3-0 win over Seattle - BALKN.mag http @user #MLSCupPlayoffs #Crew96 #soccer #ColumbusCrew #balknpress,columbus crew in mls cup title with win over seattle balkn mag mlscupplayoffs crew soccer columbuscrew balknpress,17,Sports,0.0044299066,0.7329087,0.26266143,0.25823152,0.7329087,Neutral
1296564308285878274,2020-08-20,2020,2020-08,The Bay Area has worst air quality in the world :( Officials Tell San Francisco Diners to Stay at Home {{URL}} via {@Eater SF@},The Bay Area has worst air quality in the world :( Officials Tell San Francisco Diners to Stay at Home http via @user,the bay area has worst air quality in the world officials tell san francisco diners to stay at home via,20,Food & Dining|News & Social Concern,0.93139315,0.06301236,0.005594494,-0.92579865,0.93139315,Negative
1289319670063931394,2020-07-31,2020,2020-07,I m glad halo infinite multiplayer will be free to play because that opens up so many opportunities for others to experience halo in a new way. I thank {@Halo@} and {@Xbox@} {@Phil Spencer@} for making such an amazing choice. Great job everyone,I m glad halo infinite multiplayer will be free to play because that opens up so many opportunities for others to experience halo in a new way. I thank @user and @user @user for making such an amazing choice. Great job everyone,i m glad halo infinite multiplayer will be free to play because that opens up so many opportunities for others to experience halo in a new way i thank and for making such an amazing choice great job everyone,39,Gaming,0.0021673553,0.009666614,0.988166,0.98599863,0.988166,Positive
1185735380542214145,2019-10-20,2019,2019-10,Greetings {@Most Requested Live@} :) Can I please hear the most dope song in the world right now aka #MakeItRight by BTS feat. {@Lauv@} on #MostRequestedLive? {@BTS_twt@} #방탄소년단 #BTS,Greetings @user :) Can I please hear the most dope song in the world right now aka #MakeItRight by BTS feat. @user on #MostRequestedLive? @user #방탄소년단 #BTS,greetings can i please hear the most dope song in the world right now aka makeitright by bts feat on mostrequestedlive bts,22,Celebrity & Pop Culture|Music,0.0012207818,0.013842753,0.98493654,0.9837158,0.98493654,Positive
1224056497082183681,2020-02-02,2020,2020-02,Wilson leaves his fit to go for the head of Letang. Any call? Nope. {@NHL@} your refs are going to get someone seriously hurt.,Wilson leaves his fit to go for the head of Letang. Any call? Nope. @user your refs are going to get someone seriously hurt.,wilson leaves his fit to go for the head of letang any call nope your refs are going to get someone seriously hurt,23,Sports,0.845097,0.14627686,0.008626185,-0.83647084,0.845097,Negative
1284788598982639617,2020-07-19,2020,2020-07,#ExamsInCovidASuicide The whole world is facing a worst situation N d TS govt is on d erge to conduct xams n yuh ppl came up with a fake promotion Change dis attitude towards us (Students) We stand with yuh NSUI✊✊ {{USERNAME}} {@Venkat Balmoor@} sir♥️✊,#ExamsInCovidASuicide The whole world is facing a worst situation N d TS govt is on d erge to conduct xams n yuh ppl came up with a fake promotion Change dis attitude towards us (Students) We stand with yuh NSUI✊✊ @user @user sir♥️✊,examsincovidasuicide the whole world is facing a worst situation n d ts govt is on d erge to conduct xams n yuh ppl came up with a fake promotion change dis attitude towards us students we stand with yuh nsui sir,41,Youth & Student Life,0.7480998,0.22929321,0.022606993,-0.72549284,0.7480998,Negative
1173385120541265920,2019-09-15,2019,2019-09,Live Now! Chiefs Rewind: Week 2 vs. Raiders {{URL}} via {@YouTube@} #ChiefsKingdom,Live Now! Chiefs Rewind: Week 2 vs. Raiders http via @user #ChiefsKingdom,live now chiefs rewind week vs raiders via chiefskingdom,9,Sports,0.0028218783,0.83577013,0.16140796,0.15858608,0.83577013,Neutral
1310337893387235331,2020-09-27,2020,2020-09,I’m finding {@Twitter@} to be much worse without {{USERNAME}} and still don’t understand why he was banned. Cc. {@Twitter Support@},I’m finding @user to be much worse without @user and still don’t understand why he was banned. Cc. @user,i m finding to be much worse without and still don t understand why he was banned cc,18,Diaries & Daily Life|News & Social Concern|Other Hobbies,0.922027,0.07352363,0.0044492907,-0.9175777,0.922027,Negative
1317976717399568384,2020-10-18,2020,2020-10,At this point I m okay with just folding the whole organization. Donate all proceeds to the homeless and let s just rock with the Bills and G Men. {@New York Jets@},At this point I m okay with just folding the whole organization. Donate all proceeds to the homeless and let s just rock with the Bills and G Men. @user,at this point i m okay with just folding the whole organization donate all proceeds to the homeless and let s just rock with the bills and g men,29,News & Social Concern|Sports,0.35898542,0.53304636,0.10796822,-0.2510172,0.53304636,Neutral
1199778669344018438,2019-11-27,2019,2019-11,I would like to thank everyone at the Giants who have supported me down the years and I wish the club well in the years ahead. But now his focus is on {@Leeds Rhinos@} {{USERNAME}} reports {{URL}},I would like to thank everyone at the Giants who have supported me down the years and I wish the club well in the years ahead. But now his focus is on @user @user reports http,i would like to thank everyone at the giants who have supported me down the years and i wish the club well in the years ahead but now his focus is on reports,33,Sports,0.0034645756,0.06006762,0.9364678,0.93300325,0.9364678,Positive
1244080392342130689,2020-03-29,2020,2020-03,I hope #BTS s #ON ft. {{USERNAME}} is coming up next! {@Most Requested Live@} #MostRequestedLive {@BTS_twt@} #WeONWithBTS {{URL}} KineticFilm music video,I hope #BTS s #ON ft. @user is coming up next! @user #MostRequestedLive @user #WeONWithBTS http KineticFilm music video,i hope bts s on ft is coming up next mostrequestedlive weonwithbts kineticfilm music video,15,Film Tv & Video|Music,0.0015279585,0.10353461,0.8949375,0.89340955,0.8949375,Positive
1269499159226265601,2020-06-07,2020,2020-06,Netflix: Make Fuller House Fuller Continue on to Season 6 - Sign the Petition! {{URL}} via {@Change org@} #SaveFullerHouse #FullerHouseSeason6 #renewfullerhouse {@Fuller House@},Netflix: Make Fuller House Fuller Continue on to Season 6 - Sign the Petition! http via @user #SaveFullerHouse #FullerHouseSeason6 #renewfullerhouse @user,netflix make fuller house fuller continue on to season sign the petition via savefullerhouse fullerhouseseason renewfullerhouse,16,Celebrity & Pop Culture|Film Tv & Video,0.012023769,0.5188711,0.46910515,0.45708138,0.5188711,Neutral
1198524152996646912,2019-11-24,2019,2019-11,Stream {@Flipp Dinero@} ’s New Album ‘Love For Guala’ #LoveForGuala {{URL}},Stream @user ’s New Album ‘Love For Guala’ #LoveForGuala http,stream s new album love for guala loveforguala,8,Music,0.0023706853,0.28465694,0.71297234,0.7106017,0.71297234,Positive
1231458428440207361,2020-02-23,2020,2020-02,. {@Deontay Wilder@} you really are the Bronze Bomber. Fury was right. #bronze #thirdplace #youstink,. @user you really are the Bronze Bomber. Fury was right. #bronze #thirdplace #youstink,you really are the bronze bomber fury was right bronze thirdplace youstink,12,Sports,0.0077817175,0.077981405,0.9142369,0.90645516,0.9142369,Positive
1211405241448460288,2019-12-29,2019,2019-12,I can t wait for {@COIN@} to drop the best album of the decade.,I can t wait for @user to drop the best album of the decade.,i can t wait for to drop the best album of the decade,13,Music,0.0028598069,0.007631368,0.98950887,0.98664904,0.98950887,Positive
1216177581793447940,2020-01-12,2020,2020-01,The only reason anyone should like the Titans at this point JA {{USERNAME}} - the guy is a real class act.,The only reason anyone should like the Titans at this point JA @user - the guy is a real class act.,the only reason anyone should like the titans at this point ja the guy is a real class act,19,Sports,0.018325452,0.068696365,0.9129781,0.89465266,0.9129781,Positive
1178125738307923969,2019-09-29,2019,2019-09,So {@Kentucky Football@} needs a new offensive strategy. These screen passes are not getting us anywhere!! We need to move DOWN the field. Not left to right. This looks to be another one of those “basketball season is just around the corner” years. #BBN #KentuckyFootball #Kentucky,So @user needs a new offensive strategy. These screen passes are not getting us anywhere!! We need to move DOWN the field. Not left to right. This looks to be another one of those “basketball season is just around the corner” years. #BBN #KentuckyFootball #Kentucky,so needs a new offensive strategy these screen passes are not getting us anywhere we need to move down the field not left to right this looks to be another one of those basketball season is just around the corner years bbn kentuckyfootball kentucky,44,Sports,0.86413145,0.12618731,0.009681239,-0.8544502,0.86413145,Negative
1177039013405974529,2019-09-26,2019,2019-09,Clemson University: Act on climate change! - Sign the Petition! {{URL}} via {@Change org@},Clemson University: Act on climate change! - Sign the Petition! http via @user,clemson university act on climate change sign the petition via,10,News & Social Concern|Science & Technology|Youth & Student Life,0.029302748,0.7971569,0.17354038,0.14423764,0.7971569,Neutral
1213640368341696514,2020-01-05,2020,2020-01,Ateez how dare you releasing a new bop after a new bop . im tired but excited at the same time and probably die tomorrow for the full answer performance {@ATEEZ@},Ateez how dare you releasing a new bop after a new bop . im tired but excited at the same time and probably die tomorrow for the full answer performance @user,ateez how dare you releasing a new bop after a new bop im tired but excited at the same time and probably die tomorrow for the full answer performance,29,Celebrity & Pop Culture|Diaries & Daily Life|Music,0.39248633,0.3053485,0.30216518,-0.09032115,0.39248633,Negative
1282432657222176769,2020-07-12,2020,2020-07,UFC 251 Post-Fight Matchmaking: Jose Aldo ( {@Jose Aldo Junior@} ) vs Rob Font ( {@RobFont@} ),UFC 251 Post-Fight Matchmaking: Jose Aldo ( @user ) vs Rob Font ( @user ),ufc post fight matchmaking jose aldo vs rob font,9,Sports,0.0051536807,0.953823,0.041023314,0.035869632,0.953823,Neutral
1282311000557883392,2020-07-12,2020,2020-07,"Summer Walker, Usher - Session 32/Come Thru (Live From The BET Awards/Me... {{URL}} 來自 {@YouTube@} 豪帥！","Summer Walker, Usher - Session 32/Come Thru (Live From The BET Awards/Me... http 來自 @user 豪帥！",summer walker usher session come thru live from the bet awards me,12,Arts & Culture|Celebrity & Pop Culture|Film Tv & Video|Music,0.0034745156,0.90727204,0.08925353,0.08577901,0.90727204,Neutral
1239188750384517121,2020-03-15,2020,2020-03,"Express Adda: The government should not intervene till necessary in the economy, says CEA KV Subramanian {{URL}} via {@FinancialXpress@}","Express Adda: The government should not intervene till necessary in the economy, says CEA KV Subramanian http via @user",express adda the government should not intervene till necessary in the economy says cea kv subramanian via,17,News & Social Concern,0.12755688,0.8487684,0.023674764,-0.10388211,0.8487684,Neutral
1292579137505210368,2020-08-09,2020,2020-08,I really wish ppl would stop editing out koo s cute little cheek scar during photo clean up it s adorable and should be respected #MTVHottest BTS {@BTS_twt@},I really wish ppl would stop editing out koo s cute little cheek scar during photo clean up it s adorable and should be respected #MTVHottest BTS @user,i really wish ppl would stop editing out koo s cute little cheek scar during photo clean up it s adorable and should be respected mtvhottest bts,27,Celebrity & Pop Culture|Film Tv & Video|Music|Other Hobbies,0.102899805,0.29363284,0.6034674,0.5005676,0.6034674,Positive
1289768512257323011,2020-08-02,2020,2020-08,TV Show Ideas: a retelling of The Salem Witch Trials except in this version all the ppl accusing others of witchcraft are actually witches themselves and their is mayhem amongst their secret coven. {@Ryan Murphy@} make it happen. {{USERNAME}} as Abagail Williams,TV Show Ideas: a retelling of The Salem Witch Trials except in this version all the ppl accusing others of witchcraft are actually witches themselves and their is mayhem amongst their secret coven. @user make it happen. @user as Abagail Williams,tv show ideas a retelling of the salem witch trials except in this version all the ppl accusing others of witchcraft are actually witches themselves and their is mayhem amongst their secret coven make it happen as abagail williams,39,Film Tv & Video,0.32274267,0.6077511,0.06950631,-0.25323635,0.6077511,Neutral
1241755037434511360,2020-03-22,2020,2020-03,Some positive thoughts and motivation from {@iJustine@} about the #CoronaCrisis working at home and being creative {{URL}},Some positive thoughts and motivation from @user about the #CoronaCrisis working at home and being creative http,some positive thoughts and motivation from about the coronacrisis working at home and being creative,15,Diaries & Daily Life|Fitness & Health|News & Social Concern,0.009404848,0.17631657,0.81427854,0.8048737,0.81427854,Positive
1193465102781026304,2019-11-10,2019,2019-11,Stone Butch Blues - on class and sexuality - such a powerful book Remember me as a revolutionary communist! - a tribute to Leslie Feinberg {{URL}} {@Eventbrite@},Stone Butch Blues - on class and sexuality - such a powerful book Remember me as a revolutionary communist! - a tribute to Leslie Feinberg http @user,stone butch blues on class and sexuality such a powerful book remember me as a revolutionary communist a tribute to leslie feinberg,22,Learning & Educational|News & Social Concern,0.004487007,0.057585828,0.9379271,0.93344015,0.9379271,Positive
1337969131308654594,2020-12-13,2020,2020-12,1980 s THROWBACK: THE RAVENITE {{URL}} via {@YouTube@} /GOTTI S FAVORITE TEAM WAS THE GIANTS,1980 s THROWBACK: THE RAVENITE http via @user /GOTTI S FAVORITE TEAM WAS THE GIANTS,s throwback the ravenite via gotti s favorite team was the giants,12,Sports,0.013540152,0.5299467,0.45651317,0.44297302,0.5299467,Neutral
1213638813815316482,2020-01-05,2020,2020-01,Remember when the {@Buffalo Bills@} celebrated when they beat the Cowboys like they won the super bowl? I enjoyed their playoff game. Now both teams can watch at home. #buffalobills #bills #buffalo #nfl,Remember when the @user celebrated when they beat the Cowboys like they won the super bowl? I enjoyed their playoff game. Now both teams can watch at home. #buffalobills #bills #buffalo #nfl,remember when the celebrated when they beat the cowboys like they won the super bowl i enjoyed their playoff game now both teams can watch at home buffalobills bills buffalo nfl,31,Gaming|Sports,0.003767767,0.031486083,0.9647462,0.9609784,0.9647462,Positive
1289952780258545664,2020-08-02,2020,2020-08,Fantastic {@Harrogate Town AFC@} A league club for the 1st time ever!,Fantastic @user A league club for the 1st time ever!,fantastic a league club for the st time ever,9,Sports,0.0033738092,0.007847053,0.98877907,0.98540527,0.98877907,Positive
1269477999121924096,2020-06-07,2020,2020-06,#UFC250 {@Cody Garbrandt@} Got the cleanest Knockout That was a buzzer beater !!!,#UFC250 @user Got the cleanest Knockout That was a buzzer beater !!!,ufc got the cleanest knockout that was a buzzer beater,10,News & Social Concern|Sports,0.003778393,0.033108164,0.96311355,0.95933515,0.96311355,Positive
1246645014563872769,2020-04-05,2020,2020-04,Community member Marie Barnhart shared her sweet Star Wars Lego collection shelf! See & share more things like this inside the group at {{URL}} {{USERNAME}} #lego #legostarwars… {{URL}},Community member Marie Barnhart shared her sweet Star Wars Lego collection shelf! See & share more things like this inside the group at http @user #lego #legostarwars… http,community member marie barnhart shared her sweet star wars lego collection shelf see share more things like this inside the group at lego legostarwars,24,Film Tv & Video,0.0017886446,0.13840209,0.8598092,0.8580206,0.8598092,Positive
1244353581429469184,2020-03-29,2020,2020-03,An important way to help is blood donation. The American Red Cross faces a blood shortage due to blood drive cancellations during this coronavirus outbreak. Please help us do our job by making an appointment to give: {{URL}} {@American Red Cross of Tennessee@},An important way to help is blood donation. The American Red Cross faces a blood shortage due to blood drive cancellations during this coronavirus outbreak. Please help us do our job by making an appointment to give: http @user,an important way to help is blood donation the american red cross faces a blood shortage due to blood drive cancellations during this coronavirus outbreak please help us do our job by making an appointment to give,37,News & Social Concern,0.031566396,0.48142216,0.48701152,0.4554451,0.48701152,Positive
1404015478616387594,2021-06-13,2021,2021-06,Cmon boys let’s make this the start to a brilliant summer {@England@} #ENGCRO,Cmon boys let’s make this the start to a brilliant summer @user #ENGCRO,cmon boys let s make this the start to a brilliant summer engcro,13,Sports,0.001916699,0.018345494,0.97973776,0.97782105,0.97973776,Positive
1363305318260879360,2021-02-21,2021,2021-02,I just earned the Middle of the Road (Level 74) badge on {{USERNAME}} ! {{URL}},I just earned the Middle of the Road (Level 74) badge on @user ! http,i just earned the middle of the road level badge on,11,Gaming,0.0020682625,0.16976932,0.82816243,0.82609415,0.82816243,Positive
1246920060624687106,2020-04-05,2020,2020-04,"#nowplaying The Best Of 2019 The Mixtape (Mixed By FlakesTheMixtapeMogul) (Extended Mix by FlakesTheMixtapeMogul feat: Afro B, Burna Boy, Taylor Swift, Katy Perry, Halsey, Khalid, Maroon 5, Chris Brown, Sam Smith & more via the {@Audiomack@} app {{URL}} {{USERNAME}}","#nowplaying The Best Of 2019 The Mixtape (Mixed By FlakesTheMixtapeMogul) (Extended Mix by FlakesTheMixtapeMogul feat: Afro B, Burna Boy, Taylor Swift, Katy Perry, Halsey, Khalid, Maroon 5, Chris Brown, Sam Smith & more via the @user app http @user",nowplaying the best of the mixtape mixed by flakesthemixtapemogul extended mix by flakesthemixtapemogul feat afro b burna boy taylor swift katy perry halsey khalid maroon chris brown sam smith more via the app,33,Music,0.0031134172,0.74274606,0.25414053,0.2510271,0.74274606,Neutral
1180777423505256448,2019-10-06,2019,2019-10,Looking to join {{USERNAME}} . Please send me an invite. {{URL}} lewat {{USERNAME}},Looking to join @user . Please send me an invite. http lewat @user,looking to join please send me an invite lewat,9,Other Hobbies,0.005080999,0.6511992,0.34371975,0.33863875,0.6511992,Neutral
1185826328408477697,2019-10-20,2019,2019-10,Big Shoutout to {@Wizkid@} for bringing Nigeria once again to the World. More Blessings King !!,Big Shoutout to @user for bringing Nigeria once again to the World. More Blessings King !!,big shoutout to for bringing nigeria once again to the world more blessings king,14,Music,0.0022982687,0.009526824,0.9881749,0.9858766,0.9881749,Positive
1320213046548115458,2020-10-25,2020,2020-10,Hunter Renfroe just did what the {@Los Angeles Dodgers@} don’t do.....with two on and two outs he popped up. The Dodgers get it done and get those runs home. Just a different level of offensive baseball. #worldseries,Hunter Renfroe just did what the @user don’t do.....with two on and two outs he popped up. The Dodgers get it done and get those runs home. Just a different level of offensive baseball. #worldseries,hunter renfroe just did what the don t do with two on and two outs he popped up the dodgers get it done and get those runs home just a different level of offensive baseball worldseries,36,Sports,0.030377524,0.43179724,0.53782517,0.50744766,0.53782517,Positive
1231395626983796738,2020-02-23,2020,2020-02,"Great day for {{USERNAME}} in the district tournament today. We have a record 7 wrestlers moving on to Regionals next weekend. 1st: Hunter(285) and Ryan Catka(195) 2nd: Dan Kearney(138) and Alex Williams(145) 4th: Xain Caballo(206), David Voghel(113), Vinny Warrington(282)","Great day for @user in the district tournament today. We have a record 7 wrestlers moving on to Regionals next weekend. 1st: Hunter(285) and Ryan Catka(195) 2nd: Dan Kearney(138) and Alex Williams(145) 4th: Xain Caballo(206), David Voghel(113), Vinny Warrington(282)",great day for in the district tournament today we have a record wrestlers moving on to regionals next weekend st hunter and ryan catka nd dan kearney and alex williams th xain caballo david voghel vinny warrington,37,Sports,0.0013537679,0.033993717,0.96465254,0.9632988,0.96465254,Positive
1294872742098079747,2020-08-16,2020,2020-08,"#تختی_چور_وزیرآعظم Our target is 300,000 passengers a day, which is expected to be achieved by the time the project is fully operational. {{USERNAME}}","#تختی_چور_وزیرآعظم Our target is 300,000 passengers a day, which is expected to be achieved by the time the project is fully operational. @user",our target is passengers a day which is expected to be achieved by the time the project is fully operational,20,Business & Entrepreneurs|Other Hobbies|Travel & Adventure,0.009169435,0.53591657,0.454914,0.44574457,0.53591657,Neutral
1211767422807674880,2019-12-30,2019,2019-12,I want to give a big thankyou to {{USERNAME}} . For helping me resolve the transfer of my new phone from {@T Mobile@} {@John Legere@} hope you all have a happy new years,I want to give a big thankyou to @user . For helping me resolve the transfer of my new phone from @user @user hope you all have a happy new years,i want to give a big thankyou to for helping me resolve the transfer of my new phone from hope you all have a happy new years,27,Science & Technology,0.002023771,0.0145453,0.98343086,0.9814071,0.98343086,Positive
1254470262894006272,2020-04-26,2020,2020-04,"Dearest {@President Biden@} , If you ever try to help your fellow countrymen w/ a stimulus, do NOT involve the {@IRS Tax Pros@} who don t do their job in cold & flu season. If I were a business man, I d ask that the poorest recieved money first, not the 80 million on the IRS friends & family list.","Dearest @user , If you ever try to help your fellow countrymen w/ a stimulus, do NOT involve the @user who don t do their job in cold & flu season. If I were a business man, I d ask that the poorest recieved money first, not the 80 million on the IRS friends & family list.",dearest if you ever try to help your fellow countrymen w a stimulus do not involve the who don t do their job in cold flu season if i were a business man i d ask that the poorest recieved money first not the million on the irs friends family list,51,News & Social Concern,0.7270085,0.24951869,0.023472825,-0.7035357,0.7270085,Negative
1242872385017131008,2020-03-25,2020,2020-03,Enjoyed having our first #virtual {{USERNAME}} meeting with {{USERNAME}} - it was good to connect with our members even if just by video. Great presentation from {{USERNAME}} - Keep up the great work!,Enjoyed having our first #virtual @user meeting with @user - it was good to connect with our members even if just by video. Great presentation from @user - Keep up the great work!,enjoyed having our first virtual meeting with it was good to connect with our members even if just by video great presentation from keep up the great work,28,Business & Entrepreneurs,0.0020299822,0.008565376,0.9894047,0.9873747,0.9894047,Positive
1289740422055698432,2020-08-02,2020,2020-08,"Alright back to streaming made a {{USERNAME}} pb and fluff milkshake, came out good sadly I made way too much. Strong flavor, good taste, highly recommend thanks to {{USERNAME}} . Let’s get back to the games {{URL}}","Alright back to streaming made a @user pb and fluff milkshake, came out good sadly I made way too much. Strong flavor, good taste, highly recommend thanks to @user . Let’s get back to the games http",alright back to streaming made a pb and fluff milkshake came out good sadly i made way too much strong flavor good taste highly recommend thanks to let s get back to the games,34,Food & Dining,0.003223922,0.018716326,0.9780597,0.9748358,0.9780597,Positive
1177643392605360128,2019-09-27,2019,2019-09,Delegation of {{USERNAME}} reports back from mtg with {@Chevron@} . 1)Chevron has targeted low income POC indigenous communities 2) climate change is real and we don’t have time for a slow transition 3) the steps they take aren’t enuf bc they part of fossil fuel industry #ClimateStrikeSF,Delegation of @user reports back from mtg with @user . 1)Chevron has targeted low income POC indigenous communities 2) climate change is real and we don’t have time for a slow transition 3) the steps they take aren’t enuf bc they part of fossil fuel industry #ClimateStrikeSF,delegation of reports back from mtg with chevron has targeted low income poc indigenous communities climate change is real and we don t have time for a slow transition the steps they take aren t enuf bc they part of fossil fuel industry climatestrikesf,44,Learning & Educational|News & Social Concern,0.76967335,0.22153278,0.008793944,-0.7608794,0.76967335,Negative
1208748259478515712,2019-12-22,2019,2019-12,Sitting in my hotel cafe in #jamaica listening to “Dear Winter” by {@AJR@} is such a weird thing. I have been listening to them forever and listening to them outside the United States is amazing.,Sitting in my hotel cafe in #jamaica listening to “Dear Winter” by @user is such a weird thing. I have been listening to them forever and listening to them outside the United States is amazing.,sitting in my hotel cafe in jamaica listening to dear winter by is such a weird thing i have been listening to them forever and listening to them outside the united states is amazing,34,Business & Entrepreneurs|Diaries & Daily Life|Music,0.018248232,0.14303367,0.8387181,0.82046986,0.8387181,Positive
1209954707726356482,2019-12-25,2019,2019-12,Didnt see a single Black Friday stampede/fight in the news this year. Are Americans becoming better people? Did {@Amazon@} save us from our worst selves? Or did everyone get their licks in {{USERNAME}} ? Discuss.,Didnt see a single Black Friday stampede/fight in the news this year. Are Americans becoming better people? Did @user save us from our worst selves? Or did everyone get their licks in @user ? Discuss.,didnt see a single black friday stampede fight in the news this year are americans becoming better people did save us from our worst selves or did everyone get their licks in discuss,33,News & Social Concern,0.6887533,0.26662803,0.044618677,-0.64413464,0.6887533,Negative
1338839475187830788,2020-12-15,2020,2020-12,I got the job finally. Christmas came early - Dreams do come true. Looking forward to great things ahead - {{USERNAME}} ..,I got the job finally. Christmas came early - Dreams do come true. Looking forward to great things ahead - @user ..,i got the job finally christmas came early dreams do come true looking forward to great things ahead,18,Diaries & Daily Life,0.0021279766,0.0072090747,0.99066293,0.9885349,0.99066293,Positive
1203554571794178048,2019-12-08,2019,2019-12,MABROOK 2 GENTLE MEN Clash on the Dunes: The belts have come home - Anthony Joshua executes perfect plan to regain his world heavyweight crown {{URL}} via {{USERNAME}},MABROOK 2 GENTLE MEN Clash on the Dunes: The belts have come home - Anthony Joshua executes perfect plan to regain his world heavyweight crown http via @user,mabrook gentle men clash on the dunes the belts have come home anthony joshua executes perfect plan to regain his world heavyweight crown via,24,Sports,0.0018189815,0.19304435,0.8051366,0.80331767,0.8051366,Positive
1358535000065363970,2021-02-07,2021,2021-02,"Lavonte David says Tom Brady told a teammate to stop crying about reaching the Super Bowl {{URL}} via {@Yahoo@} #1 so, i think brady will have a great game and it might come down to the last drive-tied and KC would score to win by 4-capturing the point spread and #2","Lavonte David says Tom Brady told a teammate to stop crying about reaching the Super Bowl http via @user #1 so, i think brady will have a great game and it might come down to the last drive-tied and KC would score to win by 4-capturing the point spread and #2",lavonte david says tom brady told a teammate to stop crying about reaching the super bowl via so i think brady will have a great game and it might come down to the last drive tied and kc would score to win by capturing the point spread and,48,Sports,0.014452239,0.38231316,0.6032347,0.5887825,0.6032347,Positive
1195968943870992384,2019-11-17,2019,2019-11,celebrating watermelon sugar at disneyland #streamit {@Harry Styles@} {{URL}},celebrating watermelon sugar at disneyland #streamit @user http,celebrating watermelon sugar at disneyland streamit,6,Celebrity & Pop Culture|Music,0.0017273172,0.16222636,0.83604634,0.834319,0.83604634,Positive
1279686409201299457,2020-07-05,2020,2020-07,"I really hope Anneliese Dodds ( {@The Labour Party@} Shadow Chancellor) on #Ridge this morning acknowledges and addresses the fact that the two main parties have completely overlooked the gendered economic impact of Covid, which will only increase the gulf of inequality between men & women.","I really hope Anneliese Dodds ( @user Shadow Chancellor) on #Ridge this morning acknowledges and addresses the fact that the two main parties have completely overlooked the gendered economic impact of Covid, which will only increase the gulf of inequality between men & women.",i really hope anneliese dodds shadow chancellor on ridge this morning acknowledges and addresses the fact that the two main parties have completely overlooked the gendered economic impact of covid which will only increase the gulf of inequality between men women,41,News & Social Concern,0.28815982,0.5606847,0.15115555,-0.13700427,0.5606847,Neutral
1188360547483435008,2019-10-27,2019,2019-10,I finally have an idea for what I’ll be serving on my food truck when the time comes. A homage to the place I call home and to my family and a big ups to the dude who inspired me {@Eddie Huang@},I finally have an idea for what I’ll be serving on my food truck when the time comes. A homage to the place I call home and to my family and a big ups to the dude who inspired me @user,i finally have an idea for what i ll be serving on my food truck when the time comes a homage to the place i call home and to my family and a big ups to the dude who inspired me,41,Food & Dining,0.0031222932,0.075383835,0.92149395,0.9183717,0.92149395,Positive
1345337065416876033,2021-01-02,2021,2021-01,The show was amazing! Kiss Confirm New Years’ Eve Show World Records {@KISS@} {{URL}} {@UltimateClassicRock@},The show was amazing! Kiss Confirm New Years’ Eve Show World Records @user http @user,the show was amazing kiss confirm new years eve show world records,12,Music,0.0017582707,0.010214661,0.9880271,0.9862688,0.9880271,Positive
1298741664878653440,2020-08-26,2020,2020-08,Charge the cops who shot Jacob Blake - Sign the Petition! #unarmedvictim #DemandJusticeForJacobBlake {{URL}} via {@Change org@},Charge the cops who shot Jacob Blake - Sign the Petition! #unarmedvictim #DemandJusticeForJacobBlake http via @user,charge the cops who shot jacob blake sign the petition unarmedvictim demandjusticeforjacobblake via,13,Diaries & Daily Life|News & Social Concern,0.25468263,0.6833584,0.061958972,-0.19272366,0.6833584,Neutral
1198720391159660545,2019-11-24,2019,2019-11,The sad thing about {{USERNAME}} new album is {@MAYORKUN@} is not on it.,The sad thing about @user new album is @user is not on it.,the sad thing about new album is is not on it,11,Music,0.86787015,0.12051951,0.0116103515,-0.8562598,0.86787015,Negative
1274150170243092481,2020-06-20,2020,2020-06,So excited to welcome {{USERNAME}} back to Arizona next week! I’ve been so impressed by the {@Students For Trump@} in AZ and I know the president will be too! {{URL}},So excited to welcome @user back to Arizona next week! I’ve been so impressed by the @user in AZ and I know the president will be too! http,so excited to welcome back to arizona next week i ve been so impressed by the in az and i know the president will be too,26,News & Social Concern,0.0016270698,0.005331264,0.99304175,0.99141467,0.99304175,Positive
1206180284997259265,2019-12-15,2019,2019-12,Awesome South Africa – Travel Light! is out! {{URL}} Stories via {{USERNAME}} {{USERNAME}} #travel #eurekamag,Awesome South Africa – Travel Light! is out! http Stories via @user @user #travel #eurekamag,awesome south africa travel light is out stories via travel eurekamag,11,Travel & Adventure,0.0018261067,0.021355143,0.9768188,0.9749927,0.9768188,Positive
1185856888459522048,2019-10-20,2019,2019-10,{{URL}} - looking for inspiration? share stories of the joy of General Practice from New Zealand and around the world in this podcast series .. {{USERNAME}},http - looking for inspiration? share stories of the joy of General Practice from New Zealand and around the world in this podcast series .. @user,looking for inspiration share stories of the joy of general practice from new zealand and around the world in this podcast series,22,Diaries & Daily Life|Travel & Adventure,0.0022947148,0.10398802,0.8937172,0.8914225,0.8937172,Positive
1287201712936292358,2020-07-26,2020,2020-07,The power of the piano again on display there as we enjoy High Flavour s {{USERNAME}} X s offering #Monolithic on #BumpInTheHump. Stream and tracklist here: {{URL}},The power of the piano again on display there as we enjoy High Flavour s @user X s offering #Monolithic on #BumpInTheHump. Stream and tracklist here: http,the power of the piano again on display there as we enjoy high flavour s x s offering monolithic on bumpinthehump stream and tracklist here,25,Music,0.0014866055,0.08889552,0.9096178,0.9081312,0.9096178,Positive
1269562634178826240,2020-06-07,2020,2020-06,THE WORLD STANDS WITH YOU {@Alexis Johnson@} & {@Michael M Santiago@} WE WILL NOT TOLERATE THE SILENCING OF BLACK VOICES!!! {{URL}},THE WORLD STANDS WITH YOU @user & @user WE WILL NOT TOLERATE THE SILENCING OF BLACK VOICES!!! http,the world stands with you we will not tolerate the silencing of black voices,14,News & Social Concern,0.013899249,0.15985836,0.82624245,0.8123432,0.82624245,Positive
1257067083160080387,2020-05-03,2020,2020-05,Dee Koala - 4 The Khaltsha (Official Music Video) ft. Lookatups {{URL}} via @ChaeYunEun @DeeKoala1,Dee Koala - 4 The Khaltsha (Official Music Video) ft. Lookatups http via @user @user,dee koala the khaltsha official music video ft lookatups via,10,Celebrity & Pop Culture|Film Tv & Video|Music,0.0060308264,0.9469395,0.047029644,0.040998816,0.9469395,Neutral
1173324932392071168,2019-09-15,2019,2019-09,At this point the only person that needs to traded is Stephen Ross {@Miami Dolphins@} You traded all the good players before game 1 and here we are. You team is 0-2 and sucking real hard. All those fans at hard rock stadium right now aren’t going for the Dolphins,At this point the only person that needs to traded is Stephen Ross @user You traded all the good players before game 1 and here we are. You team is 0-2 and sucking real hard. All those fans at hard rock stadium right now aren’t going for the Dolphins,at this point the only person that needs to traded is stephen ross you traded all the good players before game and here we are you team is and sucking real hard all those fans at hard rock stadium right now aren t going for the dolphins,47,Sports,0.91504306,0.07861655,0.006340361,-0.9087027,0.91504306,Negative
1289891678468231168,2020-08-02,2020,2020-08,Work hard as a FREAKING SENATOR YOU VILE PIG. YOU NAIVE CREATURE FROM HELL #GawingPatabaSaLupaSiCynthia {@Cynthia Villar@},Work hard as a FREAKING SENATOR YOU VILE PIG. YOU NAIVE CREATURE FROM HELL #GawingPatabaSaLupaSiCynthia @user,work hard as a freaking senator you vile pig you naive creature from hell gawingpatabasalupasicynthia,15,News & Social Concern,0.94629765,0.047287874,0.0064144507,-0.9398832,0.94629765,Negative
1330203507660632066,2020-11-21,2020,2020-11,"Bars close at 10PM in NY, but if you are rocking with {@Lee Brice@} then the parking lot is where the party is at! #Parkinglotparty","Bars close at 10PM in NY, but if you are rocking with @user then the parking lot is where the party is at! #Parkinglotparty",bars close at pm in ny but if you are rocking with then the parking lot is where the party is at parkinglotparty,23,Celebrity & Pop Culture|Music,0.0027412463,0.19839862,0.79886013,0.7961189,0.79886013,Positive
1190326033964294146,2019-11-01,2019,2019-11,The women s basketball season starts Sunday with an exhibition game against McKendree. {{USERNAME}} details all the interesting aspects of the No. 24 Indiana Hoosiers ahead of the new season. #iuwbb {{URL}},The women s basketball season starts Sunday with an exhibition game against McKendree. @user details all the interesting aspects of the No. 24 Indiana Hoosiers ahead of the new season. #iuwbb http,the women s basketball season starts sunday with an exhibition game against mckendree details all the interesting aspects of the no indiana hoosiers ahead of the new season iuwbb,29,Sports,0.0028458266,0.7967485,0.20040569,0.19755986,0.7967485,Neutral
1297986243154911233,2020-08-24,2020,2020-08,There’s not much we can do so at least please sign the petitions Charge the cops who shot Jacob Blake - Sign the Petition! {{URL}} via {@Change org UK@},There’s not much we can do so at least please sign the petitions Charge the cops who shot Jacob Blake - Sign the Petition! http via @user,there s not much we can do so at least please sign the petitions charge the cops who shot jacob blake sign the petition via,25,News & Social Concern,0.54980505,0.3990172,0.051177695,-0.49862736,0.54980505,Negative
1200984805208276995,2019-12-01,2019,2019-12,"Reposted from {{USERNAME}} ( {{USERNAME}} ) - Michael Vick, with his partner, Quanis Phillips, killed a dog “by slamming it to the ground several times before it died, breaking the… {{URL}}","Reposted from @user ( @user ) - Michael Vick, with his partner, Quanis Phillips, killed a dog “by slamming it to the ground several times before it died, breaking the… http",reposted from michael vick with his partner quanis phillips killed a dog by slamming it to the ground several times before it died breaking the,25,Celebrity & Pop Culture|News & Social Concern|Sports,0.5279252,0.46270236,0.00937242,-0.5185528,0.5279252,Negative
1282190909929484288,2020-07-12,2020,2020-07,"Idea for {@Twitter Business@} {@Twitter@} Twitter Notes, basically like the notes app but within the app so if you’re writing and it’s too long it could suggest if you want to make a Twitter Note. And it’ll show like pictures too; you can’t copy the text","Idea for @user @user Twitter Notes, basically like the notes app but within the app so if you’re writing and it’s too long it could suggest if you want to make a Twitter Note. And it’ll show like pictures too; you can’t copy the text",idea for twitter notes basically like the notes app but within the app so if you re writing and it s too long it could suggest if you want to make a twitter note and it ll show like pictures too you can t copy the text,47,Business & Entrepreneurs,0.043233886,0.83446044,0.12230567,0.07907178,0.83446044,Neutral
1187604756274937856,2019-10-25,2019,2019-10,"So, I picked up my preorder of {@The Outer Worlds@} today and I played it for about three hours. This game is amazing. Combat is crazy good. Interacting with characters is enjoyable and hilarious. The lore of the world and the story is absolutely one that I can sink my teeth into.","So, I picked up my preorder of @user today and I played it for about three hours. This game is amazing. Combat is crazy good. Interacting with characters is enjoyable and hilarious. The lore of the world and the story is absolutely one that I can sink my teeth into.",so i picked up my preorder of today and i played it for about three hours this game is amazing combat is crazy good interacting with characters is enjoyable and hilarious the lore of the world and the story is absolutely one that i can sink my teeth into,49,Gaming,0.0037330221,0.010822944,0.9854441,0.9817111,0.9854441,Positive
1416605026609516545,2021-07-18,2021,2021-07,"Bucks need to finish the job now. Had this kinda game 5 against nets, only to lose game 6 at home. Get the job done on home court, don’t push your luck by coming back to PHX {@Milwaukee Bucks@}","Bucks need to finish the job now. Had this kinda game 5 against nets, only to lose game 6 at home. Get the job done on home court, don’t push your luck by coming back to PHX @user",bucks need to finish the job now had this kinda game against nets only to lose game at home get the job done on home court don t push your luck by coming back to phx,36,Sports,0.35977894,0.5772109,0.06301018,-0.29676875,0.5772109,Neutral
1246915880715313152,2020-04-05,2020,2020-04,"Check out what I just added to my closet on Poshmark: Alice in Wonderland, Alien, and Star Wars Pins. {{URL}} via {@Poshmark@} #shopmycloset","Check out what I just added to my closet on Poshmark: Alice in Wonderland, Alien, and Star Wars Pins. http via @user #shopmycloset",check out what i just added to my closet on poshmark alice in wonderland alien and star wars pins via shopmycloset,21,Film Tv & Video,0.0025004752,0.48995206,0.50754744,0.50504696,0.50754744,Positive
1335580198847340544,2020-12-06,2020,2020-12,Lemme start Big Mouth b4 football come on. What this new season hittin for {{USERNAME}} ?,Lemme start Big Mouth b4 football come on. What this new season hittin for @user ?,lemme start big mouth b football come on what this new season hittin for,14,Sports,0.02843519,0.8073655,0.1641993,0.1357641,0.8073655,Neutral
1274550600659693568,2020-06-21,2020,2020-06,Deeply Disturbing : New York Supreme Court Judge Rules Protesters Can Be Detained Indefinitely - {{URL}} via {@Common Dreams@},Deeply Disturbing : New York Supreme Court Judge Rules Protesters Can Be Detained Indefinitely - http via @user,deeply disturbing new york supreme court judge rules protesters can be detained indefinitely via,14,News & Social Concern,0.8393693,0.1548581,0.0057726423,-0.83359665,0.8393693,Negative
1231724900173451266,2020-02-23,2020,2020-02,The best two teams in the state will play each other in round one of the sectional. This happens every year it seems. There’s gotta be a way to fix this {@IHSAA@},The best two teams in the state will play each other in round one of the sectional. This happens every year it seems. There’s gotta be a way to fix this @user,the best two teams in the state will play each other in round one of the sectional this happens every year it seems there s gotta be a way to fix this,32,Sports,0.5086917,0.38563243,0.10567588,-0.40301585,0.5086917,Negative
1236622403276587008,2020-03-08,2020,2020-03,"Here’s to strong women: may we know them, may we be them, may we raise them. |.. {{URL}} #luxurytravel via {{USERNAME}}","Here’s to strong women: may we know them, may we be them, may we raise them. |.. http #luxurytravel via @user",here s to strong women may we know them may we be them may we raise them luxurytravel via,19,Diaries & Daily Life|News & Social Concern,0.0034911456,0.047183093,0.9493258,0.94583464,0.9493258,Positive
1252989602819956736,2020-04-22,2020,2020-04,"At 12pm, hear from Dr. Myra Rutland {{USERNAME}} , a NCC board-certified Family Nurse Practitioner, will discuss the topic Why HIV is no longer a death sentence. Watch the full video and add comments via Facebook: Urban League of Philadelphia #health #equity #disparities","At 12pm, hear from Dr. Myra Rutland @user , a NCC board-certified Family Nurse Practitioner, will discuss the topic Why HIV is no longer a death sentence. Watch the full video and add comments via Facebook: Urban League of Philadelphia #health #equity #disparities",at pm hear from dr myra rutland a ncc board certified family nurse practitioner will discuss the topic why hiv is no longer a death sentence watch the full video and add comments via facebook urban league of philadelphia health equity disparities,42,Fitness & Health|News & Social Concern|Science & Technology,0.008281559,0.881448,0.11027053,0.10198897,0.881448,Neutral
1250116053851570177,2020-04-14,2020,2020-04,It s important for the church to understand that we have to be passionate about injustices in our community because this was modeled by Jesus Christ. {{USERNAME}} Join our Live Webinar: {{URL}},It s important for the church to understand that we have to be passionate about injustices in our community because this was modeled by Jesus Christ. @user Join our Live Webinar: http,it s important for the church to understand that we have to be passionate about injustices in our community because this was modeled by jesus christ join our live webinar,30,Film Tv & Video|Other Hobbies,0.011030284,0.33087736,0.65809244,0.6470622,0.65809244,Positive
1227622488328298497,2020-02-12,2020,2020-02,"Dear {@Houston Astros@} and {@MLB@} , I ve loved the Astros since I was 6 years old. In the 30 years since I ve cheered them on in the World Series and through 100 loss seasons, but quite frankly I m sick to death of this scandal. Rooting for the Astros in the 90 s was great... (1/4)","Dear @user and @user , I ve loved the Astros since I was 6 years old. In the 30 years since I ve cheered them on in the World Series and through 100 loss seasons, but quite frankly I m sick to death of this scandal. Rooting for the Astros in the 90 s was great... (1/4)",dear and i ve loved the astros since i was years old in the years since i ve cheered them on in the world series and through loss seasons but quite frankly i m sick to death of this scandal rooting for the astros in the s was great,49,Sports,0.6210127,0.20102072,0.17796658,-0.4430461,0.6210127,Negative
1180238828675764225,2019-10-04,2019,2019-10,Feel free to send in your requests and shoutouts on Twitter {{USERNAME}},Feel free to send in your requests and shoutouts on Twitter @user,feel free to send in your requests and shoutouts on twitter,11,Diaries & Daily Life|Other Hobbies,0.0055181305,0.46903846,0.5254434,0.51992524,0.5254434,Positive
1310034904487469056,2020-09-27,2020,2020-09,"9:07 3Q | #Baylor 31, #Kansas 7 John Lovett off tackle from 7 and the Bears are rolling #Big12FB {{USERNAME}} {{USERNAME}}","9:07 3Q | #Baylor 31, #Kansas 7 John Lovett off tackle from 7 and the Bears are rolling #Big12FB @user @user",q baylor kansas john lovett off tackle from and the bears are rolling big fb,15,Sports,0.004112918,0.88116205,0.11472501,0.110612094,0.88116205,Neutral
1294930598621061120,2020-08-16,2020,2020-08,Manchester City star Laporte criticizes VAR after shock Lyon loss {{URL}} via {{USERNAME}},Manchester City star Laporte criticizes VAR after shock Lyon loss http via @user,manchester city star laporte criticizes var after shock lyon loss via,11,Sports,0.37446368,0.6137261,0.011810253,-0.36265343,0.6137261,Neutral
1212189894619127808,2020-01-01,2020,2020-01,"“Dance The Decade Away” New Years MasterMix on {{USERNAME}} . 2019 was good and why not end it the way I started it, {{USERNAME}} Being on Radio. #DjExeqOnWbls . Listen him LIVE TONIGHT 9-10pm . . Thank You ALL… {{URL}}","“Dance The Decade Away” New Years MasterMix on @user . 2019 was good and why not end it the way I started it, @user Being on Radio. #DjExeqOnWbls . Listen him LIVE TONIGHT 9-10pm . . Thank You ALL… http",dance the decade away new years mastermix on was good and why not end it the way i started it being on radio djexeqonwbls listen him live tonight pm thank you all,32,Music,0.0023434176,0.030779643,0.9668769,0.9645335,0.9668769,Positive
1171090606271225856,2019-09-09,2019,2019-09,The biggest mismatch in tonight’s #DENvsOAK game? My thoughts for {@The Action Network@} game analysis {{URL}},The biggest mismatch in tonight’s #DENvsOAK game? My thoughts for @user game analysis http,the biggest mismatch in tonight s denvsoak game my thoughts for game analysis,13,Sports,0.015320844,0.8958133,0.08886585,0.073545,0.8958133,Neutral
1239038080058867714,2020-03-15,2020,2020-03,Graphic modeling of the effect of social distancing. Worth a read/look. {@The Washington Post@} #COVID19 {{URL}},Graphic modeling of the effect of social distancing. Worth a read/look. @user #COVID19 http,graphic modeling of the effect of social distancing worth a read look covid,13,News & Social Concern,0.009721324,0.50497276,0.48530594,0.47558463,0.50497276,Neutral
1249483872745787393,2020-04-12,2020,2020-04,#happyeaster a very different easter dinner #primeribsteaks #justthe2ofus❤ #missingfamily #missing {{USERNAME}} ( Anthony) john.w.76 jesslynnireland and of course my darling #grandson plus missed being with… {{URL}},#happyeaster a very different easter dinner #primeribsteaks #justthe2ofus❤ #missingfamily #missing @user ( Anthony) john.w.76 jesslynnireland and of course my darling #grandson plus missed being with… http,happyeaster a very different easter dinner primeribsteaks justthe ofus missingfamily missing anthony john w jesslynnireland and of course my darling grandson plus missed being with,25,Family|Food & Dining,0.04165949,0.20836203,0.7499785,0.708319,0.7499785,Positive
1282343213873926149,2020-07-12,2020,2020-07,Reason 1179 why I am a clown: - I went on {@Bumble@} Friends shortly after I started my beauty page to find fellow bloggers and people who love social media as much as I do. But it ended up being all #Arbonne girlies! And that’s how I ended up leaving the app!,Reason 1179 why I am a clown: - I went on @user Friends shortly after I started my beauty page to find fellow bloggers and people who love social media as much as I do. But it ended up being all #Arbonne girlies! And that’s how I ended up leaving the app!,reason why i am a clown i went on friends shortly after i started my beauty page to find fellow bloggers and people who love social media as much as i do but it ended up being all arbonne girlies and that s how i ended up leaving the app,50,Diaries & Daily Life,0.63246334,0.28334308,0.08419355,-0.5482698,0.63246334,Negative
1172872277219848192,2019-09-14,2019,2019-09,Halewood lions vs msb sounders tomorrow at r academy on leathers lane. Really looking forward to the game {{USERNAME}} {{USERNAME}},Halewood lions vs msb sounders tomorrow at r academy on leathers lane. Really looking forward to the game @user @user,halewood lions vs msb sounders tomorrow at r academy on leathers lane really looking forward to the game,18,Gaming|Sports,0.0014682381,0.020980166,0.97755164,0.9760834,0.97755164,Positive
1176979242124337152,2019-09-25,2019,2019-09,Scott Morrison uses UN speech to slam internal and global critics of Australia s climate change policy {{URL}} via {@ABC News@},Scott Morrison uses UN speech to slam internal and global critics of Australia s climate change policy http via @user,scott morrison uses un speech to slam internal and global critics of australia s climate change policy via,18,News & Social Concern,0.102511816,0.87295127,0.024536869,-0.077974945,0.87295127,Neutral
1344973344609873921,2021-01-01,2021,2021-01,"Guys Happy New Year! ✨ Intejaar huaa khatam, Finally {{USERNAME}} Sir ka New Song Pancheshwar Baandh song Out Now. ❤ {{URL}}","Guys Happy New Year! ✨ Intejaar huaa khatam, Finally @user Sir ka New Song Pancheshwar Baandh song Out Now. ❤ http",guys happy new year intejaar huaa khatam finally sir ka new song pancheshwar baandh song out now,17,Music,0.0012221436,0.014249437,0.9845285,0.98330635,0.9845285,Positive
1175650130403282945,2019-09-22,2019,2019-09,"Okay {@Insomniac Events@} congratulations on selling out the entire festival. Now that you have all this MF money, the ball is in your court. I m excited to see what you do this upcoming year {@Pasquale Rotella@}","Okay @user congratulations on selling out the entire festival. Now that you have all this MF money, the ball is in your court. I m excited to see what you do this upcoming year @user",okay congratulations on selling out the entire festival now that you have all this mf money the ball is in your court i m excited to see what you do this upcoming year,33,Arts & Culture|Music,0.0036027129,0.01973323,0.976664,0.9730613,0.976664,Positive
1259299330126725120,2020-05-10,2020,2020-05,Drinks absolute Sister drinks tequila ... 15mins later.. Me to my sister: You ain’t hot? Sister: yeah I hott Simultaneously laughs at each other! @Nikieva_Wallace,Drinks absolute Sister drinks tequila ... 15mins later.. Me to my sister: You ain’t hot? Sister: yeah I hott Simultaneously laughs at each other! @user,drinks absolute sister drinks tequila mins later me to my sister you ain t hot sister yeah i hott simultaneously laughs at each other,24,Family|Food & Dining,0.123013,0.6146475,0.26233947,0.13932648,0.6146475,Neutral
1200497621674147840,2019-11-29,2019,2019-11,"Watch: #Oklahoma musician {{USERNAME}} releases new album The #Christmas Light, with the music video for Home Movies #HappyHolidays {{URL}}","Watch: #Oklahoma musician @user releases new album The #Christmas Light, with the music video for Home Movies #HappyHolidays http",watch oklahoma musician releases new album the christmas light with the music video for home movies happyholidays,17,Music,0.0014666583,0.22025228,0.7782811,0.77681446,0.7782811,Positive
1318278036245139456,2020-10-19,2020,2020-10,Joining the fight ! Tim Tebow Teams with Trump Administration To Fight Human Trafficking via {@The Western Journal@} {{URL}},Joining the fight ! Tim Tebow Teams with Trump Administration To Fight Human Trafficking via @user http,joining the fight tim tebow teams with trump administration to fight human trafficking via,14,News & Social Concern|Sports,0.0152675705,0.8795877,0.105144665,0.08987709,0.8795877,Neutral
1399120648455262212,2021-05-30,2021,2021-05,Satan Worship - Im the Devil via #PureSteel #Premier #HardRock {{USERNAME}} supporting Artists since 2000 at {{USERNAME}} {{URL}} #Premier HiQ Radio,Satan Worship - Im the Devil via #PureSteel #Premier #HardRock @user supporting Artists since 2000 at @user http #Premier HiQ Radio,satan worship im the devil via puresteel premier hardrock supporting artists since at premier hiq radio,16,Music,0.05114611,0.9099961,0.03885778,-0.012288328,0.9099961,Neutral
1206056367242526721,2019-12-15,2019,2019-12,Pretty sure I just saw {{USERNAME}} on UFC 245,Pretty sure I just saw @user on UFC 245,pretty sure i just saw on ufc,7,Sports,0.020893035,0.8648047,0.11430227,0.09340923,0.8648047,Neutral
1175981134775078913,2019-09-23,2019,2019-09,Things I know: I like Freddie Kitchens. Freddie is a new head coach who hasn t found his way yet. He has a young QB who is struggling. The defense is better. {@Cleveland Browns@} deserve to be 1-2. My prediction of 7-8-1 this season is looking good. We can win the Super Bowl soon. Not 2019.,Things I know: I like Freddie Kitchens. Freddie is a new head coach who hasn t found his way yet. He has a young QB who is struggling. The defense is better. @user deserve to be 1-2. My prediction of 7-8-1 this season is looking good. We can win the Super Bowl soon. Not 2019.,things i know i like freddie kitchens freddie is a new head coach who hasn t found his way yet he has a young qb who is struggling the defense is better deserve to be my prediction of this season is looking good we can win the super bowl soon not,51,Food & Dining|Sports,0.032938886,0.18039905,0.7866621,0.7537232,0.7866621,Positive
1340565008267165696,2020-12-20,2020,2020-12,"“When Jesus spoke again to the people, he said, “I am the light of the world. Whoever follows me will never walk in darkness, but will have the light of life.” VANJOSS OnKTnXChristmasConcert PaskongKapamilya With Vanjoss {{USERNAME}}","“When Jesus spoke again to the people, he said, “I am the light of the world. Whoever follows me will never walk in darkness, but will have the light of life.” VANJOSS OnKTnXChristmasConcert PaskongKapamilya With Vanjoss @user",when jesus spoke again to the people he said i am the light of the world whoever follows me will never walk in darkness but will have the light of life vanjoss onktnxchristmasconcert paskongkapamilya with vanjoss,36,Arts & Culture|Other Hobbies,0.0054893116,0.20508754,0.78942317,0.7839339,0.78942317,Positive
1254104787395784706,2020-04-25,2020,2020-04,Listening to the full {@Metallica@} Slane Castle gig from last year while bbq n and having a few beers. What a gig! What memories! #MetallicaFamily,Listening to the full @user Slane Castle gig from last year while bbq n and having a few beers. What a gig! What memories! #MetallicaFamily,listening to the full slane castle gig from last year while bbq n and having a few beers what a gig what memories metallicafamily,24,Food & Dining|Music,0.0031246862,0.033038322,0.963837,0.9607123,0.963837,Positive
1236708785391091712,2020-03-08,2020,2020-03,coconuttyglittersmurf: Happy International Woman’s Day from {{USERNAME}} and The Casagrandes! GO GIRL POWER!!! :D Happy international women’s day￼ {{URL}},coconuttyglittersmurf: Happy International Woman’s Day from @user and The Casagrandes! GO GIRL POWER!!! :D Happy international women’s day￼ http,coconuttyglittersmurf happy international woman s day from and the casagrandes go girl power d happy international women s day,19,Diaries & Daily Life|News & Social Concern,0.0017471529,0.0069325524,0.9913202,0.98957306,0.9913202,Positive
1211346126428868608,2019-12-29,2019,2019-12,"Come on {@Scott Hanson@} , hit it with all your might, for the last 7 hours of commercial free football of the decade All of us over here in the UK are primed and ready to go!","Come on @user , hit it with all your might, for the last 7 hours of commercial free football of the decade All of us over here in the UK are primed and ready to go!",come on hit it with all your might for the last hours of commercial free football of the decade all of us over here in the uk are primed and ready to go,33,Sports,0.0068141627,0.09972479,0.8934611,0.8866469,0.8934611,Positive
1406702463785345031,2021-06-20,2021,2021-06,Happy Father’s Day to my baby daddy and ace boon {{USERNAME}} . I’m so proud of you ❤️,Happy Father’s Day to my baby daddy and ace boon @user . I’m so proud of you ❤️,happy father s day to my baby daddy and ace boon i m so proud of you,17,Diaries & Daily Life|Family|Relationships,0.0031863365,0.006026676,0.99078697,0.9876006,0.99078697,Positive
1287201751045509120,2020-07-26,2020,2020-07,The SuperstaR Mahesh is the name to enough to destroy the box office records #SarkaruVaariPaata #MaheshBabuBdayCDP {@Mahesh Babu@},The SuperstaR Mahesh is the name to enough to destroy the box office records #SarkaruVaariPaata #MaheshBabuBdayCDP @user,the superstar mahesh is the name to enough to destroy the box office records sarkaruvaaripaata maheshbabubdaycdp,16,Celebrity & Pop Culture|Film Tv & Video,0.0057158084,0.13792206,0.8563621,0.8506463,0.8563621,Positive
1241333629789310982,2020-03-21,2020,2020-03,do not abandon the Animals ➖ help with your voice SIGN Petition and share „Amman Government : Make the government protect the stray dogs in Amman” - Jetzt unterschreiben! {{URL}} via {@Change org UK@},do not abandon the Animals ➖ help with your voice SIGN Petition and share „Amman Government : Make the government protect the stray dogs in Amman” - Jetzt unterschreiben! http via @user,do not abandon the animals help with your voice sign petition and share amman government make the government protect the stray dogs in amman jetzt unterschreiben via,27,News & Social Concern,0.15327021,0.7422771,0.10445267,-0.048817545,0.7422771,Neutral
1170576772536131584,2019-09-08,2019,2019-09,So {@AB@} is just the latest victim of the madden curse. If you’re on the cover of that game your career will take a turn for the worse,So @user is just the latest victim of the madden curse. If you’re on the cover of that game your career will take a turn for the worse,so is just the latest victim of the madden curse if you re on the cover of that game your career will take a turn for the worse,28,Gaming|Sports,0.90067834,0.09214553,0.0071761166,-0.89350224,0.90067834,Negative
1254227353443721216,2020-04-26,2020,2020-04,Thou o Lord by Man O War Choir {{URL}} via {@YouTube@} There s a me in this choir and I miss being with my choir family! If you see me comment below!,Thou o Lord by Man O War Choir http via @user There s a me in this choir and I miss being with my choir family! If you see me comment below!,thou o lord by man o war choir via there s a me in this choir and i miss being with my choir family if you see me comment below,30,Music|News & Social Concern|Relationships,0.08937901,0.34890103,0.56171995,0.47234094,0.56171995,Positive
1411625080023568384,2021-07-04,2021,2021-07,"The ability of the seed to multiply is when it is buried in the ground. Because God has put some things in the ground to enable the seed produce | {{USERNAME}} | Principles of Fruitfulness | Shalom Temple, Amasaman #ShalomAt24 #SundaysAtICGC #YearOfFruitfulness","The ability of the seed to multiply is when it is buried in the ground. Because God has put some things in the ground to enable the seed produce | @user | Principles of Fruitfulness | Shalom Temple, Amasaman #ShalomAt24 #SundaysAtICGC #YearOfFruitfulness",the ability of the seed to multiply is when it is buried in the ground because god has put some things in the ground to enable the seed produce principles of fruitfulness shalom temple amasaman shalomat sundaysaticgc yearoffruitfulness,38,Diaries & Daily Life|Other Hobbies,0.008626044,0.5631621,0.4282119,0.41958585,0.5631621,Neutral
1249244229920010240,2020-04-12,2020,2020-04,WATCH: The Passion of the Christ – The Most Powerful and Moving Film Ever Made {{URL}} via {{USERNAME}} Report,WATCH: The Passion of the Christ – The Most Powerful and Moving Film Ever Made http via @user Report,watch the passion of the christ the most powerful and moving film ever made via report,16,Arts & Culture|Film Tv & Video,0.001826431,0.056459844,0.94171363,0.9398872,0.94171363,Positive
1274520789572882433,2020-06-21,2020,2020-06,United States Supreme Court: Justice for Lakeith Smith! - Sign the Petition! {{URL}} via {@Change org@},United States Supreme Court: Justice for Lakeith Smith! - Sign the Petition! http via @user,united states supreme court justice for lakeith smith sign the petition via,12,News & Social Concern,0.004985787,0.6213226,0.37369168,0.3687059,0.6213226,Neutral
1305014996414476290,2020-09-13,2020,2020-09,Mix - Secret Runner - GMO vs K-Wave ( Trance Red Zone - Secret Runner ) {{URL}} via {@YouTube@} “I am the King” Sharukh,Mix - Secret Runner - GMO vs K-Wave ( Trance Red Zone - Secret Runner ) http via @user “I am the King” Sharukh,mix secret runner gmo vs k wave trance red zone secret runner via i am the king sharukh,18,Music,0.0056076897,0.9194033,0.074989,0.06938131,0.9194033,Neutral
1432129310480011265,2021-08-29,2021,2021-08,Thinking of everyone in Ida’s path and of my friends {@Walter Isaacson@} and {@Mitch Landrieu@} . Please stay safe and tell us how we can help in the aftermath.,Thinking of everyone in Ida’s path and of my friends @user and @user . Please stay safe and tell us how we can help in the aftermath.,thinking of everyone in ida s path and of my friends and please stay safe and tell us how we can help in the aftermath,25,Family|News & Social Concern|Relationships,0.09152498,0.617586,0.290889,0.199364,0.617586,Neutral
1239339618216161286,2020-03-15,2020,2020-03,Coronavirus has shut down sports and Hollywood. If beer is next will the population go crazy Homer Simpson style. {@The Simpsons@} {@Al Jean@} {@Budweiser@} {@Molson Coors Beverage Company@},Coronavirus has shut down sports and Hollywood. If beer is next will the population go crazy Homer Simpson style. @user @user @user @user,coronavirus has shut down sports and hollywood if beer is next will the population go crazy homer simpson style,19,Film Tv & Video|Fitness & Health|Food & Dining|News & Social Concern|Sports,0.7888277,0.18952388,0.021648383,-0.7671793,0.7888277,Negative
1239127898398896128,2020-03-15,2020,2020-03,The {{USERNAME}} off to china. Dont they know theres a travel ban on {@CBeebies Grown Ups@},The @user off to china. Dont they know theres a travel ban on @user,the off to china dont they know theres a travel ban on,12,News & Social Concern|Travel & Adventure,0.7499239,0.24163546,0.008440676,-0.7414832,0.7499239,Negative
1259629623861788672,2020-05-10,2020,2020-05,President of the United States: Approve Potential Life Saving Medication FBL-OG3 for Pancreatic Cancer Treatment - Sign the Petition! {{URL}} via {@Change org@},President of the United States: Approve Potential Life Saving Medication FBL-OG3 for Pancreatic Cancer Treatment - Sign the Petition! http via @user,president of the united states approve potential life saving medication fbl og for pancreatic cancer treatment sign the petition via,20,News & Social Concern,0.0048993663,0.33616197,0.65893865,0.65403926,0.65893865,Positive
1228946015916625920,2020-02-16,2020,2020-02,The Graveyard Talks Back: Arundhati Roy on Fiction in the Time of Fake News {{URL}} di {@Literary Hub@},The Graveyard Talks Back: Arundhati Roy on Fiction in the Time of Fake News http di @user,the graveyard talks back arundhati roy on fiction in the time of fake news di,15,News & Social Concern,0.08238546,0.86880344,0.048811175,-0.033574283,0.86880344,Neutral
1223933413603733504,2020-02-02,2020,2020-02,"ThePrint reporters hit the ground.. Modi wants to double farmers’ income by 2022. But it is only their debt that’s growing Continuing the series on Econ distress from UP, Bihar by {@Sanya Dhingra@} & {@Praveen Jain@} #RuralIndiaInCrisis {{URL}}","ThePrint reporters hit the ground.. Modi wants to double farmers’ income by 2022. But it is only their debt that’s growing Continuing the series on Econ distress from UP, Bihar by @user & @user #RuralIndiaInCrisis http",theprint reporters hit the ground modi wants to double farmers income by but it is only their debt that s growing continuing the series on econ distress from up bihar by ruralindiaincrisis,32,Business & Entrepreneurs|News & Social Concern,0.40829277,0.54118544,0.05052178,-0.35777098,0.54118544,Neutral
1249333107389599745,2020-04-12,2020,2020-04,Happy Resurrection day to all my brethren. Jesus Christ is our substitute in death and resurrection. He that hath Jesus Christ have eternal life. Rejoice exceedingly all those who are in Christ. #HeIsRisen. {{USERNAME}} {@Jill Biden@} {@Jesus Culture@} {@Travis Greene@} {@Sinach@},Happy Resurrection day to all my brethren. Jesus Christ is our substitute in death and resurrection. He that hath Jesus Christ have eternal life. Rejoice exceedingly all those who are in Christ. #HeIsRisen. @user @user @user @user @user,happy resurrection day to all my brethren jesus christ is our substitute in death and resurrection he that hath jesus christ have eternal life rejoice exceedingly all those who are in christ heisrisen,33,Arts & Culture|Diaries & Daily Life|Other Hobbies,0.0027853698,0.025804903,0.97140974,0.96862435,0.97140974,Positive
1426873988538589188,2021-08-15,2021,2021-08,Pre-save my new album Inside the Show 2 on Spotify: {{URL}} (powered by {@DistroKid@} ),Pre-save my new album Inside the Show 2 on Spotify: http (powered by @user ),pre save my new album inside the show on spotify powered by,12,Music,0.0026251303,0.56903285,0.42834207,0.42571694,0.56903285,Neutral
1231726636493467649,2020-02-23,2020,2020-02,Watch: Tyson Fury Tastes Deontay Wilder’s Blood Before Singing ‘American Pie’: {{URL}} via {@Sputnik@},Watch: Tyson Fury Tastes Deontay Wilder’s Blood Before Singing ‘American Pie’: http via @user,watch tyson fury tastes deontay wilder s blood before singing american pie via,13,Film Tv & Video|Sports,0.0076627517,0.9427234,0.049613934,0.041951183,0.9427234,Neutral
1241847114130284544,2020-03-22,2020,2020-03,Watching {{USERNAME}} live as he plays some Animal Crossing. Living thru him cause I don t have a switch,Watching @user live as he plays some Animal Crossing. Living thru him cause I don t have a switch,watching live as he plays some animal crossing living thru him cause i don t have a switch,18,Gaming,0.03113857,0.33680966,0.63205177,0.60091317,0.63205177,Positive
1241663650244378625,2020-03-22,2020,2020-03,"I request all the country men to give holidays to your servant s who are working at your house, residence, bangalows. By this we can stop spreding of covid19. A work yourself in your houses. For sometime ... {@Narendra Modi@} {@PMO India@}","I request all the country men to give holidays to your servant s who are working at your house, residence, bangalows. By this we can stop spreding of covid19. A work yourself in your houses. For sometime ... @user @user",i request all the country men to give holidays to your servant s who are working at your house residence bangalows by this we can stop spreding of covid a work yourself in your houses for sometime,37,Diaries & Daily Life|Fitness & Health|News & Social Concern,0.11820833,0.71422297,0.16756868,0.049360357,0.71422297,Neutral
1432038870460157953,2021-08-29,2021,2021-08,Attention everyone - don’t fly {{USERNAME}} {@Delta@} … apparently my friend told me the flight company they have their own variant of covid they are manufacturing and spreading called the Delta variant - stay safe #how us non vaccinated folks role!,Attention everyone - don’t fly @user @user … apparently my friend told me the flight company they have their own variant of covid they are manufacturing and spreading called the Delta variant - stay safe #how us non vaccinated folks role!,attention everyone don t fly apparently my friend told me the flight company they have their own variant of covid they are manufacturing and spreading called the delta variant stay safe how us non vaccinated folks role,37,Business & Entrepreneurs|Fitness & Health|News & Social Concern|Travel & Adventure,0.7154079,0.26071754,0.023874544,-0.6915334,0.7154079,Negative
1259361743224147973,2020-05-10,2020,2020-05,"Happy Mommy’s Day to all you Queens out there, especially to our Queen here whom {{USERNAME}} and I have to now pay back her years of thankless child-rearing as her official photographers (and editors). Thank you… {{URL}}","Happy Mommy’s Day to all you Queens out there, especially to our Queen here whom @user and I have to now pay back her years of thankless child-rearing as her official photographers (and editors). Thank you… http",happy mommy s day to all you queens out there especially to our queen here whom and i have to now pay back her years of thankless child rearing as her official photographers and editors thank you,37,Diaries & Daily Life|Family|Relationships,0.0029439281,0.014782186,0.9822739,0.97932994,0.9822739,Positive
1170848812153409539,2019-09-08,2019,2019-09,I like the {@NFL@} because I remember being a kid 35 years ago {@Larry Fitzgerald@} making incredible catches to save the game. {@Arizona Cardinals@},I like the @user because I remember being a kid 35 years ago @user making incredible catches to save the game. @user,i like the because i remember being a kid years ago making incredible catches to save the game,18,Sports,0.0037481622,0.028710427,0.9675414,0.9637932,0.9675414,Positive
1223936815910047744,2020-02-02,2020,2020-02,A huge welcome to the choirs of {{USERNAME}} {{USERNAME}} {{USERNAME}} {{USERNAME}} {{USERNAME}} {{USERNAME}} who join with the orchestra for the first time today ready for #Beethoven250 next weekend at Christchurch Priory. Certain areas of the Priory are now SOLD OUT. {{USERNAME}},A huge welcome to the choirs of @user @user @user @user @user @user who join with the orchestra for the first time today ready for #Beethoven250 next weekend at Christchurch Priory. Certain areas of the Priory are now SOLD OUT. @user,a huge welcome to the choirs of who join with the orchestra for the first time today ready for beethoven next weekend at christchurch priory certain areas of the priory are now sold out,34,Arts & Culture|Music,0.0013902042,0.043105893,0.95550394,0.9541137,0.95550394,Positive
1330600488174235649,2020-11-22,2020,2020-11,"Our new single, Television Hill, will be available first on {@bandcamp@} - so follow us over there if you want it first!! {{URL}}","Our new single, Television Hill, will be available first on @user - so follow us over there if you want it first!! http",our new single television hill will be available first on so follow us over there if you want it first,20,Music,0.0022041735,0.34258154,0.65521425,0.6530101,0.65521425,Positive
1273215331150921728,2020-06-17,2020,2020-06,"3,640 for All albums including the Limited Version is Worth It {@Stray Kids@} I love youuuu ❤️ #神메뉴 #StrayKids #Stay #YouMakeStrayKidsStay #스트레이키즈 #StrayKids_GO生 #StrayKidsComeback","3,640 for All albums including the Limited Version is Worth It @user I love youuuu ❤️ #神메뉴 #StrayKids #Stay #YouMakeStrayKidsStay #스트레이키즈 #StrayKids_GO生 #StrayKidsComeback",for all albums including the limited version is worth it i love youuuu straykids stay youmakestraykidsstay straykids go straykidscomeback,19,Music,0.002020284,0.021373596,0.97660613,0.97458583,0.97660613,Positive
